date,open,high,low,close,volume
2021-07-23,108.44966920224547,108.44966920224547,106.31109549897482,107.65692138671875,5773900
2021-07-26,106.73512278857095,107.0208782702105,105.88706927141729,106.60607147216797,6440600
2021-07-27,106.30188856565546,106.37563419306032,103.28760813137521,104.66108703613281,11127500
2021-07-28,105.02979589880138,106.47702026228484,104.97448316830956,106.07142639160156,6819700
2021-07-29,106.92869954853559,107.95189714994054,106.56919844888189,107.06697082519531,7162000
2021-07-30,106.46781094067217,108.23766377234062,106.18205543019226,107.51866149902344,6482600
2021-08-02,108.31142472119676,109.12260562560901,107.53711663509019,107.72147369384766,6028800
2021-08-03,108.13626848792241,109.36226318646054,107.70302171229086,109.15025329589844,5874700
2021-08-04,109.1686893580339,110.20110708670646,109.03041805904118,109.4544448852539,4254000
2021-08-05,109.75863270232382,109.91533688165664,108.99353766284725,109.89690399169922,4452300
2021-08-06,109.1133802334281,109.32539012350779,108.26531957479884,108.96588897705078,4338100
2021-08-09,109.15946995946733,109.50053822770712,108.14549214957094,108.97511291503906,4280200
2021-08-10,109.23320110404603,109.74019345814308,105.15885048068807,107.26055145263672,5132800
2021-08-11,107.3896142225756,108.11783648484138,106.19127236664048,106.91949462890625,4490400
2021-08-12,106.51390401541357,106.88261808180614,105.49070630580314,106.65216827392578,6338400
2021-08-13,106.07142243034647,106.48622921331295,105.53677726309752,106.4677963256836,4593200
2021-08-16,106.09909456042263,106.44938278396253,105.1772952905097,105.66584777832031,5435900
2021-08-17,104.8362207433071,104.94683214067166,102.0892561735198,102.42110443115234,13398800
2021-08-18,103.00183537420094,104.16330427601154,101.7481879636557,101.81271362304688,9167300
2021-08-19,100.4761188967862,102.29206455621906,99.25934416026438,101.87725067138672,12146900
2021-08-20,100.60517204395757,101.13059734800272,99.30543872669654,99.6649398803711,13042000
2021-08-23,101.4716561615496,102.62390514494446,100.72499403802635,102.2828369140625,9533500
2021-08-24,103.07558054011594,104.22782947614512,103.057147651558,103.34290313720703,6719800
2021-08-25,106.66139900101538,109.86004378248519,106.56922047511343,107.878173828125,22106800
2021-08-26,108.75387528868629,109.19633497682477,107.25133805609244,108.86448669433594,9892100
2021-08-27,109.07648431349403,109.9706305257552,108.48653347849529,109.22396850585938,6827700
2021-08-30,109.58348464464531,110.1550026714743,109.20555063561605,109.68488311767578,6434200
2021-08-31,110.62512255252,111.35334475517949,109.41756083361315,109.70332336425781,8424900
2021-09-01,110.81871002343162,111.86956063485702,110.21031912588515,111.0399398803711,8603900
2021-09-02,111.48241040167885,111.8972172765815,111.03994364004818,111.3441390991211,6866400
2021-09-03,112.0723670278528,114.74558655816061,111.77739151619772,114.27546691894531,10361400
2021-09-07,114.87463328683586,115.48301717832926,114.20171669176537,114.94837188720703,9739900
2021-09-08,113.35365338508753,113.51035756763154,111.74972468066692,112.35810852050781,7983300
2021-09-09,112.63466215629583,113.83299706321945,112.34889958228736,113.08634185791016,5101300
2021-09-10,113.39975396114201,114.6165288327603,113.2799225763632,113.35366821289062,5163900
2021-09-13,113.32600367329879,114.39528716161747,112.64386715490608,113.95282745361328,6622800
2021-09-14,113.9620286815947,113.9620286815947,112.82821964257387,113.4642562866211,5110500
2021-09-15,112.8374444761758,112.92040302920243,111.42708577979461,111.99860382080078,5566500
2021-09-16,111.0702545390602,112.11616356043997,110.46862258130896,111.80146789550781,7301400
2021-09-17,111.2461013279523,111.50526408642341,108.93213803923814,108.9876708984375,10722700
2021-09-20,106.62744269567203,107.37717172391342,105.10023232843008,106.1646499633789,8991000
2021-09-21,107.04394483376022,107.2475747362383,106.02580238302544,106.40528869628906,8182200
2021-09-22,106.65519981111422,107.59003590237978,106.35901279040179,107.24757385253906,5345600
2021-09-23,108.2657099570065,108.2657099570065,106.98839776736288,107.54375457763672,5484700
2021-09-24,107.36790980583046,107.88623538654234,106.93288352416594,107.03469848632812,4455900
2021-09-27,107.09022672256665,107.89548855349311,106.45157760584469,107.50674438476562,5198800
2021-09-28,105.82219402753584,106.47935889828834,103.52673883446961,103.5730209350586,9792300
2021-09-29,103.94324879088181,104.45231655105101,102.75849348387426,103.31385040283203,6522400
2021-09-30,104.06358463415125,104.91512165325146,103.34162902832031,103.34162902832031,6433400
2021-10-01,103.66556060048177,103.94323903389542,102.09206830888682,103.25830078125,5315200
2021-10-04,102.73998809892797,103.13799013709279,100.44453300544455,100.9073257446289,8514500
2021-10-05,101.62927249414666,102.13834019083464,101.09243130564892,101.12945556640625,8039600
2021-10-06,100.37048524075102,101.37011212785293,99.57448121433126,101.20350646972656,7553600
2021-10-07,102.73997415794767,103.39713891101873,102.26792365076913,102.58262634277344,7821900
2021-10-08,102.72147776563484,102.80477706768917,101.36086600549402,101.85142517089844,5143400
2021-10-11,101.88844043050453,103.39714205926768,101.72183477946609,102.05504608154297,5318500
2021-10-12,102.2494108788061,102.76773639548085,100.48153953754604,101.07391357421875,9294600
2021-10-13,101.18498585483138,101.86066623858098,100.8425167477726,101.7958755493164,7845100
2021-10-14,105.6463179362683,106.2016677689057,102.88807737411823,104.18389129638672,16930500
2021-10-15,106.23868798659058,106.39603580520836,104.55412289014107,106.31273651123047,11558800
2021-10-18,104.9798892274796,106.76626924438416,104.9798892274796,106.75701141357422,6773800
2021-10-19,107.18279431290394,108.27498538946453,107.02543942486204,108.2564697265625,5406100
2021-10-20,108.18241694026433,108.32125615993957,106.95139374867261,106.98841094970703,8205800
2021-10-21,106.45155880345888,107.69183961651737,106.08132330078378,107.63630676269531,4640300
2021-10-22,107.59003566744897,108.43232169861875,105.7296142578125,105.7296142578125,6283000
2021-10-25,105.88695661118877,106.0257958144274,104.69295076198483,105.18350982666016,6667700
2021-10-26,106.38677350571912,106.71998476882933,105.25755834314063,105.6833267211914,4852300
2021-10-27,105.54450213786338,106.49785397095339,105.24831509203291,105.28533935546875,5394500
2021-10-28,105.2020274697021,107.38640225776761,105.09095469268642,107.37715148925781,5714300
2021-10-29,105.58152094167787,105.6925937262418,104.79477480390364,105.23905181884766,7118900
2021-11-01,105.12799065744653,105.83143047190615,104.91510290987577,105.6278076171875,4955700
2021-11-02,105.13722959797897,106.25719401203287,105.09095457051775,105.61853790283203,4479700
2021-11-03,104.99842513455651,105.60930791434055,104.3412602534546,105.52600860595703,6073000
2021-11-04,104.93361090573269,109.080229209904,104.04504984055312,109.02469635009766,14682800
2021-11-05,109.37642049943453,110.63521715630367,107.59929829973314,109.0339584350586,8668100
2021-11-08,109.58006487647943,113.1528254093472,108.33978371762052,111.91254425048828,15776300
2021-11-09,112.22723716115352,114.09691668549289,111.22760316834318,112.7177963256836,10874100
2021-11-10,110.70000329956241,111.81070992496943,108.92288117289792,109.40418243408203,9046100
2021-11-11,110.38531935593839,111.50527686866202,109.03396548781758,109.39494323730469,6994000
2021-11-12,109.58006384235178,109.97806587914808,108.54340556794689,109.85774230957031,6947200
2021-11-15,110.44083870546994,110.73702572166395,108.76553155715273,109.33013916015625,5157000
2021-11-16,108.93214361131898,109.57079270974641,108.44158449888346,109.29312133789062,5555100
2021-11-17,109.21906948811157,110.65372958147363,108.76553465139911,110.20018768310547,6391400
2021-11-18,111.042491886358,114.36534039153482,110.88514404853412,114.20799255371094,13229700
2021-11-19,112.94919355704087,115.51306925853847,112.93993572509478,115.01325225830078,9071800
2021-11-22,114.30979983648938,118.55823354203187,114.04137921619521,115.46678161621094,16076100
2021-11-23,113.58784490430803,114.03212195541713,110.62596729640303,112.32904815673828,10984000
2021-11-24,111.07024459633007,111.87550641184961,109.58930941404353,111.72740936279297,6992600
2021-11-26,108.75629397376203,110.18169646132759,107.84921709561783,108.37680053710938,6766900
2021-11-29,109.55228699113422,110.9591736725137,109.12651856043179,110.40382385253906,7634000
2021-11-30,109.31163054542091,111.22759197466125,107.14576417395615,108.43232727050781,10561800
2021-12-01,110.3482943255492,114.31905660399549,110.3482943255492,111.65336608886719,12924400
2021-12-02,111.39419894372394,114.21723717416921,111.08875407387457,112.64373779296875,8425500
2021-12-03,111.99582963094906,112.78257578214107,109.20056492414821,110.45010375976562,7809000
2021-12-06,110.04284224776673,110.60744987902729,107.90474233828695,110.27423858642578,5681200
2021-12-07,111.57006471239188,113.45825977154263,111.31090193083993,113.21760559082031,7459200
2021-12-08,112.5789503509916,113.12504941240564,111.17206364148264,112.7363052368164,5795700
2021-12-09,112.16244384282314,113.00472292071987,110.5982021903137,110.60746002197266,6103900
2021-12-10,111.07024595623828,111.80145925618224,109.44121370494976,110.26498413085938,5973900
2021-12-13,110.01509909369538,110.17244694247736,107.72890165417141,107.75666809082031,5854300
2021-12-14,106.84956073304501,108.27496282826849,106.673697280402,107.63630676269531,6267300
2021-12-15,108.09912664933275,111.54230568812147,107.81219741665257,111.44049072265625,6700700
2021-12-16,111.84570051945792,112.22676374199125,107.94216374738785,108.34181213378906,9116100
2021-12-17,108.08157763201716,109.19687183012998,107.7469879544098,108.10945892333984,11725600
2021-12-20,107.73771114196558,108.38830544989132,105.86959337975843,106.82688903808594,6980800
2021-12-21,107.87711341785847,109.20617609998665,106.95699528126761,109.1504135131836,6122900
2021-12-22,108.66709945918066,112.86805533947158,108.58345559026449,112.7379379272461,9300100
2021-12-23,112.42194750350663,113.19336303744261,111.38100098454959,112.16171264648438,6512500
2021-12-27,112.6635793666755,114.55958499891561,112.64498711362008,114.03910827636719,6309900
2021-12-28,114.67113199315655,114.9313739494279,113.26772152746594,113.44430541992188,6321000
2021-12-29,113.20265040772246,114.45735813750755,112.43123493346563,112.84017944335938,5847700
2021-12-30,112.45912115607948,112.97030181586332,111.70629790336854,111.92005920410156,4187800
2021-12-31,112.7844015904119,113.15616865509074,111.73416619174618,111.81781005859375,3888200
2022-01-03,115.36819458526936,120.44279581583928,115.24737327889926,119.70856475830078,18592000
2022-01-04,121.63243926568916,125.93563181340994,121.10268051374437,123.98385620117188,25554900
2022-01-05,121.48373222412278,121.641730930985,117.92406716552013,118.09136199951172,17891200
2022-01-06,118.03559269592525,119.89442092735713,116.00017351342989,119.4018325805664,16249000
2022-01-07,117.61736995762267,118.16572093252499,114.60606284134904,114.78265380859375,21248100
2022-01-10,116.27902094228706,116.98537777934085,114.55960594535574,116.18608093261719,11857700
2022-01-11,117.6080724326642,120.4056111295114,116.64148082433138,120.05242919921875,12113100
2022-01-12,121.2885333767991,123.53771367324289,121.0282985776557,122.89641571044922,16389200
2022-01-13,130.81505731884695,134.7650679306061,129.11422751832822,129.36517333984375,52020000
2022-01-14,126.48397000512938,133.72411427472892,126.48397000512938,130.7313995361328,28255300
2022-01-18,127.09740239158113,127.49704372349485,123.88162275289775,124.38351440429688,15191400
2022-01-19,125.11772837444056,126.30737735227828,121.69749110859071,121.76254272460938,11155100
2022-01-20,122.60832216072352,123.37973766488095,119.15090012890892,119.271728515625,11421900
2022-01-21,118.10996119304964,118.94643541215267,115.49830240391307,115.73995208740234,15573700
2022-01-24,115.03360356788855,117.17125927150664,111.65053611912951,117.06902313232422,17083400
2022-01-25,116.63218743333212,116.93889582498176,113.10970672031024,113.83465576171875,11370500
2022-01-26,116.52992859429703,117.72887354457603,113.28627561321336,114.39228057861328,13592100
2022-01-27,115.24736906177522,115.37748649183358,107.83993622221737,108.16522979736328,18599800
2022-01-28,110.33075720186632,111.15793526038215,106.12980819988253,109.30840301513672,14005900
2022-01-31,111.08356647614356,114.10416220227647,110.42368333764621,113.97404479980469,10189100
2022-02-01,114.22501210428585,114.54100954390177,111.6226493824943,114.36442565917969,6956300
2022-02-02,117.31993984240448,117.54299723122615,113.89969582005068,115.38675689697266,8562900
2022-02-03,112.87734643344922,115.13582311663603,110.8326381261687,111.38098907470703,9926800
2022-02-04,111.93862926675784,113.23051421532028,110.96274168823622,112.4776840209961,5743200
2022-02-07,113.90899691103232,115.34029556495018,113.27699500009284,113.67664337158203,6562900
2022-02-08,113.38853156016772,115.11724252663312,113.02606059212184,114.97782897949219,7036200
2022-02-09,116.06524018962236,116.68795307898083,114.0948866671293,116.66006469726562,10979700
2022-02-10,115.9909004198461,119.57843996686158,115.58195588364705,115.9072494506836,10474900
2022-02-11,116.64147416594756,117.64524313547857,111.94792993885939,112.4684066772461,9845700
2022-02-14,111.48322806358716,112.9702964244003,109.67087324878891,111.31593322753906,8081800
2022-02-15,113.40711637973293,115.81430281984636,112.88664670224571,115.73065185546875,9248700
2022-02-16,114.4480654065009,115.5168931676161,112.98888537846743,114.87559509277344,5749500
2022-02-17,113.8439450877357,114.08559476881935,111.20441212358483,111.30664825439453,7976700
2022-02-18,112.01299516626607,112.17100096777696,110.08910807475529,110.8884048461914,8389000
2022-02-22,109.20616498260073,110.93487590619044,107.55180889442437,108.6578140258789,9793500
2022-02-23,110.18207326902105,110.99995533866809,107.58900639949884,107.71912384033203,8114700
2022-02-24,100.3767248906957,104.07579620572318,97.01224322590654,103.98284912109375,27539100
2022-02-25,104.36393823362624,105.02382157135617,101.64075390393774,103.3787612915039,14258900
2022-02-28,101.65003742434205,102.02179744560999,97.58849466509197,99.45661926269531,26390800
2022-03-01,102.23557281887938,103.26722325732118,99.49380347508405,100.4232177734375,20377900
2022-03-02,100.7484947571921,102.20767468151183,100.24661026788333,101.87308502197266,13342400
2022-03-03,102.1519159782877,102.23555985091298,100.00496439962866,101.11096954345703,10841700
2022-03-04,99.44731469415902,100.48826110161384,96.48248126737712,97.64424896240234,22372100
2022-03-07,95.99919684381616,96.74272397466024,92.06777152371795,92.28153991699219,29422900
2022-03-08,93.1365899976372,95.83189241831307,91.65882492057106,92.94141387939453,25650000
2022-03-09,97.13309285426078,98.25768333386338,95.50661778947817,97.54203033447266,14348400
2022-03-10,96.83567085862677,98.08108252277098,95.2835437060146,96.62190246582031,11811000
2022-03-11,97.92309098879481,97.92309098879481,94.14967120859978,94.25190734863281,18116400
2022-03-14,94.3541260787782,94.67013059273914,92.0770641344223,92.29083251953125,17959400
2022-03-15,91.11047634794768,94.93036942213357,90.7294201987426,94.88389587402344,13415600
2022-03-16,96.18199694528361,98.79690995195428,96.01389529306815,98.70352172851562,20347100
2022-03-17,98.75955639178709,99.48799453296434,97.82565987744394,99.45063781738281,8042000
2022-03-18,98.72222855813769,99.96431299561081,97.95643347733979,99.66546630859375,10218200
2022-03-21,99.66544978081232,100.13239809715792,98.18055042979911,99.85222625732422,10366100
2022-03-22,99.35726020938328,100.82347760859572,99.2078404561535,99.96429443359375,10401200
2022-03-23,99.45997634779032,101.03826369849429,98.38599395751953,98.38599395751953,12905300
2022-03-24,99.72146847001527,100.84214856011353,98.83426963311932,100.7861099243164,10834000
2022-03-25,100.57133702729084,100.84216792294052,98.8436224472819,99.67479705810547,7432100
2022-03-28,98.63816562526544,99.66545050366322,97.69492802438783,99.30123138427734,8151200
2022-03-29,100.7861216553035,102.50449514343805,99.73082103831449,102.02820587158203,14076200
2022-03-30,100.66472527146438,102.11226086882006,99.4693386458839,99.67479705810547,15456300
2022-03-31,99.88956728365783,100.06700989601163,97.30267715256717,97.36804962158203,13021600
2022-04-01,98.77823948491071,98.94634115661646,95.45356989458107,95.99523162841797,12085100
2022-04-04,97.14390993253922,98.59145234471404,96.45282852369272,97.8630142211914,9077200
2022-04-05,97.57351404394636,97.68557706917522,95.36017666982896,95.72439575195312,12291000
2022-04-06,93.7818900676491,95.38819327754187,93.12816533109519,94.49165344238281,14902600
2022-04-07,93.78189405341595,94.53835513793851,93.06279681264473,93.87528228759766,12431000
2022-04-08,93.96869265201325,94.04339897624857,92.5678475404004,92.72660827636719,11796200
2022-04-11,91.72732688982315,91.87674664355468,90.50392460119977,91.12029266357422,12480500
2022-04-12,93.38967476104901,93.52976069820393,90.9989013671875,90.9989013671875,13291500
2022-04-13,93.20286058820095,95.46288809388086,92.92268882713881,94.79048156738281,15776800
2022-04-14,97.12526277431031,97.59221115303296,91.83006986961155,91.85808563232422,17828500
2022-04-18,91.47516428099318,93.24022819161712,91.02689792674293,92.24095916748047,10277400
2022-04-19,91.93276161078175,92.87599182128906,91.25101412070025,92.87599182128906,10103000
2022-04-20,93.76321883639912,94.3235553640437,92.3623739547549,92.46510314941406,8596900
2022-04-21,93.15619397676278,93.9967024151002,90.9708791621517,91.20435333251953,13038500
2022-04-22,90.61599129805383,91.32575475089907,89.05638559416091,89.35523223876953,11650100
2022-04-25,88.76687226695856,89.91556106369548,88.20652862213863,89.87820434570312,10654400
2022-04-26,88.66413401714352,88.73884032043193,86.6375732421875,86.6375732421875,14176000
2022-04-27,85.76905391022677,86.5628716609182,84.25614609140281,84.29350280761719,15846300
2022-04-28,86.06790756240301,89.84084327080909,85.71302232121877,88.92562866210938,15176200
2022-04-29,87.02047668991172,89.27116356371282,86.63757570252692,86.78700256347656,10629300
2022-05-02,86.38542225841628,88.0384158520084,85.20871072777005,87.5621337890625,8251900
2022-05-03,86.6469317495907,87.83298450843344,86.39478278416505,87.44074249267578,9511900
2022-05-04,87.70222270277579,89.71943541399948,85.84376355960316,89.64472198486328,9082500
2022-05-05,87.82364260547166,88.14116404927617,85.19005431395041,86.05857849121094,11517200
2022-05-06,85.35813718827335,86.74029994801433,84.30282963684823,85.57292938232422,7944900
2022-05-09,83.99464550140422,84.22811960419882,81.258328731649,81.52915954589844,11428600
2022-05-10,84.06934988080313,84.32150589610308,82.26692956335718,82.94867706298828,11690400
2022-05-11,82.99538499547408,84.58300620454305,81.99611601975222,82.02413177490234,11531300
2022-05-12,80.52055783783382,82.37900988861324,79.74542202831472,81.89338684082031,11592900
2022-05-13,82.99539460527357,85.32079517782829,82.3323288647084,84.94723510742188,11180600
2022-05-16,83.92928115478793,85.33012590703724,83.58373688420974,84.43358612060547,6729100
2022-05-17,87.13254743378945,87.30998292605413,86.26402339248567,87.1512222290039,7668800
2022-05-18,85.98384809272501,87.06717142280453,84.39622693664533,84.54564666748047,9610900
2022-05-19,83.90128180439059,86.01189048470758,83.63979185064753,84.246826171875,7739000
2022-05-20,86.88973726017963,86.88973726017963,82.95803357664734,84.77912902832031,10469900
2022-05-23,85.00326458717915,85.83443910832125,84.65772740851294,85.4515380859375,6920500
2022-05-24,83.6024138488702,83.86391086113095,82.66851732313407,82.85530090332031,8788600
2022-05-25,83.42497618897038,84.90986820632354,83.15414534852773,84.43358612060547,9113500
2022-05-26,83.49970397971069,85.33014058244765,83.15415964970445,84.9845962524414,9762700
2022-05-27,86.49750442274095,87.61817747672318,86.41345002490625,87.57147979736328,6279000
2022-05-31,89.22447649786635,89.92489890452475,88.26256419939924,89.0003433227539,9621700
2022-06-01,89.28051264238259,89.99027604630493,87.62751881193768,88.48670196533203,6152400
2022-06-02,87.77692527453289,89.99960338390419,87.43138814833375,89.9715805053711,6335000
2022-06-03,88.12248248853483,88.32794087761353,86.7589943269991,87.57147979736328,9137100
2022-06-06,88.72018812672513,89.22449320897977,86.7309906842762,86.95512390136719,9440200
2022-06-07,86.54419120098873,87.65553037066208,85.70368288464188,87.63684844970703,7360200
2022-06-08,87.78627721139797,88.65480130285378,86.98312559456507,87.29131317138672,6446300
2022-06-09,86.85239224981149,87.31934059524059,84.79782237994999,84.84451293945312,8086700
2022-06-10,84.55499556269612,84.72309722882734,82.7712497095779,82.81794738769531,10460400
2022-06-13,80.37112611407883,81.09023036978373,79.39987295219376,79.89484405517578,14603700
2022-06-14,81.00619486173053,82.07083649159489,80.58594421180842,81.42645263671875,10449600
2022-06-15,81.72529695933544,83.87325495624114,81.59455199974404,83.23820495605469,11742500
2022-06-16,80.0058613932302,80.6724195665225,78.85111512852198,79.34868621826172,10505200
2022-06-17,79.7993392944336,80.36262731575749,78.81357988516991,79.7993392944336,9735500
2022-06-21,80.73813302260038,82.38106014806027,80.73813302260038,81.6300048828125,9604000
2022-06-22,79.46134429214332,80.90712103885134,79.3768543341834,79.71482849121094,7868700
2022-06-23,78.98254278765683,79.07643006458323,77.6963701798508,78.97315979003906,10370300
2022-06-24,79.00133211456652,81.25449092839158,79.00133211456652,80.66303253173828,10670100
2022-06-27,81.6018546390103,81.67696161008836,80.3438451051304,80.6067123413086,7358000
2022-06-28,80.87894824675325,81.4985626870034,79.1796875,79.1796875,8289200
2022-06-29,79.26420406274848,79.43319116294082,78.2315083005041,78.53192901611328,7981300
2022-06-30,76.4759039820139,77.18940571353511,75.2178947452779,76.74816131591797,14201600
2022-07-01,74.20397217140243,74.3729592346792,71.5189594785568,72.28878784179688,19531700
2022-07-05,69.9887121531317,71.49081581599762,69.22826657802828,71.45326232910156,22253100
2022-07-06,69.74460473782061,71.63162590871777,69.2658068246629,70.93689727783203,11530500
2022-07-07,73.79088733942515,76.00649220634845,73.54679333541688,75.71546173095703,15847800
2022-07-08,75.0301372134556,77.1330892074698,74.8799304496513,76.52285766601562,10004200
2022-07-11,74.88931363816054,75.35872141545592,73.99744172633707,74.26969909667969,9519600
2022-07-12,76.1942643546621,76.49468500819431,74.1007027772455,74.26029968261719,10363700
2022-07-13,74.42929349117482,76.72000565851701,74.07254617109449,76.31631469726562,14706500
2022-07-14,77.87474140388925,78.89805400430451,75.5840364972838,78.55068969726562,23377000
2022-07-15,80.34383348030971,80.77568775763173,78.83233992838572,80.3907699584961,14061000
2022-07-18,80.79445237240735,80.81323269177106,78.26904377507233,78.46619415283203,11352500
2022-07-19,79.79931283200375,81.17937268228982,79.38623174413759,80.87895202636719,10673100
2022-07-20,79.96832239785772,81.4422627748292,79.90260558471614,81.26388549804688,11664800
2022-07-21,81.37654649031302,82.42802267000414,81.11367923603912,82.41863250732422,7135000
2022-07-22,82.06187937199901,82.36230009337606,80.55038560309089,81.03856658935547,8612100
2022-07-25,81.019775390625,81.39529583679867,80.39076360183799,81.019775390625,5960900
2022-07-26,79.57399220787214,79.98706609720796,78.71966678912756,79.25479125976562,6977700
2022-07-27,80.090357789632,82.52189395599937,80.090357789632,82.2684097290039,9399500
2022-07-28,81.7989883843233,83.19782857564584,81.160593585542,83.18843841552734,10668200
2022-07-29,82.4467845248278,83.75173761713283,82.41862120324625,83.06640625,10366200
2022-08-01,80.08098371473586,81.57369727025413,79.14216799551315,81.02918243408203,20102600
2022-08-02,79.34869365925621,82.15575754164732,79.02010962225579,80.78508758544922,15541600
2022-08-03,80.70058279312452,81.4610210869324,79.38623960730544,81.21693420410156,20779400
2022-08-04,81.67695441328816,83.01007080078125,81.32020707599396,83.01007080078125,13472500
2022-08-05,82.64392882605019,85.41343889911028,82.62515566724913,84.2774658203125,13293500
2022-08-08,83.53581735037028,83.64847064115632,81.59246929576848,82.5594482421875,12120300
2022-08-09,81.62061376638502,81.80837398272425,79.27357524917903,79.9964599609375,13075000
2022-08-10,81.49856141397518,83.24475860595703,81.02915372070248,83.24475860595703,10704600
2022-08-11,84.45585154681186,85.43222064223447,83.84561996684839,84.04277038574219,11158800
2022-08-12,84.19297861704179,85.76079886291657,84.15542513561677,85.30078125,12098800
2022-08-15,84.50278861418508,86.3147028897424,84.49339845327502,85.96733856201172,15949500
2022-08-16,85.56364198929528,85.7607923799276,83.15088650023266,84.44644927978516,10566100
2022-08-17,83.55457985213685,84.27746463864213,83.06639894162073,83.74234008789062,9093100
2022-08-18,83.28232528459667,84.1835873390561,83.01006791982338,83.80805969238281,10947700
2022-08-19,83.08517869320016,83.16966865721571,81.69572848554634,81.86471557617188,9602800
2022-08-22,80.1842241124691,80.76628505724872,79.74297974297949,80.02462005615234,8054000
2022-08-23,79.94953903733463,81.30142861560756,79.78993494355285,80.76630401611328,8462500
2022-08-24,80.55038652836022,80.86019025272383,79.98709140203715,80.32506561279297,7085800
2022-08-25,81.047952569238,82.23085506966174,80.74753186336291,82.21208190917969,6602100
2022-08-26,82.14637791469393,82.41863534100841,79.47075446656305,79.55524444580078,9381500
2022-08-29,78.77601017788076,79.1609207992185,77.71514410393863,77.7808609008789,9639700
2022-08-30,78.65395838437409,78.84172577462631,76.72939098179539,77.72453308105469,8392300
2022-08-31,78.96375338483062,79.6772549996417,77.97799448064961,78.25025177001953,8887100
2022-09-01,76.4665354457556,76.82328999369753,75.21791601574479,76.64491271972656,11566000
2022-09-02,76.56040390806712,77.90291030728125,75.67791508040936,75.9501724243164,8850100
2022-09-06,76.07223087090199,76.07223087090199,74.65461723578703,75.13341522216797,12704400
2022-09-07,73.59376127975108,75.27424222239094,73.44355449407685,75.05831146240234,9843500
2022-09-08,74.17582715775082,75.79997423533635,73.95050624272095,75.33056640625,8181700
2022-09-09,75.88446556057681,76.663684216238,75.79996843325965,76.54163360595703,7084700
2022-09-12,76.95470829568164,77.45227936864092,76.75755789861817,77.12369537353516,7903000
2022-09-13,75.49954600046502,76.17549435312063,73.71579499486698,73.98805236816406,12835100
2022-09-14,74.86115632537731,75.25546433352149,74.14766160369606,74.78605651855469,8849600
2022-09-15,74.18935265201587,74.82191474509087,73.3301953469803,73.62287902832031,10533100
2022-09-16,72.80149396583677,73.64176480855794,72.6221078747715,73.53791046142578,10604500
2022-09-19,72.27277915371789,73.8589096069336,72.27277915371789,73.8589096069336,10378600
2022-09-20,73.20746927902138,74.05718340436206,73.17914667536064,73.78338623046875,8202800
2022-09-21,73.24524379932757,74.87857656350225,72.82982635498047,72.82982635498047,10869000
2022-09-22,72.17838019245694,72.46162067895864,71.1492870175034,71.4041976928711,10817900
2022-09-23,70.1485126189701,70.23348043841668,69.0061146680895,69.74253845214844,12685500
2022-09-26,69.36487684958921,70.04464811916627,68.84560512891134,68.93058013916016,13441500
2022-09-27,69.40263848096667,69.90302363408811,68.30744990174753,68.94945526123047,12430600
2022-09-28,67.13674218896462,68.2508101905328,66.7496474073122,68.09974670410156,12943600
2022-09-29,66.57970211663336,66.7307655974604,64.6536931578112,65.40898895263672,16120300
2022-09-30,64.0211236717164,65.75831768126083,63.95503519979968,64.72921752929688,10472400
2022-10-03,64.27605141004015,65.6827960739161,63.870077247606986,65.38067626953125,11945100
2022-10-04,66.84405876433124,68.85504259820551,66.768527028939,68.74174499511719,14900700
2022-10-05,68.84561812726542,70.72443274182584,68.52461896886095,70.3184585571289,14037100
2022-10-06,69.83692905435741,70.73384494433142,69.73307472565276,70.19569396972656,11796800
2022-10-07,67.79764102808598,68.00534976355559,65.85274505615234,65.85274505615234,14758600
2022-10-10,65.94713248816912,65.97545508682326,63.26582083674257,63.67179489135742,16042200
2022-10-11,60.61282575612689,61.283160885083475,59.121110039415775,59.90473556518555,28699300
2022-10-12,60.04636050089893,60.64116397917384,59.8292121399004,60.52786636352539,16468700
2022-10-13,59.53654148881905,66.27759181423359,58.837887196519986,62.89762878417969,36639300
2022-10-14,63.501862094819636,63.68124098224016,60.21630327467697,60.348480224609375,19440900
2022-10-17,61.34925723819963,61.69857894408703,60.46177726585188,61.2642822265625,11280100
2022-10-18,62.21784767963803,62.41611309311381,59.27217467277683,60.150211334228516,16656100
2022-10-19,59.234411081708885,60.527861476062576,58.696256454712746,60.103004455566406,12385200
2022-10-20,60.18798445693904,61.632494931408935,59.83865912421176,60.02748489379883,11300900
2022-10-21,58.554644511057994,60.216303254959776,58.554644511057994,60.18798065185547,13699000
2022-10-24,57.19510850105551,58.17699600889423,56.345394348399736,57.86543655395508,25010800
2022-10-25,56.60975160083038,57.93152844924451,56.184894499443544,57.723819732666016,21700600
2022-10-26,57.45945376535457,58.516872861616186,57.05347968703467,57.44057083129883,14006000
2022-10-27,58.39413252829126,58.960609715597855,57.50665628352752,57.5444221496582,12937600
2022-10-28,57.374490889567895,58.56408709945968,56.713602505604925,58.545204162597656,11972300
2022-10-31,58.148678199908886,58.790683701184165,57.65773260472472,58.11091232299805,10802800
2022-11-01,59.72535185029172,59.885854989047644,58.139225006103516,58.139225006103516,11561900
2022-11-02,59.00782179968364,59.376030031465405,57.13845443725586,57.13845443725586,16547200
2022-11-03,56.64750753700155,57.48777832255216,56.109356503524154,56.911861419677734,11040900
2022-11-04,58.07314236512967,59.00782794445268,57.610523010914285,58.98894500732422,14662800
2022-11-07,59.121118946839445,59.41379905505787,58.50743972848392,59.2532958984375,8507100
2022-11-08,60.77333313612405,62.07622313504299,60.63171293549963,61.38700866699219,14102800
2022-11-09,62.81264774804899,62.87873622323521,61.320928218870314,61.36813735961914,15086800
2022-11-10,63.95504881058185,66.910165748439,63.558517894692656,66.8818359375,21367900
2022-11-11,68.67567262185833,70.43174626420557,68.33578693604244,69.70477294921875,15524700
2022-11-14,69.14773291450086,69.56315033923482,68.2036076423631,68.7323226928711,11575300
2022-11-15,77.34273156493389,78.29629999570193,75.5394562505998,75.96430969238281,48742400
2022-11-16,76.05872944279587,76.06817271236461,74.49148524028033,75.01074981689453,24006600
2022-11-17,74.86914406969895,78.30575981029776,74.29322702277011,76.92733764648438,24278400
2022-11-18,78.15467783471082,78.21132303804389,76.47413624020047,77.67317199707031,18578400
2022-11-21,76.29474038644729,76.50244904286788,75.02961632003425,75.46391296386719,18659700
2022-11-22,76.80458921057026,78.54178345155249,76.69129878825032,77.9281005859375,16504700
2022-11-23,77.83369366606551,78.31519239290819,77.16336555340796,77.38995361328125,14683800
2022-11-25,77.5504573983011,77.76760940299899,76.851806640625,76.851806640625,5908300
2022-11-28,75.78492143041404,76.54966768800868,74.48203133700201,74.79359436035156,13214200
2022-11-29,75.44503996375185,75.7282731710089,74.5481167996808,74.89744567871094,11502300
2022-11-30,76.12481347163964,78.76836695416254,75.97375718289466,78.34351348876953,21667300
2022-12-01,78.40015020414091,78.95718056301062,76.60631104982137,78.06026458740234,15975100
2022-12-02,77.2388739928466,77.56932354831577,76.6157551573995,76.94619750976562,10519800
2022-12-05,77.36162142473007,77.5882094565398,76.42693228769559,77.05950164794922,11523300
2022-12-06,76.85178750149775,76.88955337130545,74.7369492139887,75.11459350585938,13992100
2022-12-07,74.58589669217983,75.25622477276235,74.19880187211014,74.81248474121094,14925300
2022-12-08,75.01075673165317,76.44583130801745,74.68031429732747,76.28533172607422,11197500
2022-12-09,76.33253672526087,77.59766849984624,76.18148040771484,76.18148040771484,13787900
2022-12-12,75.33176497142469,75.93600463867188,74.39708286163685,75.93600463867188,11516600
2022-12-13,77.50323269827733,77.50323269827733,75.180685615967,76.01152038574219,16938000
2022-12-14,76.30419213966812,76.95564077941953,75.0768265987371,75.54888916015625,17910000
2022-12-15,75.20802648743073,75.20802648743073,73.47997968983535,73.6888656616211,17080200
2022-12-16,73.6888726420727,74.11613417470458,72.37859766392815,72.44506072998047,11929100
2022-12-19,73.03372016992036,73.22361978905114,71.93233135468093,72.2551498413086,12561300
2022-12-20,71.31518812267706,72.35011414129016,71.11579890562128,71.79942321777344,12080600
2022-12-21,72.02728601639076,73.50846700022495,71.94182936674537,73.24261474609375,10806100
2022-12-22,72.42606183009661,72.56848474516964,70.28024304307267,71.4765853881836,13019700
2022-12-23,71.10629272460938,71.54305103439894,70.422668502702,71.10629272460938,7452600
2022-12-27,70.57459078754945,70.96387239014022,70.41318151925402,70.56509399414062,8974800
2022-12-28,70.44166461865562,70.7834767418851,69.1598655345797,69.3687515258789,10275700
2022-12-29,70.59356461253513,72.19818194933683,70.40367224161653,72.16020202636719,11142500
2022-12-30,70.53661667398958,70.80246895991036,69.92895223647598,70.72650909423828,7784100
2023-01-03,72.01778839194783,72.13172817551613,70.04287560701391,70.28974151611328,9276200
2023-01-04,71.20124473792859,72.73939936283,70.70752011730474,72.46405029296875,12316400
2023-01-05,72.16021747954353,72.57798947774624,71.5335594822395,71.90386199951172,10039200
2023-01-06,72.63495536066357,74.76178078344634,72.302640020218,74.1256332397461,13744100
2023-01-09,76.48982579398657,77.11648377149484,76.01508753609156,76.25245666503906,22247600
2023-01-10,76.44236628736014,77.45830600203949,76.39488955780436,77.1639633178711,10269000
2023-01-11,77.44879653754157,77.7526287227719,76.55628632420778,77.64818572998047,11771400
2023-01-12,80.66751369497948,84.3419899534964,80.15479557212153,82.60444641113281,36086800
2023-01-13,81.0947867302146,82.69939699808722,80.61055171445248,82.41455841064453,18719900
2023-01-17,81.86385763244463,85.19652187625992,81.8068913656217,84.49390411376953,21850000
2023-01-18,85.90864223707236,86.61125286236145,84.84522588328328,84.94966888427734,19209800
2023-01-19,84.53189871638916,85.46238895165688,83.80080493748208,83.93373107910156,13651100
2023-01-20,85.45288750334828,86.43084716796875,84.69330338352388,86.43084716796875,14287200
2023-01-23,87.12397463458039,90.89339788653588,87.08599470140003,90.82693481445312,22875100
2023-01-24,90.95037603443022,93.04871871996572,86.92459676301037,89.78251647949219,11370500
2023-01-25,87.99748248233334,88.30131467317197,86.51630145748639,87.74112701416016,14147300
2023-01-26,89.1463409758763,89.5166362021623,87.95949544446466,88.72856903076172,15759400
2023-01-27,88.13039926317502,89.36472148221668,87.57970121197611,88.58615112304688,13646600
2023-01-30,88.15889899838488,89.48816765908329,87.90254350913168,88.42475128173828,14079800
2023-01-31,86.40236995823786,88.07345079012657,85.45289336529018,88.04496765136719,13342100
2023-02-01,88.30132759037639,90.93137469794252,87.89305234509372,89.95341491699219,16788500
2023-02-02,91.71943764034688,92.57396802474624,90.9978333997506,91.76691436767578,14925300
2023-02-03,90.23824749810466,92.05174384764395,89.54512646524638,89.87744903564453,12242200
2023-02-06,87.16196180502166,87.39933097415958,86.15551160200295,87.19044494628906,12425200
2023-02-07,87.14294876099763,89.91541829905572,87.04800256332479,89.77300262451172,15258900
2023-02-08,90.2192656418509,91.09278964148073,89.46918548341199,89.51665496826172,12899700
2023-02-09,91.14974475576784,93.58989909124315,90.78894629059138,91.80488586425781,16997400
2023-02-10,91.1022809128557,91.62449596358881,89.48817351884193,90.55158996582031,11511400
2023-02-13,90.64651656824653,91.52003315144285,90.11481208176707,91.25418090820312,7803500
2023-02-14,90.97883265742044,93.98867124910625,90.40914823928618,93.01071166992188,15345100
2023-02-15,87.66516537449426,88.94695717718147,86.18397713580777,88.07344055175781,30208300
2023-02-16,86.38337265457982,87.1524462792399,85.338942739695,86.23145294189453,15568400
2023-02-17,85.42439934077733,85.73772831506567,84.44643973369307,85.5478286743164,11235300
2023-02-21,83.91472294552082,84.90217928634108,83.0601999672094,83.21211242675781,14007600
2023-02-22,83.31657092507483,83.63938948917888,82.28164491716673,82.44305419921875,10106400
2023-02-23,85.73774803040381,87.3423587111133,84.94018384371874,85.52886199951172,15468300
2023-02-24,83.63938501365413,83.69635853198325,82.83233140264777,83.65837860107422,8817600
2023-02-27,84.21857423175801,84.3609971751261,82.8323392204343,82.88931274414062,10609400
2023-02-28,82.73737675761744,83.69634999443876,82.50950443933876,82.67091369628906,7520400
2023-03-01,84.54139106889059,85.4908675985359,83.81029008446231,83.95271301269531,8176700
2023-03-02,83.21213414618543,84.82624157533203,82.71840946887195,84.53190612792969,9761600
2023-03-03,84.19007045988053,85.31045289911489,83.43998323629795,85.25348663330078,10844000
2023-03-06,85.5288535938968,86.7156993401134,84.98765222337929,85.05411529541016,9960000
2023-03-07,85.40539204617893,85.68074104812071,83.8387619140608,84.36096954345703,8761100
2023-03-08,83.88626149191128,86.25045634784729,83.68687226251254,86.240966796875,8813000
2023-03-09,85.17754023465052,86.10803043883281,84.09513754966305,84.38947296142578,10354700
2023-03-10,83.58241792829084,84.66482059493725,82.7943506684197,82.84182739257812,11928800
2023-03-13,82.0157867349793,84.50341805404871,81.94932366222214,83.30707550048828,11847600
2023-03-14,83.5824278465461,85.10158902878233,83.27859561009885,84.77877044677734,11100100
2023-03-15,82.794348851143,82.8323287808499,81.12327540762487,82.31961059570312,12171500
2023-03-16,82.03233435612287,85.3918943056989,81.90826247088265,85.22964477539062,13184600
2023-03-17,85.00056849729472,85.92635625232572,84.94330567752468,85.39188385009766,13287700
2023-03-20,85.14374333372258,86.25087319681445,84.61881709723558,85.9359130859375,8217500
2023-03-21,86.85213152911213,88.76096958469701,86.66125063620936,88.28376007080078,12299700
2023-03-22,89.2381940642126,90.69845425656452,88.32195251767104,88.39830780029297,12812400
2023-03-23,90.1830782024677,91.45245762728638,89.17139606803791,90.27851867675781,11169700
2023-03-24,89.66768466549065,89.88720429456406,87.89246429695243,88.56056213378906,7653700
2023-03-27,87.84474481193769,87.97836291857789,86.42266223032958,86.52764892578125,9349800
2023-03-28,86.52764982733147,86.72807698938004,85.82137436299942,86.67080688476562,7521300
2023-03-29,87.57752488900279,88.9709763186191,87.28164992785733,88.53194427490234,9264000
2023-03-30,89.09502076190094,89.25727025991101,87.83518785200893,88.25513458251953,10232800
2023-03-31,87.08120249675112,89.00913328602093,86.97621580616511,88.78006744384766,8701800
2023-04-03,88.77053316767784,89.33363700897026,87.52978527633684,88.6082763671875,6863600
2023-04-04,88.79918141869989,89.02824003472807,87.53934810808174,87.96883392333984,6338400
2023-04-05,87.42481160235351,87.97837657673834,84.99104661217225,86.088623046875,9171800
2023-04-06,85.57322768466359,86.76625166678322,85.32507665752337,86.12678527832031,5874500
2023-04-10,84.38974464573454,84.97194094529735,82.52863010230632,84.96239471435547,12232900
2023-04-11,84.59972082316162,85.74502099812744,84.43747130000897,85.17237091064453,11079200
2023-04-12,84.8574086676654,85.42051246132937,82.90084653103477,82.91039276123047,11299100
2023-04-13,82.6145132458468,83.6357413703193,82.05140948375771,83.08218383789062,7910500
2023-04-14,83.94115611490423,84.34201766704683,82.59542898346197,83.225341796875,7656400
2023-04-17,83.75028864933527,84.03661733515177,83.18718479064137,83.9793472290039,8163600
2023-04-18,84.17976800814961,84.37065621142139,83.51167750079938,84.12250518798828,8468200
2023-04-19,82.2995634296495,83.39713958577771,82.11822146780851,83.25398254394531,11191300
2023-04-20,84.29430496773604,87.69203505067765,84.08433157489974,85.2200927734375,19206300
2023-04-21,83.77892165955242,83.90300082387199,81.39287350437428,81.47877502441406,13175400
2023-04-24,81.50738871859213,82.0418610590397,80.16165435642867,80.78202819824219,10567600
2023-04-25,79.47448847805391,79.59856764195085,78.51053026942687,78.5391616821289,13423700
2023-04-26,78.4914379604281,78.62505607439365,77.5083872869782,78.50098419189453,11583500
2023-04-27,79.1213549804301,80.0375965599883,78.4150867948283,79.85625457763672,10013700
2023-04-28,80.62935346009097,80.65798487679534,79.9039926831312,80.45755767822266,8262600
2023-05-01,80.45753633077457,80.8297592124553,80.07576721884456,80.1521224975586,4931100
2023-05-02,79.69401432792216,80.21894787387652,78.78731887397372,79.17862701416016,6875000
2023-05-03,78.85411007352863,79.94214728445468,78.68231434119083,78.93045806884766,7151600
2023-05-04,79.2167925088829,79.9421531297513,78.87320101908422,79.68445587158203,7290600
2023-05-05,80.45753344011047,81.66964249917666,79.9326000198614,81.09699249267578,6865000
2023-05-08,80.6484173198492,81.6410140991211,80.5625230924473,81.6410140991211,6746600
2023-05-09,81.36422617074345,81.58374576198773,80.45753096184852,81.1828842163086,7287800
2023-05-10,80.6579742123284,81.26880196006596,80.33346787541969,81.03019714355469,7442300
2023-05-11,80.30482635604416,80.30482635604416,78.76821094856516,79.62718963623047,8730900
2023-05-12,79.57946576627788,80.10439920919562,79.16906524226223,79.62718963623047,5069800
2023-05-15,79.53176308222314,81.7651007789593,79.43632260727263,81.75556182861328,8707300
2023-05-16,81.78418044717642,82.79586243032114,81.68873270551795,81.96551513671875,11283200
2023-05-17,84.2752288121684,87.61569642992933,84.04616293274002,86.73762512207031,23215600
2023-05-18,87.0907600869611,89.14276301383146,86.91896432374308,88.42694854736328,14879000
2023-05-19,87.93064489811654,88.56056511275372,87.38662620440316,88.36013793945312,9295200
2023-05-22,87.8733671314531,88.22650482340289,87.04301988469327,87.53932189941406,9259800
2023-05-23,86.85213746204705,87.1766364584764,86.21267841733763,86.31766510009766,7656700
2023-05-24,85.21055745680097,86.04090490347224,85.11511697918905,86.02181243896484,9443900
2023-05-25,92.63593469785556,97.7039061197877,92.5595866880926,96.34862518310547,60793200
2023-05-26,96.25317764535478,99.67954645882877,96.13865199829503,98.50560760498047,26135800
2023-05-30,99.05916131573908,100.44306612676374,96.90217206617758,97.3316650390625,25248000
2023-05-31,95.18424378004495,95.4228486145384,93.59035795158111,94.09619903564453,22206700
2023-06-01,94.18208980064708,96.00502674142244,94.10573451474004,94.33479309082031,14998500
2023-06-02,96.63494281115807,96.6826666832272,94.1248229674292,94.43023681640625,13085100
2023-06-05,93.54263290300803,94.30616393542448,89.95401447756352,93.580810546875,10568500
2023-06-06,93.1608458173353,96.01455679202056,92.97950386427637,95.27011108398438,13827600
2023-06-07,96.7590176758111,98.32426461041744,95.00288981030768,95.71870422363281,14367500
2023-06-08,94.47795618894695,96.11001217513136,94.1343646885249,95.38465881347656,9074200
2023-06-09,98.01884059288147,99.90859365211918,97.58935490205654,98.11428833007812,14902400
2023-06-12,99.58409341993176,102.49507482205615,99.55546200968799,102.18011474609375,20568100
2023-06-13,104.98612278895794,105.64467443475938,101.87471383835287,101.9319839477539,17858600
2023-06-14,101.19708724896938,102.79096589042963,100.42400986943376,102.51419067382812,12862600
2023-06-15,101.8509451654308,102.22473442642134,100.70084798621842,100.8062744140625,11987900
2023-06-16,101.04587285715502,101.35256590831638,100.0107810674333,100.22163391113281,11430800
2023-06-20,99.8478617691586,100.51875059928128,98.78401854414992,99.65618133544922,9295500
2023-06-21,98.86067859146344,99.41656200158604,97.39430229162934,97.41346740722656,9340400
2023-06-22,97.20263036185693,99.12905018242421,97.11637635945267,98.84152221679688,8575900
2023-06-23,97.29846720252903,97.9406119951897,96.8096799149239,97.67225646972656,8919000
2023-06-26,97.7776698988857,98.75525904150324,95.92792534925137,95.94709777832031,8560000
2023-06-27,96.94384677286894,98.51564951275323,95.86083126560825,97.83517456054688,9732000
2023-06-28,96.32089349646267,97.64350611807346,96.05253794820602,96.72342681884766,8160900
2023-06-29,97.12594399593586,97.29845929287215,95.8608342557827,96.4550552368164,7383900
2023-06-30,97.1834701245307,97.65309233397984,96.23463948972602,96.72342681884766,11704600
2023-07-03,97.99811073561193,99.36864695329972,97.82559543156245,98.86068725585938,5638400
2023-07-05,97.18346648887932,98.80318593373164,96.76176075045764,96.79051208496094,9010800
2023-07-06,94.97910042870404,95.41997126537363,94.4998920437841,95.27621459960938,9140800
2023-07-07,94.95994529602592,97.70101813097274,94.88327019146256,96.06212615966797,8036600
2023-07-10,96.08127431310403,96.56048266379283,95.2666215793609,95.62123107910156,8041600
2023-07-11,98.07478384815371,98.07478384815371,95.97584890996762,97.04927825927734,7677800
2023-07-12,98.55400024783279,100.08746564905037,98.48691136503389,99.57950592041016,10202000
2023-07-13,100.63376405651084,101.25673643928866,98.25688717383456,101.18006134033203,9265900
2023-07-14,101.59217569812154,102.83812040040713,100.49958118596196,100.76793670654297,9518300
2023-07-17,100.32705344378805,100.66249780293995,98.32395887832901,100.43247985839844,10722600
2023-07-18,99.37823316800784,99.416570714701,97.7680927675924,98.86068725585938,10343600
2023-07-19,99.57949551348389,100.43248578227062,98.30479956138184,98.77442169189453,11204800
2023-07-20,94.45198994319134,96.27297623284794,93.01436457000511,93.79067993164062,22810200
2023-07-21,93.80983173798538,93.91525816869357,92.32429011715672,93.2060317993164,15381200
2023-07-24,93.22519990781372,94.18361671798289,92.75557771823001,94.1644515991211,9054900
2023-07-25,95.38163250446951,96.6946660948269,94.9886854361436,96.14836883544922,9202200
2023-07-26,95.35288238397042,95.96626853169677,94.47114071063126,95.27621459960938,8993500
2023-07-27,97.27929393811382,97.52848432466457,94.79699822331284,95.21869659423828,8049800
2023-07-28,95.94709628946923,96.79050035193441,95.63081702399262,96.66590881347656,6758700
2023-07-31,95.05576701661444,95.63081556461694,94.32736828933713,95.02701568603516,8647900
2023-08-01,95.01743096079147,95.0653547206006,94.01109050191272,94.3082046508789,6428500
2023-08-02,93.44563498169184,93.44563498169184,91.25085970312662,91.7204818725586,9820900
2023-08-03,90.89624095337993,91.82590636972999,90.64705786341314,91.03042602539062,8571700
2023-08-04,91.31794268292086,93.52230403411559,91.17417871442743,92.1613540649414,7562600
2023-08-07,92.70766315807865,92.9089298148672,91.27003791346884,92.34346008300781,6601400
2023-08-08,90.93457293985675,90.95374536845989,89.77488962209428,90.560791015625,7659000
2023-08-09,91.84507568851724,91.86424080550417,89.81322961735717,90.07200622558594,6426900
2023-08-10,91.48087518945411,91.97925599058475,90.35952935511936,90.85791015625,7459600
2023-08-11,89.6119759020936,89.6119759020936,88.14559928454726,88.16476440429688,10658400
2023-08-14,87.87722439510573,89.41068956249971,87.50344248905778,89.19983673095703,7489700
2023-08-15,88.67271949868959,88.8548210313548,87.68555136040119,87.8676528930664,6069500
2023-08-16,87.63763514272387,88.86440748533215,87.52262249355186,87.96349334716797,7439500
2023-08-17,89.05607978669715,89.05607978669715,87.55136583014777,87.82930755615234,7712500
2023-08-18,86.32458437407264,87.53219135851886,85.83578985215466,87.31175231933594,9066200
2023-08-21,86.73670831841413,89.04649599451017,86.73670831841413,88.71104431152344,8618300
2023-08-22,89.46819335363675,89.60237110047335,87.99223082629537,88.40435028076172,7059000
2023-08-23,89.88989776321912,91.14542122480984,89.36276568507259,90.30201721191406,10362600
2023-08-24,92.51595562276685,92.75555977896883,88.62478646593101,88.68228912353516,12254400
2023-08-25,88.41394675878976,89.52571371837502,87.6088801843091,89.22859954833984,10356000
2023-08-28,89.91865596335822,90.23493523441348,89.3723587279624,90.09117126464844,5174800
2023-08-29,89.8707355628831,91.64381240271325,89.62155247225554,91.12626647949219,8910300
2023-08-30,91.48086726563946,91.93132426574964,90.69496589698089,90.83872985839844,6073400
2023-08-31,89.45860758160241,90.47453421399089,89.3915187078527,89.67904663085938,8661200
2023-09-01,90.37870063906661,90.64705615374764,89.21900996011891,89.31485748291016,7094600
2023-09-05,89.51612446214133,91.09751353644852,89.00816476281331,90.66622161865234,6396500
2023-09-06,89.94740192621083,90.05282834360335,87.78137823088097,88.42352294921875,7933700
2023-09-07,86.3245774059266,86.53543021452361,84.75277486637897,86.30541229248047,14684400
2023-09-08,86.97631874732218,87.28301181019907,85.60578252306063,85.9124755859375,5820800
2023-09-11,86.35336158921392,86.6313033688348,85.45245467169663,85.87415313720703,7268600
2023-09-12,86.69837212723706,87.7622152286266,86.66003458252207,86.71754455566406,8242600
2023-09-13,86.83255965887389,88.06891819468034,86.71755432391316,87.4267807006836,5757800
2023-09-14,89.38341589688046,89.52792601704866,87.92869342734339,88.12137603759766,6506300
2023-09-15,87.19653326853215,87.80346703463748,85.60693643339036,85.98265838623047,19940500
2023-09-18,85.29863393639836,86.38726304269795,85.19266034595182,85.57801818847656,6647400
2023-09-19,85.21193275776064,85.58765466745993,84.57609850676575,84.94218444824219,7172100
2023-09-20,85.2793730103036,86.05008879484356,84.09440612792969,84.09440612792969,6935300
2023-09-21,82.89017555188501,82.98651319701074,82.22543330536242,82.23506927490234,10652500
2023-09-22,83.09248331359467,83.59344345721345,82.32176748485251,82.50481414794922,7967200
2023-09-25,82.26396661851162,83.08284759521484,81.90750926037663,83.08284759521484,8758000
2023-09-26,81.84006552357364,82.10982118758253,80.94411156657819,81.20423126220703,8877600
2023-09-27,82.05201408911675,82.42773601118024,81.02118595805452,82.3121337890625,7860700
2023-09-28,82.12908308561273,83.9402555269815,81.86897074858942,83.24662017822266,6647700
2023-09-29,84.537569938676,84.8073182735769,83.52600633270677,83.71868896484375,7338300
2023-10-02,83.98843578418808,85.18303868151744,83.83428968126005,84.44123077392578,6305000
2023-10-03,83.81503743682369,84.12332233798995,81.94605608907663,82.28324890136719,8201700
2023-10-04,82.34103450609076,83.58380984692691,82.25432548924196,83.49710083007812,7658500
2023-10-05,83.65123497418108,84.72059947861432,83.36221475943557,83.84391021728516,6651700
2023-10-06,84.86512069762064,86.72446586340918,84.18111388068478,86.02119445800781,9777100
2023-10-09,85.54912318483505,86.06934785337965,84.81694397156159,85.73216247558594,4781300
2023-10-10,86.0019141344229,87.34103443008009,85.87667594638012,87.29286193847656,7182900
2023-10-11,87.91906597443892,88.64160923476447,87.31212493170777,88.63197326660156,8051700
2023-10-12,89.12331485808927,90.01926889659684,88.47783721952806,89.03660583496094,8897800
2023-10-13,89.35451996508662,89.5375666167745,86.89786984541735,87.14835357666016,7985100
2023-10-16,87.1676315712937,88.53564519452762,87.11945907536804,87.88053894042969,8791800
2023-10-17,86.52214148435947,88.34294984692319,85.2793662392606,87.6685791015625,7997100
2023-10-18,85.62619672248168,86.71483334920421,85.33718380793488,86.31983947753906,9982700
2023-10-19,89.68206268287993,91.29093120344432,88.97879138444992,89.50865936279297,22751600
2023-10-20,88.63197390681827,90.86704078089964,87.75528454991407,87.96723175048828,12197300
2023-10-23,86.68592978217212,88.8824601968416,85.89594941636835,87.7745590209961,8227900
2023-10-24,87.86126183109279,88.63197761999854,87.53371239836666,88.28515625,7374800
2023-10-25,87.47590632773446,87.52407146800404,83.50673273503554,84.43158721923828,13027100
2023-10-26,83.93062933123886,84.91328494957415,83.37186076880789,84.24854278564453,9377300
2023-10-27,84.3352465562398,84.56645833145447,82.74564998269798,82.84198760986328,12480700
2023-10-30,84.11367801090522,85.0674405307718,82.85163797059164,82.90943908691406,9785500
2023-10-31,82.99613744367059,83.26588575195822,81.84006381517908,83.15027618408203,9004900
2023-11-01,83.30441973101406,84.65316858136048,83.17917419878316,84.58573150634766,9508800
2023-11-02,87.09054475658527,87.71675035421681,86.19459086461146,87.16761779785156,11032600
2023-11-03,88.29479045396708,89.06549887737887,87.51443871202132,88.4296646118164,9226700
2023-11-06,88.63197357362246,89.21964268206348,87.94796683348902,89.21000671386719,8402700
2023-11-07,88.87283143075952,89.64354727209248,88.39113586744917,89.0269775390625,6241300
2023-11-08,89.91328507893385,90.01925867845547,88.56453618964146,88.63197326660156,6537700
2023-11-09,89.23890399897688,89.9518186175806,88.24661246372753,88.26588439941406,8166000
2023-11-10,90.59728724174362,94.17146684032204,90.18302883273911,93.87281799316406,19281700
2023-11-13,93.45856412602322,93.62233883403087,92.21578883861382,92.8901596069336,9526300
2023-11-14,94.41231974003752,96.04045291207314,94.36414724911367,95.28900909423828,13873200
2023-11-15,96.29092289159513,97.01346610694003,94.81693590830588,95.18302917480469,10422900
2023-11-16,94.64353589364406,95.47205279515329,94.32562242918301,94.93255615234375,8459000
2023-11-17,95.31790909995925,96.06935291346764,94.7206040263574,95.93447875976562,7243000
2023-11-20,96.24275889167642,96.9074936595908,95.89593755620379,96.3005599975586,6448900
2023-11-21,96.33910017648158,96.48361029676431,94.6435299553503,94.80731201171875,10112600
2023-11-22,95.10595788699288,96.00191178453386,94.3641427228525,95.03852081298828,7413500
2023-11-24,94.8747560823705,95.11560385056792,93.90172904082752,94.24855041503906,4297600
2023-11-27,93.85355636005917,93.97880190333014,92.89016528918994,93.6512451171875,6856100
2023-11-28,94.2870775519984,94.65316347717548,93.68013653251472,94.39305114746094,6358100
2023-11-29,95.37572616398614,96.07900495458907,94.99036822461844,95.26011657714844,7091100
2023-11-30,95.30826988518533,95.35644237419083,93.35258737303536,93.74757385253906,9681400
2023-12-01,94.12329623146833,95.16376025859354,93.4681900681032,94.94218444824219,7500400
2023-12-04,93.49711654613063,93.64161934241935,91.7630094897523,93.45858001708984,10619400
2023-12-05,92.92868541345398,93.46818196589835,92.36991692694271,93.1502685546875,8009600
2023-12-06,94.21964949283246,94.9614573819588,93.88245673859356,94.26781463623047,11262300
2023-12-07,94.37377105019318,95.99226804536154,94.30633398164822,95.65508270263672,11373700
2023-12-08,95.49131798332044,96.69555672597188,95.32753592825146,96.67628479003906,10572500
2023-12-11,95.92484883216427,97.5048096036721,95.7321735576255,97.25432586669922,9482800
2023-12-12,96.4836021575645,97.9286885383066,96.29091956341192,97.8805160522461,7378600
2023-12-13,97.68785748694086,98.92099689970013,97.21579791332628,98.38150024414062,8988800
2023-12-14,100.03568516636983,100.48093261939854,99.50332745251602,100.13247680664062,10074500
2023-12-15,100.18088394726745,101.40047938478449,99.10647967357637,99.25167083740234,16379200
2023-12-18,99.54203274984175,99.99696155740394,98.80641041628387,99.629150390625,5660600
2023-12-19,99.92920775633868,100.64548210927698,99.78401660994695,100.53900909423828,8498500
2023-12-20,99.40654156264098,99.78403417888741,96.73505649147084,96.83184814453125,10814100
2023-12-21,98.0514309414113,99.42589143701595,97.91592116774486,99.26134490966797,9068200
2023-12-22,99.6291560109964,100.26798674562215,99.41620997121153,99.84210205078125,5566400
2023-12-26,100.28735180151105,101.5940574390763,100.2486336675062,101.10041046142578,6407500
2023-12-27,101.68117266435728,101.99091034428797,100.74227824511242,101.29399871826172,5889700
2023-12-28,101.63278192799687,102.13610293207363,101.34239959716797,101.34239959716797,5335100
2023-12-29,101.36176767982901,101.6037505066488,100.34543685329398,100.66485595703125,4409600
2024-01-02,98.97097482367404,99.3291120610008,97.36420533076614,98.27406311035156,9020900
2024-01-03,97.12221866028815,98.00303964771801,96.46403249569805,96.95767211914062,6650600
2024-01-04,96.33819325248702,97.21901420833936,95.94134529190357,95.95101928710938,7996700
2024-01-05,95.8251879085931,97.41259447104804,95.63160462428549,96.4156265258789,7347300
2024-01-08,97.40291104717836,99.49364592052025,97.27708265349213,98.9612808227539,12455600
2024-01-09,97.80944655919487,98.69994145303394,96.99638054567276,98.62250518798828,7764000
2024-01-10,99.23230993614403,99.48397413250866,96.77377102414239,97.56747436523438,6975700
2024-01-11,98.43860187242016,98.88385673106148,96.78344037655232,97.9739990234375,7862700
2024-01-12,97.65455753772616,99.09677265318685,97.63520216709772,97.99333190917969,6519700
2024-01-16,97.3061202043863,99.06775465407242,96.98670114310916,98.40956115722656,11185500
2024-01-17,97.635229991493,100.0163400326493,96.7931271269856,99.64852142333984,17649500
2024-01-18,107.63395738972582,109.75372929557787,105.96912176024574,109.4052734375,58783700
2024-01-19,109.58915146072412,111.45725862803333,107.45969878210298,110.5377197265625,37812600
2024-01-22,111.09915320909471,111.40889092908283,108.91162640776807,109.4052734375,17755500
2024-01-23,109.8795473350501,110.9442775702009,109.53109889458963,110.46998596191406,11667900
2024-01-24,111.63149979338692,115.03861414606686,110.93458819324754,112.78333282470703,21859200
2024-01-25,114.23524603870322,115.02894939029038,112.74463837099263,112.82206726074219,15485300
2024-01-26,113.15116269536651,114.25460371099535,112.57040543209806,113.49961853027344,10196400
2024-01-29,113.41249382028438,114.09005007253357,112.04771470578508,113.22859191894531,10042200
2024-01-30,112.62846364441884,114.22555144001787,111.8541158087562,112.33808135986328,11030800
2024-01-31,109.86019289751722,111.06042553633864,109.26007288574196,109.33750915527344,12853900
2024-02-01,110.15057849916232,110.37319854978958,108.99873795591824,109.75372314453125,8807600
2024-02-02,111.17657438425958,112.24129719055281,110.26671672456035,112.03803253173828,10044000
2024-02-05,113.3737832732383,115.70650110199865,112.84142552305941,114.98055267333984,13267600
2024-02-06,116.26790254330749,117.10999799107161,114.48690523181936,115.55162811279297,11503800
2024-02-07,116.16143392825323,120.99140890397567,116.15175254781664,120.97205352783203,18172500
2024-02-08,122.92727834106503,130.42874611384656,122.06582005213046,129.4414520263672,33367000
2024-02-09,130.18676306073127,130.83527527539007,126.4021480397229,128.84133911132812,16984200
2024-02-12,128.99619036003486,129.22848438693904,126.08270810398032,126.27630615234375,14203800
2024-02-13,123.82743643487613,125.75361741974002,122.42393917457042,123.45962524414062,14494000
2024-02-14,125.4729294035016,126.59571839953894,123.8564786456083,125.12447357177734,13069700
2024-02-15,126.6053930919099,126.92481213294154,124.23396480850656,124.89215087890625,12554000
2024-02-16,123.05308959724978,124.5146677627178,121.7754207211012,122.62720489501953,13104400
2024-02-20,122.82079187277036,122.98533840777876,120.16866239860687,121.31082153320312,12038800
2024-02-21,120.43968960907479,121.35922137227689,118.96843731100549,121.32050323486328,11469700
2024-02-22,125.5310132563538,127.26360379302098,124.86313829306805,124.93090057373047,17014100
2024-02-23,126.31502361089416,126.80866321374785,123.63385739349162,125.37612915039062,10123300
2024-02-26,125.85041079666163,127.0215992036619,124.43722483551498,126.45052337646484,9526700
2024-02-27,126.576375918305,127.73789048478811,124.46627807617188,124.46627807617188,8851800
2024-02-28,124.3791523765253,124.45658864061208,122.58848123170782,123.2950668334961,6519100
2024-02-29,123.92423340877977,125.04703717312321,123.07245659028862,124.54370880126953,9369900
2024-03-01,125.9569122253698,132.26781403963625,125.9278754662137,129.6060028076172,24393000
2024-03-04,135.45230408631045,137.4365661407636,133.26476996689635,133.826171875,26544600
2024-03-05,132.72272407025207,133.02278038513543,129.4414378274535,130.6416778564453,13694700
2024-03-06,134.34884073368966,139.38207954100116,134.1649314600711,137.03001403808594,22292700
2024-03-07,140.25322195513448,146.7383726711944,139.52727357075085,144.4153289794922,34675700
2024-03-08,148.96460725265953,153.32029769594732,140.28226312081586,141.67608642578125,43856900
2024-03-11,139.0142884692774,139.76927370112054,134.47468831277217,134.5618133544922,29227100
2024-03-12,139.88541837671752,141.99550126140196,136.06209316666627,139.76925659179688,21218500
2024-03-13,138.4625776335556,138.63679818100164,136.83644534342721,137.58175659179688,12923100
2024-03-14,138.03665158809676,138.51094313319638,134.56178256365908,135.1425323486328,14961900
2024-03-15,131.09659651618293,133.28411558478038,130.31257465259802,132.5872039794922,22751200
2024-03-18,136.2355964544196,137.55732925517776,132.7660571208269,132.7952117919922,14732900
2024-03-19,131.492905235868,132.43561237345614,129.2867747853791,131.0749969482422,17341100
2024-03-20,132.6882888294988,133.4463398383566,131.21105475838158,132.902099609375,12750200
2024-03-21,138.5389005142496,138.5874965694203,135.12765615568296,135.526123046875,17809400
2024-03-22,135.4775576431682,137.3629723066629,135.1957241865085,136.58547973632812,9944100
2024-03-25,136.21614181982306,137.69336095253684,135.3414573768245,136.28416442871094,9922200
2024-03-26,136.65350356349796,136.99366116328747,134.73893441717203,134.9333038330078,10786400
2024-03-27,134.9527186647004,135.36089880645636,131.34710516837333,132.84378051757812,13842800
2024-03-28,131.8622028053443,132.95069811278452,131.62896546259122,132.2218017578125,10019400
2024-04-01,133.42691151036695,138.9373814417638,133.19367414907896,137.5087432861328,14222700
2024-04-02,136.4299612825726,137.0713787863482,135.42894483654902,136.2744598388672,9869200
2024-04-03,134.68059871625485,138.90818829366177,134.4959426170484,138.00436401367188,9707500
2024-04-04,139.94813279232338,142.62075338384344,135.50671618210353,135.73025512695312,15759500
2024-04-05,136.06066771882075,138.00439154337533,135.01105507402897,137.3824005126953,8263600
2024-04-08,141.15321378687284,141.8918234195013,138.74298583515713,138.7721405029297,16307400
2024-04-09,142.14450230727465,144.00076191449705,138.9276421043802,141.30870056152344,18443400
2024-04-10,142.50410350219613,144.2534429157555,141.1726427239381,142.1056365966797,18861300
2024-04-11,143.0580291748047,143.40789995528255,140.0744216777401,143.0580291748047,11818800
2024-04-12,140.9199635210886,142.3874695267463,138.15015140976237,138.50975036621094,12024000
2024-04-15,140.93940678599972,141.3864549234659,135.94403757130567,136.19671630859375,13458800
2024-04-16,134.01002757118488,136.58545549709146,133.20338047019052,135.8662872314453,14218200
2024-04-17,137.15886623538728,138.5583496578067,133.49494294605788,135.11795043945312,18823200
2024-04-18,129.15070627276992,131.32768191296668,126.63358792060808,128.54815673828125,39306100
2024-04-19,125.72975020642888,127.84841653870537,123.07657177369272,124.10674285888672,28284000
2024-04-22,123.18349721390388,126.98348084481357,122.24078997391992,126.09908294677734,18556800
2024-04-23,127.6637604742816,129.94764152573066,126.98346021303087,129.67550659179688,12573800
2024-04-24,132.26065842244194,132.4550278013,127.83868461361423,129.22845458984375,15558000
2024-04-25,126.342039974273,133.96143328750324,125.23411806306062,132.7368927001953,18034300
2024-04-26,132.9603984932132,134.83609930934418,132.12459682741917,134.40847778320312,9453400
2024-04-29,134.11692859635886,134.74863283551005,132.08574099044924,134.6028594970703,9997100
2024-04-30,134.0586480401537,135.76911983925888,133.3977741620066,133.47552490234375,10980600
2024-05-01,133.55324904130342,135.50668595383405,129.46171909840118,131.14303588867188,12561800
2024-05-02,131.78446566724094,132.89238752316706,129.47142984386912,132.396728515625,9261900
2024-05-03,134.99161077769952,138.11129397390684,134.855550706087,137.57676696777344,13264300
2024-05-06,136.51744050881888,138.81103515625,135.87600810407324,138.81103515625,8601600
2024-05-07,137.87802918703082,138.28620936458356,136.55629654234056,137.13941955566406,8682900
2024-05-08,137.13943052760501,140.20078951889403,136.83815571741005,139.5593719482422,10202300
2024-05-09,138.91792867122672,139.31639557003064,137.15886117825607,138.7721405029297,8012700
2024-05-10,143.0774824842166,146.26518771449688,142.79563428314148,145.06007385253906,23671400
2024-05-13,143.85498122289164,144.26316138073074,142.18337781682666,142.290283203125,8278700
2024-05-14,142.36806517172965,147.7327325632012,142.1348129605817,147.67442321777344,12316500
2024-05-15,149.04473598441706,151.61045071096365,148.43245826497275,151.2022705078125,14027100
2024-05-16,149.76390959782242,150.69688862312123,147.92709138549145,147.94651794433594,13394100
2024-05-17,149.66669825461494,149.66669825461494,146.59561179630066,147.41197204589844,7711200
2024-05-20,147.40229548154738,149.8999877316143,146.5762217480234,149.22940063476562,9261200
2024-05-21,148.0145623153484,149.65701121005793,147.6744047370064,149.34600830078125,7919400
2024-05-22,151.49381832493054,152.80582282432144,150.19151227526558,151.75621032714844,13455200
2024-05-23,154.70095692575663,156.25594176486936,151.48409668390866,152.66976928710938,20873000
2024-05-24,152.7766481876781,156.13929601664424,152.3004454707203,155.49786376953125,11908200
2024-05-28,155.18687624675795,155.86719133146835,153.16541686805857,154.9244842529297,13964400
2024-05-29,152.33936809689064,152.46571490197624,148.89898315094672,149.99717712402344,15780000
2024-05-30,149.2682534635347,149.71531642595184,147.61609133443875,148.65599060058594,9687800
2024-05-31,147.2176301352609,148.2089333829163,143.65089889502062,146.79000854492188,13782600
2024-06-03,150.7551805279936,152.72805857130007,148.17003970432367,150.5899658203125,12924400
2024-06-04,149.08360346484577,149.462628997253,146.74142765147556,148.17977905273438,10066700
2024-06-05,154.12759017801318,159.12296023751605,153.50559909459233,158.33575439453125,23192600
2024-06-06,159.8907019158173,160.06562991559238,155.84775340965575,157.5096435546875,14819100
2024-06-07,158.96742438405224,161.44565983986857,157.40272646374808,159.76434326171875,14023300
2024-06-10,159.38533504819276,165.06100439572273,157.8497916261232,163.42828369140625,12418900
2024-06-11,163.44769547702649,163.67123434780171,159.18122315789122,161.04721069335938,11508600
2024-06-12,168.48195258912102,171.10597633290814,166.713157096324,168.11264038085938,20309500
2024-06-13,168.61375863254622,169.70568787529362,166.23493244013397,168.57476806640625,15591800
2024-06-14,167.6875761292066,169.28645707399454,166.08869518441867,168.18478393554688,9192500
2024-06-17,173.38116666101973,174.1903585681407,169.13048060595906,172.7962188720703,18593700
2024-06-18,175.50649661738197,180.2251433274359,174.50232223128998,175.1847686767578,27155100
2024-06-20,178.0023106996613,178.57751450290175,169.14996492862528,170.9828338623047,28403200
2024-06-21,168.37978993494644,173.03018491434509,167.89232602611256,169.59844970703125,20175600
2024-06-24,166.15695217034067,167.12213613117655,162.92994325370321,163.60264587402344,19741700
2024-06-25,165.68896974317428,168.31152779628778,164.77253526909718,168.2725372314453,13346800
2024-06-26,167.80457860826672,169.33522249001356,165.93271890103657,167.75584411621094,11901500
2024-06-27,169.43269120527114,171.0803215226249,166.8588824783673,167.3268585205078,10864600
2024-06-28,168.47725126774557,172.38672081472734,168.47725126774557,169.45217895507812,11216100
2024-07-01,169.87142351080274,170.90484458816468,166.17643885546053,168.00930786132812,10717000
2024-07-02,166.8394026600265,172.27950168282808,166.7419039275025,171.29481506347656,10655500
2024-07-03,173.52740615638058,177.91458129882812,173.42016350229426,177.91458129882812,11808700
2024-07-05,179.52321687217147,180.43965144753963,177.72935316680585,179.37698364257812,11372900
2024-07-08,185.2362769831111,187.96607772442144,180.4883834860914,181.95077514648438,22582400
2024-07-09,183.37419227822846,183.71542300699795,177.9243486753954,179.89370727539062,19935200
2024-07-10,183.55940974797423,186.62068252421054,182.01902199893306,186.2599639892578,19293500
2024-07-11,188.24880211394995,188.619279432007,178.42152827278252,179.87417602539062,21584200
2024-07-12,178.48005042879478,185.60677070352315,178.1680663730833,182.65274047851562,19220300
2024-07-15,183.94935237088453,185.29475736513965,179.46469385039444,180.57611083984375,15683100
2024-07-16,183.54964887684218,184.83654575171136,180.38113373734902,181.37554931640625,16663300
2024-07-17,170.82686813906963,172.15277068053206,166.2349511761741,166.90765380859375,45052600
2024-07-18,171.0998294783442,174.20985155105137,160.3853675646893,167.5608367919922,52903600
2024-07-19,164.92854891527878,166.24470751366835,161.0775867355502,161.61380004882812,22585300
2024-07-22,162.43269678288337,166.59564202452194,162.01347015666394,165.10400390625,21037200
2024-07-23,165.17226056789534,167.23910267439553,163.75861828040763,165.56224060058594,11690700
2024-07-24,160.95081827017188,161.30179285433297,155.58871565873235,155.79345703125,19536600
2024-07-25,154.19460168474498,159.30321440801956,148.29628485901782,156.26144409179688,25731800
2024-07-26,160.18063666631753,160.46335917598833,155.19875513297674,157.8798065185547,13089200
2024-07-29,158.60123951616177,159.1374527548746,154.65279402249664,155.99818420410156,12663100
2024-07-30,156.4174433526029,157.10963386940418,148.72526238898618,150.6653594970703,22018000
2024-07-31,159.66393359979307,162.47171561177348,158.00655927737185,161.64303588867188,19860400
2024-08-01,159.3811856421195,163.46613532653038,152.90766592690676,154.2140655517578,21095600
2024-08-02,147.4578253985628,150.00238747652222,143.20713972095058,146.10267639160156,31095300
2024-08-05,130.50382665165665,146.2391596331331,130.22110415523457,144.2405548095703,31193100
2024-08-06,146.66812929239174,153.75585801670385,144.01632469095983,151.4940185546875,24528100
2024-08-07,157.49959109421292,158.57200276229753,150.64584976201783,151.15280151367188,22379000
2024-08-08,155.2767449186584,160.61934475487598,151.64025374686776,160.4243621826172,18889600
2024-08-09,162.15000128979932,163.59289029028827,159.14722183522326,162.929931640625,20519400
2024-08-12,161.83801744069618,165.2795114407533,161.3895440998427,163.42715454101562,14727300
2024-08-13,163.78788990084885,168.1263161521453,162.16950598986924,168.01907348632812,15243500
2024-08-14,167.5705965198716,168.184790923525,162.99818271687033,165.70848083496094,11510300
2024-08-15,168.10679645987898,171.04133871183862,166.53717695460298,169.59844970703125,15393500
2024-08-16,169.04273361412783,170.61236799472803,167.93131649766804,170.1638946533203,10710000
2024-08-19,170.3783838364857,171.05108642578125,166.81015925066035,171.05108642578125,11511000
2024-08-20,171.0023358710578,171.0023358710578,165.59149830162426,167.72657775878906,13555500
2024-08-21,166.08869305996254,168.74049774562556,165.64997854513075,167.14161682128906,9434800
2024-08-22,167.68759490904318,168.9355014019897,161.8965209372219,162.26699829101562,13546100
2024-08-23,164.76279210897525,168.94522567082143,163.7098683387541,166.98562622070312,12189100
2024-08-26,166.1082077594046,166.7614076176986,163.61239490496231,164.8310546875,9611300
2024-08-27,162.2474844226713,166.30318768425383,160.90207928392093,166.27394104003906,9186000
2024-08-28,167.024635959261,168.14579696617233,162.03299556353804,164.95777893066406,10581400
2024-08-29,164.42154799869408,171.0218125864238,163.3101310336949,164.9090118408203,13213200
2024-08-30,165.79624509692795,167.91183696711119,164.51909186031125,167.39512634277344,9481400
2024-09-03,163.7878738410323,164.45081761837568,155.79346868832076,156.46617126464844,18464400
2024-09-04,155.30599529643092,159.77116622678122,154.96476462960752,156.8366241455078,11317400
2024-09-05,157.4898100013125,160.4633423839339,157.01210496156094,159.5956573486328,10260600
2024-09-06,160.755859189316,161.2628258574645,152.09849476560396,152.88819885253906,14964400
2024-09-09,156.72938741074447,159.0107297634033,156.23217958933066,158.69874572753906,10339000
2024-09-10,158.80597145364422,158.80597145364422,153.7363504209483,158.3574981689453,11910800
2024-09-11,159.69316636888487,166.10819266642503,157.37283359337425,165.96194458007812,15059500
2024-09-12,166.93658512678775,168.4532888776036,165.37093714585598,167.74874877929688,13399900
2024-09-13,168.54134968425134,171.01701965268458,167.76830566325293,168.79576110839844,8787800
2024-09-16,166.26138198870976,166.89741801474992,163.1888104701731,165.44920349121094,12194300
2024-09-17,165.71343072478572,166.58431851271683,162.78763178589875,163.75637817382812,8629100
2024-09-18,164.8425502904869,167.91512233531287,163.41389529486005,163.68788146972656,9116000
2024-09-19,170.63539800219854,173.96238100189245,168.92297720771285,172.43588256835938,15855000
2024-09-20,171.11487177950718,172.24018586794188,169.92106862127207,170.3418426513672,18429800
2024-09-23,171.08551655344354,171.63348883431414,169.9699972870642,171.00723266601562,5794200
2024-09-24,175.64547771488967,178.8550429098415,173.248091172416,178.06243896484375,14576100
2024-09-25,177.62208656896865,179.87269989836796,177.3187458247383,178.43426513671875,8280900
2024-09-26,184.45219118348598,185.2643697321562,179.85312096778853,182.81805419921875,15103400
2024-09-27,181.84931212967874,181.94717072573692,173.59054830818158,174.1483154296875,17908400
2024-09-30,170.52776500281814,173.02300979828374,168.2380023478601,169.94064331054688,13540200
2024-10-01,171.54543068233994,172.21083628172275,167.11270806293984,168.37501525878906,11850200
2024-10-02,169.24592165045678,173.16980688275484,167.12250636186727,172.02493286132812,11164400
2024-10-03,172.02491562098393,176.90775199252352,171.35951001498051,175.62588500976562,12555000
2024-10-04,175.84116625510242,177.33831024113115,173.73734076473218,177.2698211669922,9993800
2024-10-07,177.70035186094967,181.02733474324074,177.04472621195,180.5478515625,12054200
2024-10-08,180.9882195543381,182.53427787102325,178.1211299127469,182.0548095703125,10394200
2024-10-09,183.76721451141313,183.96291675577956,178.34617126260585,183.1213836669922,11925000
2024-10-10,181.86887226325538,183.06267537011234,180.44021750335102,181.79058837890625,6443800
2024-10-11,184.1292918761032,187.37800635545935,183.9727240848056,186.7126007080078,12163900
2024-10-14,186.5168868366693,190.0787217460163,186.40924835323608,188.08253479003906,11714400
2024-10-15,188.81641201559728,189.4622279253761,180.2934427000807,183.11160278320312,21812700
2024-10-16,185.70471497762105,185.92977183979536,182.65171778247048,183.4541015625,18689200
2024-10-17,198.98330962932587,208.03467701966815,197.63293868934727,201.41983032226562,62274700
2024-10-18,201.52748494954287,201.52748494954287,196.44893115300434,196.468505859375,21030800
2024-10-21,196.4978383045753,199.07136691612934,195.37253917868543,197.6133575439453,14820000
2024-10-22,194.7952220673232,195.87159195222281,192.87730410362224,194.21788024902344,11165100
2024-10-23,192.45652101111176,198.76802678735382,192.0161872184058,196.54676818847656,16535700
2024-10-24,194.68759858112986,196.19452250850708,193.17087983486374,193.67970275878906,9935800
2024-10-25,195.94987952127124,200.7935814220888,195.7052479613196,199.07138061523438,13434900
2024-10-28,194.98113317128144,195.45083651680528,190.34292835045608,190.49948120117188,20135300
2024-10-29,190.21572301676508,194.52123267732892,189.44269382507846,192.71096801757812,13779100
2024-10-30,190.20594356187533,191.2529589199183,188.47394786121183,190.3037872314453,10007800
2024-10-31,188.71855207091457,188.71855207091457,183.63021912608534,186.4483642578125,13062700
2024-11-01,190.02979846129972,193.91454894387772,188.41523608983445,188.806640625,12691200
2024-11-04,189.54053301977004,190.18636393294574,186.50711058134385,187.4464874267578,10917300
2024-11-05,189.42309456659362,194.0808736815652,189.33503079625757,191.5562744140625,10339200
2024-11-06,187.9161626324431,190.0884919649707,184.45218649553743,189.07083129882812,19834900
2024-11-07,192.0944772741086,197.67207366682308,192.03576809067872,196.86968994140625,14865200
2024-11-08,199.5117087238807,202.17330121442967,195.7248170622274,196.8794708251953,13112100
2024-11-11,193.70906743114978,193.94390418057745,187.37800125497853,189.88302612304688,16610000
2024-11-12,189.66773916488248,189.8340868306795,185.64599580024523,187.6519775390625,11819000
2024-11-13,188.30758308537781,188.34671756342692,182.49513510641341,182.65170288085938,13882200
2024-11-14,184.3543203677982,188.52285131548757,183.51278728301284,184.45217895507812,11453900
2024-11-15,184.13905560820072,184.74575201346795,180.84142704812152,182.01565551757812,9834800
2024-11-18,180.39132447982044,183.96293940540045,179.54979128742306,183.4541015625,10681500
2024-11-19,185.0686635829217,185.93955129708374,183.98249891189934,185.59706115722656,9390100
2024-11-20,184.79469933081884,184.79469933081884,180.1075499517201,184.31521606445312,10624500
2024-11-21,185.34264190892864,188.17058188905855,182.72997887658363,187.1333465576172,18137300
2024-11-22,188.80662589310418,188.8555551889636,185.3622095141242,185.99826049804688,8838900
2024-11-25,184.05099517632047,184.2075629567259,179.76506043838103,181.1056365966797,14380000
2024-11-26,181.4187562130428,181.9080193257329,178.41468846531066,179.8922576904297,10186600
2024-11-27,178.09176764803271,178.5321014499485,174.22659216057787,177.29916381835938,9895200
2024-11-29,177.61227480478064,182.9354594106032,177.2893593859211,180.69464111328125,8045300
2024-12-02,185.27416887915538,191.09639746656808,184.88276432564717,190.2255096435547,16646900
2024-12-03,189.34483869866443,194.72673333867814,188.46417100274908,194.6190948486328,11217700
2024-12-04,195.55847367649244,198.249420817779,194.01240043630912,196.38043212890625,12761100
2024-12-05,196.92839497781947,201.2143444514457,196.43913188470688,199.91290283203125,12483700
2024-12-06,197.66231463243582,198.82676333038935,195.63675800366767,198.66041564941406,9672900
2024-12-09,196.61525179310772,198.7680212640713,194.70712879032098,194.89305114746094,9699700
2024-12-10,194.82458031790586,195.61718418316897,186.28203549398557,187.81832885742188,15307900
2024-12-11,190.4896926827801,191.79113431450637,189.10996716368027,190.42120361328125,9027600
2024-12-12,191.05534966877076,191.830833611285,187.77668210728348,187.94357299804688,7944900
2024-12-13,194.86407615034605,198.82005827087178,193.64686010005485,197.2985382080078,19477000
2024-12-16,199.4679630096838,201.72572349462638,197.18075471229545,198.50596618652344,15139300
2024-12-17,197.30834593239138,198.68262692756937,193.84318065733453,196.97459411621094,11169400
2024-12-18,199.27161799656997,201.4704826219099,190.3976569679699,191.96826171875,14721100
2024-12-19,194.75609181315775,194.9229826990445,190.3878254780675,191.06515502929688,10553400
2024-12-20,189.06262056676567,194.44196802320536,188.45399760339095,193.58795166015625,16170100
2024-12-23,197.30835388528462,204.2288737709989,197.2200104560065,203.55154418945312,17847000
2024-12-24,202.1379777016791,203.39446744045333,200.79314453874244,202.5404510498047,7634500
2024-12-26,201.7256936189015,204.3368424450223,199.16362946576803,199.33050537109375,8044900
2024-12-27,200.74405650390827,200.74405650390827,195.3941567712723,197.92677307128906,10664400
2024-12-30,196.1696474952223,198.26053177605436,194.83462525135246,196.7095489501953,11235200
2024-12-31,197.10220235726285,198.0740250056672,193.7352063262288,193.86282348632812,6427900
2025-01-02,193.3818171674925,200.02748076363557,193.07751315125722,197.87770080566406,10951400
2025-01-03,200.3514177018653,204.96509248684876,199.9587552865976,204.77857971191406,10261900
2025-01-06,214.75199165877197,218.11898779221653,211.72855830587096,215.96920776367188,24339900
2025-01-07,217.17658916574717,217.41217160671877,207.43878717076137,207.5369415283203,17010000
2025-01-08,206.11361026591754,206.43755115460453,202.1379911501737,203.31594848632812,13262700
2025-01-10,203.78713693770834,206.12341466970105,199.49738801321033,204.54298400878906,17265200
2025-01-13,196.8371745312873,199.8507819076943,196.37580553897592,197.6617431640625,16612400
2025-01-14,201.4213911751413,202.47173128821166,194.8542603077496,197.7500762939453,14182900
2025-01-15,198.77097770325372,205.2006653037942,195.6886490364736,203.00181579589844,18286500
2025-01-16,214.8697657763514,217.87356202343722,209.25482070823492,210.84506225585938,38539600
2025-01-17,211.21808706990709,211.71871478318832,207.18357262011378,207.61549377441406,21606100
2025-01-21,210.52114131980596,216.10662373274755,208.15540082904354,214.68325805664062,19061300
2025-01-22,217.87355928213137,221.28963977715546,215.2820473585719,219.10060119628906,17294500
2025-01-23,216.05754925567436,220.5730545757548,215.38021971302751,220.49452209472656,8986800
2025-01-24,222.06512577183747,222.241812607527,216.9017390888884,217.80484008789062,13183800
2025-01-27,193.42106117398708,203.19813757237432,184.2231599330463,188.77793884277344,68667500
2025-01-28,192.05659096982373,199.11453833010734,188.92519264299813,198.6826171875,31738800
2025-01-29,200.73425422629631,202.65824763651787,196.08130570979463,198.61392211914062,15199500
2025-01-30,202.77605847154746,205.77002894700877,201.647170852608,204.3270263671875,13539000
2025-01-31,206.07433754549376,211.0512271617516,204.37611558604397,205.47555541992188,15746900
2025-02-03,195.9635104464069,201.22506687534135,194.34380610123142,196.13038635253906,17719800
2025-02-04,200.3219592520505,201.97109637295486,198.36850315852655,200.3023223876953,12692900
2025-02-05,202.21651340815654,206.61422756401277,200.08637037987398,204.73931884765625,10997800
2025-02-06,206.20194419143797,207.30136899070067,203.1981478802099,206.6338653564453,8491400
2025-02-07,209.09775944603237,209.26463535398537,201.9416573765679,202.3343048095703,11616200
2025-02-10,204.17977620099953,206.12340641507578,202.7367736997574,204.1306915283203,9296500
2025-02-11,201.36249131340278,205.98597686346253,197.30834003107458,204.90618896484375,9224500
2025-02-12,201.13667982452148,203.2668375064667,199.28139327777657,202.58950805664062,7373700
2025-02-13,198.17217732245865,198.5844615982573,195.57083953999808,198.1230926513672,15580900
2025-02-14,196.30707335044397,202.46191990968953,193.8333675862775,200.1550750732422,23220300
2025-02-18,200.99930771386855,202.06929981296187,196.83719048058992,199.01641845703125,14988100
2025-02-19,198.29977592903938,198.87895107184727,196.34633487014077,197.25924682617188,13163100
2025-02-20,196.60158310473176,196.66047872623088,193.98062309823686,196.42489624023438,10639300
2025-02-21,197.63228894390426,198.96731120161243,192.40999114863592,194.5990447998047,13757300
2025-02-24,193.2640202250117,195.13892894227098,187.94356812340766,188.13006591796875,15114300
2025-02-25,187.14844234109964,189.975551939885,184.02685464122436,185.89195251464844,20581000
2025-02-26,187.5803367478158,192.47869317002252,187.5803367478158,191.04550170898438,14112300
2025-02-27,191.11424561319234,191.19277809764432,177.7542118835444,177.76402282714844,24219200
2025-02-28,176.01671552181463,178.81437722717504,172.2963308296179,177.2143096923828,27929400
2025-03-03,177.82290689260583,178.2352061538265,167.9280541511645,169.79315185546875,37403000
2025-03-04,171.84475885424763,180.22791736836857,170.98091657739133,176.69403076171875,29395200
2025-03-05,179.63895691089508,181.3470048442897,177.40083340012455,180.89544677734375,17334000
2025-03-06,175.30010973957846,178.21556239148566,172.56134392546525,172.62025451660156,17864300
2025-03-07,172.5613527831208,175.19213844966438,167.8789715987717,173.84730529785156,21012700
2025-03-10,169.3023426119347,171.67789404823776,164.8260959399891,167.51576232910156,18265100
2025-03-11,167.5157650830181,170.14655087642652,165.01261142717541,167.82989501953125,16561100
2025-03-12,172.3748587282097,174.85839043097488,171.55027515602941,173.916015625,14737600
2025-03-13,170.69625190923483,170.69625190923483,167.36851488112123,168.43849182128906,14381600
2025-03-14,169.4790234412456,171.16743431589234,168.77224609936843,170.892578125,11449400
2025-03-17,170.75514837789922,173.9061985781676,170.62754620527994,173.0030975341797,9678100
2025-03-18,171.84421908598918,172.04130773392998,167.95164686388395,170.61239624023438,9986000
2025-03-19,170.48427249619868,173.1745692333503,169.24260054910545,171.23321533203125,10678500
2025-03-20,172.30737131018432,176.07181379370516,172.01173084447672,174.88926696777344,12209700
2025-03-21,172.36649286299152,174.62318546573724,171.26276948276578,174.16001892089844,9993200
2025-03-24,177.37263516310404,180.2698697762024,177.0671304757584,178.52561950683594,11440000
2025-03-25,179.8165706128999,179.85598232721915,177.18539885277173,178.26939392089844,8718800
2025-03-26,176.62366075907707,176.93901458611813,168.97651089610858,170.97698974609375,14612400
2025-03-27,168.89769030683823,169.11449232663966,165.11353420341266,165.7935028076172,17559100
2025-03-28,165.5963758845333,166.17780760343155,161.6742567768864,162.84695434570312,16332000
2025-03-31,158.02807597915856,163.7141739468438,157.40723250753592,163.5860595703125,19408300
2025-04-01,163.97038692869847,166.41431901907504,162.6597257371973,166.1876678466797,9180000
2025-04-02,164.42370089754408,169.25243989282757,163.93097181488665,167.91221618652344,10072700
2025-04-03,157.7324516664803,159.44715450626663,154.92390455900468,155.0914306640625,28370500
2025-04-04,148.69578840627142,149.10967904921085,142.73376324038628,144.66526794433594,36085100
2025-04-07,132.5539865509284,151.51420908852614,132.2977728138838,144.04443359375,46388300
2025-04-08,149.7699529998641,150.39079656047105,136.95899469131987,139.31423950195312,30479700
2025-04-09,138.16123071017083,158.28428448714374,135.89467393994977,156.4414825439453,45612500
2025-04-10,153.23875980669712,153.73148893790835,144.77367694134387,148.93231201171875,24503500
2025-04-11,153.73147970327543,155.71224527847636,151.0214696444036,154.7957763671875,19632200
2025-04-14,155.9980406217057,156.28381689181342,151.7901297745251,153.5738067626953,17509400
2025-04-15,154.2143634729415,155.9487645404872,153.78075944683025,155.04214477539062,14306600
2025-04-16,148.40999938990726,151.30723364153565,146.33068214818192,149.4644317626953,23806100
2025-04-17,153.7807701159724,155.20968163795766,149.2476559390878,149.533447265625,27239900
2025-04-21,147.80886948385046,148.09464572367565,143.71920924567843,145.7098388671875,15170500
2025-04-22,145.84781241968727,150.38092611776133,145.2959582380571,149.1983642578125,12668600
2025-04-23,157.05247973215333,158.04780220881187,153.73149017291811,155.51516723632812,17667900
2025-04-24,155.4855995387044,162.15715601815154,155.10127142748394,161.7925262451172,18761100
2025-04-25,161.54615836796253,163.49737646506995,158.81644993220866,162.69915771484375,14654800
2025-04-28,162.60061929768105,162.91597317100084,158.16605695319885,161.0238800048828,11415600
2025-04-29,161.9896284824502,163.58606600150046,161.1224204291887,162.08816528320312,9830100
2025-04-30,161.16181952822436,164.49267289309688,159.3978560527475,164.26602172851562,10073000
2025-05-01,170.28718196721312,172.23838501579615,168.46407826104326,170.20834350585938,22670600
2025-05-02,177.18540088745686,178.02303139923274,174.56407826658196,176.67295837402344,21691200
2025-05-05,176.39700550579343,177.4613020920438,173.6869956446709,173.83480834960938,14618900
2025-05-06,170.09008833321676,172.19896824252586,168.10930776255594,169.7747344970703,14565600
2025-05-07,171.56827261048522,173.42092373634193,168.87796099238295,172.00186157226562,9682500
2025-05-08,172.79024724939654,174.86956477405556,171.1346845946214,172.6719970703125,10343000
2025-05-09,177.1853963391371,177.83580239292604,173.90381856254703,173.95309448242188,11582800
2025-05-12,184.5566268216615,186.41914238297127,181.9254549992969,184.260986328125,22064900
2025-05-13,184.9902098949475,191.4548131198742,184.9902098949475,191.16903686523438,19996000
2025-05-14,192.44028368106098,193.36661683149055,190.42009128402404,191.92784118652344,12359000
2025-05-15,190.2919977274667,191.66178411967616,188.84337286932217,191.3957061767578,10241800
2025-05-16,191.70119583419375,192.2432008894349,189.7697060479343,191.3957061767578,9146700
2025-05-19,186.25159543059593,190.6861572265625,186.0643559710847,190.6861572265625,10144400
2025-05-20,189.01087144585364,190.91279841003146,188.03526248849286,190.63687133789062,7054100
2025-05-21,190.29197616431466,192.4304185609461,187.75934148267626,188.97145080566406,7375700
2025-05-22,188.55757298996878,193.96774405354802,188.55757298996878,193.33705139160156,11825000
2025-05-23,189.22768968851528,189.99634588933893,187.266622437394,189.18826293945312,9403100
2025-05-27,191.27746192497844,195.4262329447162,190.88326958308508,194.80538940429688,12228200
2025-05-28,193.2384895868867,195.18970759652035,192.63735949971846,193.2877655029297,17787600
2025-05-29,196.5595021621241,196.89455434633763,193.22864858392163,194.2830810546875,14609900
2025-05-30,192.9231586783342,193.06112222675617,187.78891476946802,190.5087890625,11998300
2025-06-02,190.23285547810895,192.32203720983154,189.4050741503753,192.00668334960938,7447400
2025-06-03,191.52380094608628,195.2882433282764,190.82411903064215,194.73638916015625,9548300
2025-06-04,198.45156957504062,201.06302769089294,197.46611141254567,199.45672607421875,13531100
2025-06-05,201.9006706125036,202.76786355953618,199.3384734073802,200.383056640625,12214300
2025-06-06,200.61958023853305,203.29016351428606,200.27466385707774,202.19630432128906,8532000
2025-06-09,203.39857195455645,206.22684728997706,202.87628029741273,203.98985290527344,11472300
2025-06-10,208.5328074077316,210.12924485775542,206.90680741507023,209.37045288085938,14514000
2025-06-11,211.87352445518428,214.26818079294267,209.8533320285805,210.9866180419922,13326400
2025-06-12,210.59099293484513,213.51862189561794,209.5920461572646,213.0735321044922,9796100
2025-06-13,207.811717213781,210.9272549746671,207.10947689198082,208.7908935546875,10152500
2025-06-16,210.67010784160857,215.21979695850854,210.4030570003079,213.32078552246094,10932900
2025-06-17,211.55037177570432,213.57795094713933,211.16463837952938,211.5602569580078,8389700
2025-06-18,212.35149783897486,212.8163579443363,210.56129896559096,211.1646270751953,6932000
2025-06-20,212.84603953216853,213.14276101134945,205.87315268488268,207.21827697753906,16992000
2025-06-23,204.3698000357398,208.28647545892696,203.94449570662383,208.01943969726562,7535500
2025-06-24,212.0449082519412,217.95949218310867,211.5404922870226,217.68255615234375,14814700
2025-06-25,218.38480692540463,221.0552702591521,218.38480692540463,220.3035888671875,9168400
2025-06-26,222.5190680554059,222.75644826556345,220.26400888049588,221.55967712402344,7982200
2025-06-27,221.84649688161542,226.37640035066002,221.57944605159514,226.06979370117188,13133000
2025-06-30,224.95214812350093,225.65437333126886,222.34102638866386,224.01254272460938,9279800
2025-07-01,224.94225500455963,226.09947026769942,218.76062048380976,222.2223358154297,9990200
2025-07-02,222.02451826759608,231.26236402149354,221.5497729797945,231.04476928710938,12012500
2025-07-03,231.3118238305155,234.9812488842855,230.71839594548146,232.23165893554688,7779600
2025-07-07,229.09633663166315,230.0062714664003,224.95216623245454,226.66323852539062,13817500
2025-07-08,227.26656536489236,227.81055224441735,225.05106202459137,225.36756896972656,8854400
2025-07-09,227.92922122251156,230.71838191577604,227.72152675753793,229.30401611328125,9475300
2025-07-10,230.23373509678026,230.50078592789444,225.27854240766604,227.24676513671875,13124700
2025-07-11,228.4732036715932,229.72931598676968,226.89069925443167,227.8797607421875,8817800
2025-07-14,226.82148541214806,227.33580164011,223.83451532728643,226.168701171875,10673500
2025-07-15,231.89537025715035,235.1098201921258,231.29204212721817,234.35812377929688,14270100
2025-07-16,233.81414129393565,235.703252451527,231.58875283583902,234.96145629882812,15092800
2025-07-17,243.10142219353872,245.56419078946456,238.7495575810806,242.91351318359375,27395700
2025-07-18,242.62669704630306,243.2794813199559,236.0791141278278,237.77040100097656,16252000
2025-07-21,237.49346307002887,239.68918099708932,236.09889770436786,236.23736572265625,11971800
2025-07-22,235.22852402075864,235.3966626830778,229.2249128166287,232.0338592529297,11919500
2025-07-23,235.91097282581484,237.86931053295794,233.79438164345882,237.701171875,9885400
2025-07-24,237.58248044627922,239.3034378763647,235.42631842966208,238.957275390625,9081900
2025-07-25,238.6803311230758,243.5465119470764,238.30448291942392,242.91351318359375,11593400
2025-07-28,240.34194616284356,241.2815515759682,238.41327924287592,240.0946807861328,11892200
2025-07-29,238.8583394406215,241.30132242196086,237.19672345383262,238.69020080566406,9411500
2025-07-30,239.47157786964024,241.89479074280126,238.58142851060097,240.25294494628906,6823800
2025-07-31,243.2893442791621,244.7037100762124,237.17695143480157,238.97703552246094,13490700
2025-08-01,233.04268028404425,234.59551417965463,229.30402878904005,232.63717651367188,13549800
2025-08-04,235.3076381969098,236.38571166992188,233.80426040742444,236.38571166992188,6450700
2025-08-05,235.72304055746707,236.01976204025797,227.6522947033383,229.92713928222656,11868900
2025-08-06,228.50289504897336,229.66009528365544,226.3170774140901,228.83917236328125,9457200
2025-08-07,241.79588014745394,245.12901276652462,238.16602604278384,239.9661102294922,17691000
2025-08-08,240.50020707383274,240.50020707383274,236.35603681712252,239.18475341796875,10552500
2025-08-11,239.39245369359006,242.66626013917926,238.8979229128637,239.44190979003906,8272900
2025-08-12,241.05407115917808,242.09258875760275,239.05616269373908,241.61782836914062,7295800
2025-08-13,243.73441846195115,243.73441846195115,237.31541897887973,238.79901123046875,7971900
2025-08-14,235.36696024782208,238.739663497255,234.22954558912295,238.3638153076172,11040500
2025-08-15,237.701149691863,238.16600979949223,234.66472367359907,236.2670135498047,8155500
2025-08-18,237.36488257963254,240.20348434804967,237.36488257963254,238.76934814453125,6919800
2025-08-19,237.394555025528,237.54290821975607,230.03593475418785,230.1546173095703,14594700
2025-08-20,225.64451232924944,226.5247765476584,221.25307642010546,226.0994873046875,17165200
2025-08-21,225.65439116993508,227.81055324042055,223.78506540621768,224.84336853027344,7449100
2025-08-22,225.50601461121195,231.88545805881097,223.69603031449108,230.44143676757812,10299500
2025-08-25,231.73710258931123,234.68450150793558,229.70952358237176,233.0129852294922,7655000
2025-08-26,233.78446406541104,236.21756201810857,233.15146530329247,236.1087646484375,9793100
2025-08-27,234.27900399332705,236.7813285018608,232.8646532241043,236.6725311279297,9516400
2025-08-28,233.7152287241487,238.02753734338535,233.41850726433492,235.66368103027344,8466200
2025-08-29,233.26025652884064,233.36905389564595,228.05779856133378,228.34461975097656,15526000
2025-09-02,223.6762509693863,226.83135955189434,223.161949858343,225.89175415039062,13974900
2025-09-03,228.98753058273127,229.90735056526964,226.09947271440987,228.85894775390625,7198500
2025-09-04,228.81939828272428,232.7360736146898,227.78088062480495,232.63717651367188,6241900
2025-09-05,237.61212878873405,241.87498123443484,235.29771351998644,240.74745178222656,14056600
2025-09-08,239.34299772238555,245.16856935138122,238.97703470505294,244.48611450195312,12986600
2025-09-09,244.2289474339731,251.9436301044328,244.2289474339731,248.17530822753906,13443400
2025-09-10,256.0383223482335,261.68585454723996,254.9305783985607,257.5911560058594,18822400
2025-09-11,257.502193009987,258.77809092253375,255.4053872521673,256.07794189453125,10005000
2025-09-12,257.9967095132713,258.09562170431815,255.55372629485313,256.4933166503906,8496600
2025-09-15,257.15599481605153,259.92535499441186,255.91966791789744,258.5209045410156,8147700
2025-09-16,263.84097609726933,264.35689969082887,258.5724633115559,260.0111389160156,10381900
2025-09-17,262.2733433698033,262.7396700447274,257.6993996314724,260.7354736328125,10422000
2025-09-18,255.98290497700958,268.4248732551709,255.9630722413997,266.53973388671875,16917300
2025-09-19,264.28746706886636,264.48591554485137,260.7553022050341,262.7991943359375,17640200
2025-09-22,264.4561216538552,274.1993230411145,263.37464722264656,270.4985046386719,15630300
2025-09-23,280.19215138731926,283.7640121414001,277.8109209775945,280.4997253417969,17830300
2025-09-24,278.1184836694121,279.0114412520244,274.55655456745717,278.5153503417969,10231000
2025-09-25,270.9847074969126,274.97329799297,268.077621884693,274.4970397949219,11863400
2025-09-26,271.7486942723661,273.3460924748757,268.5042403297755,271.2228088378906,10451900
2025-09-29,274.32836448215124,277.68194415661844,271.0938720703125,271.0938720703125,8046200
2025-09-30,273.1675126962315,277.304894031587,271.68914115820706,277.1064758300781,8348800
2025-10-01,276.263079250509,288.2089555817036,275.00301937242045,286.21466064453125,14620100
2025-10-02,294.201735453789,294.40018392472103,284.7859398924857,285.85748291015625,10198000
2025-10-03,290.57035399568434,293.7453479391941,288.2188879210599,289.9056091308594,10572500
2025-10-06,297.66449814996815,304.89748231849245,297.59503815079455,300.0357971191406,15785000
2025-10-07,304.22276587496935,304.6990240193715,290.9870648531753,291.731201171875,13081000
2025-10-08,292.69366040684827,304.0045280074508,291.6816457696063,302.13922119140625,12821200
2025-10-09,299.9464865226407,300.46241017366395,295.0947331203456,297.5354919433594,10259900
2025-10-10,297.61482409111863,297.8529682966983,278.1382918317124,278.4657287597656,23398000
2025-10-13,295.9083028677765,302.24835937204824,290.0346033193896,300.52197265625,20318300
2025-10-14,293.31873829090944,299.39088664009864,289.06226948574704,293.6263122558594,16567900
2025-10-15,303.89536190204666,304.2128370554683,297.72399009995434,302.32769775390625,20788000
2025-10-16,308.49904950435075,308.9356118757877,294.37039174943067,297.4957580566406,26341500
2025-10-17,296.067061299752,300.9287463633989,292.61428780163743,292.77301025390625,17633300
2025-10-20,297.654564812383,301.2760226284694,294.7375476549026,295.37255859375,13391600
2025-10-21,296.66234488893014,297.0294472938208,291.3640979481377,292.20745849609375,11190500
2025-10-22,290.7092747532754,292.8920868800823,282.1765050016482,286.6214904785156,15409100
2025-10-23,287.53427914594323,291.7907476292175,287.36562519288015,288.45703125,10379900
2025-10-24,293.2592078783434,295.62060561622206,292.0884405175595,292.6539611816406,8747000
2025-10-27,296.3151101013185,298.13081988382834,291.3938964929148,295.9182434082031,13615000
2025-10-28,295.9876818048232,299.7678920400173,293.7651739833993,299.1725769042969,11804200
2025-10-29,303.4091524445637,305.55226855495886,300.01590797900826,302.7047119140625,16177300
2025-10-30,300.7104452490958,304.9073851443799,298.46813498103774,300.849365234375,14507100
2025-10-31,303.59767416941185,305.274463694973,294.3604647981282,298.0811462402344,12667900
2025-11-03,300.22429017475446,307.69541799091246,299.75796351301875,302.4765319824219,12466600
2025-11-04,294.5589289653047,299.6289632802758,291.2152812422831,291.75103759765625,16224300
2025-11-05,290.3322240172327,295.8884479721017,289.22098528205584,291.3442687988281,10502500
2025-11-06,291.8006567120239,292.3364433314327,285.1331941869922,286.9786376953125,11516900
2025-11-07,282.98017824791947,285.6392486300482,274.96336218619797,284.2601013183594,15715700
2025-11-10,292.05859781386835,294.8069605685671,289.46901804750956,292.96148681640625,10869200
2025-11-11,289.7766112533748,292.6142669187118,286.6512446697196,288.8935852050781,9666300
2025-11-12,291.40380677329665,292.5646425230715,287.3159923229249,288.3478698730469,9715900
2025-11-13,286.90925294088515,287.2366596446681,277.81093160796917,279.9937438964844,13827600
2025-11-14,273.75288761525394,284.61726029850365,271.09384762378875,282.5932312011719,11486800
2025-11-17,279.23962493544076,284.2898262429512,277.612432385179,279.80517578125,10227100
2025-11-18,275.3800424644778,277.999416912211,270.58781776308274,275.73724365234375,11850400
2025-11-19,274.755011120154,282.32533319842275,274.15969595458324,280.1623840332031,11179200
2025-11-20,289.92542986207985,290.56044073608274,274.24896982769974,275.3304443359375,15747300
2025-11-21,270.6771063971571,276.51114005253663,264.73394728093143,272.9095153808594,20872800
2025-11-24,271.05414860241115,282.8313417341185,271.05414860241115,282.4146423339844,13570300
2025-11-25,280.51957879068505,283.168687312,270.9449999389071,282.4543151855469,13726800
2025-11-26,286.83973144810403,290.5207170246603,285.4804473830647,287.6929931640625,12220300
2025-11-28,290.1933134527253,290.38183039735287,286.7405102489479,289.23089599609375,5515400
2025-12-01,284.6768400419305,288.88368154911774,280.97599070687,285.4308776855469,7713000
2025-12-02,289.7170732420839,292.19752763627986,286.9191134184747,289.8063659667969,10746400
2025-12-03,289.89568272362914,294.30097251523483,283.8334662155739,293.14013671875,9599200
2025-12-04,291.6816406868762,291.73123766940074,287.93119438258316,290.63983154296875,6753000
2025-12-05,293.7354210413758,298.4482847720855,290.95732400644687,292.41583251953125,10275300
2025-12-08,298.8451733562611,300.25405457057155,294.40018794594533,299.5099182128906,16643100
2025-12-09,297.64462753617414,302.2979628982157,296.16628624886454,301.03790283203125,11349100
2025-12-10,302.98254453904786,311.5252453880711,300.13498768236843,307.71527099609375,12429200
2025-12-11,303.7507581691417,304.26807460223984,298.0999588756921,303.2831726074219,15028400
2025-12-12,302.7161132388162,302.7161132388162,289.48448241535397,290.5390319824219,19306100
2025-12-15,293.63302726110277,294.2796804187271,286.0720825024157,286.2611083984375,12082400
2025-12-16,285.7835789370498,286.9773930782894,281.86382693382285,285.39556884765625,11418400
2025-12-17,287.04703993240423,287.614117587584,273.6661568096194,275.5364990234375,16823000
2025-12-18,283.5351899801831,285.6840919054254,280.30189395409326,283.2168273925781,11260300
2025-12-19,284.90810644792566,290.66835626538773,284.90810644792566,287.46490478515625,12735800
2025-12-22,293.1554838489765,293.493732691408,289.71324551694175,291.7726135253906,6091100
2025-12-23,291.8920250943214,296.3788550570647,290.6982108724501,295.4237976074219,6802300
2025-12-24,296.2097021978008,297.62241721204856,294.70748375869647,297.2642517089844,2753900
2025-12-26,298.35858618714826,301.82071082512005,296.98567416931934,301.2834777832031,5125900
2025-12-29,300.22894787531203,302.9349691756451,297.11503019815467,299.3733825683594,6205100
2025-12-30,300.8059324655372,302.98467885528527,297.91091583768343,298.04022216796875,6190600
2025-12-31,302.43754506486727,305.8101362096284,301.8704673812959,302.328125,8175100
2026-01-02,310.3765265882512,319.93711947544307,310.0979669193405,317.96728515625,18526900
2026-01-05,328.7018245469152,329.5474618418999,319.8475742857987,320.5937194824219,17446300
2026-01-06,328.52276956882855,331.3680554544452,322.9217012206051,325.7471008300781,15599600
2026-01-07,323.0013177821987,324.6229146225213,316.90281908114616,317.0420837402344,11744800
2026-01-08,322.7227320712232,322.83215212591426,314.51513498327625,316.3755187988281,10850800
2026-01-09,318.186156924328,323.1007692434349,316.6142910064096,321.9666442871094,12325100
2026-01-12,320.44453640525086,331.8356696086022,319.4098731027985,330.0648193359375,12714800
2026-01-13,331.1591315955093,334.69090375314994,329.07987728467845,329.5076599121094,11473600
2026-01-14,328.16460730778095,328.16460730778095,323.1505332047328,325.4287414550781,11210800
2026-01-15,341.0480638104695,349.5242628055195,336.18321263410184,339.88409423828125,42188500
2026-01-16,344.7290589359912,348.0518887589723,339.7049961073824,340.6401672363281,18246100
2026-01-20,339.03843525904966,340.39143063452354,325.2198117253413,325.4784851074219,22809900
2026-01-21,331.7162742776711,331.92521680778634,324.0061066799057,324.44384765625,16789800
2026-01-22,331.70633142130043,333.327928191825,325.2198228962958,325.6874084472656,12801000
2026-01-23,330.3632680425013,335.4171450220839,329.6668536862397,333.14886474609375,12904400
2026-01-26,331.07957531024965,333.3777002269528,328.53273531285805,330.9999694824219,8646400
2026-01-27,334.7705043193549,339.4960909330754,332.8404728314193,336.6010437011719,11298100
2026-01-28,341.2669389047847,343.72424514237343,336.91940410614177,340.5406799316406,12140100
2026-01-29,338.05352465035566,341.97327674069385,326.5131692249356,337.8048095703125,13844800
2026-01-30,333.6960598625758,338.1530146381896,327.4085353918609,328.86102294921875,12028100
2026-02-02,329.0600043192495,342.4309292522656,327.40853256904984,339.6054992675781,12459100
2026-02-03,343.2964585126223,345.2662625188203,328.32379245385806,334.02435302734375,12540000
2026-02-04,333.8751345918697,337.05866944832655,317.4300944641324,324.0657958984375,18176000
2026-02-05,321.16080290831286,332.85041119948266,318.00708246167767,329.0301513671875,14812000
2026-02-06,335.7653663679586,347.92256099576986,334.9197290027381,347.0570373535156,17025500
2026-02-09,346.96749787603636,357.7517801934697,346.01241010097175,353.58331298828125,14594900
2026-02-10,362.4574411737488,362.88525417859324,354.5582782923775,360.0498962402344,14622100
2026-02-11,368.1778977228668,377.6290708618505,366.49661169632776,372.16729736328125,18651300
2026-02-12,377.0520396411809,378.0468999040864,320.4444967540037,366.20806884765625,16835400
2026-02-13,367.2526891184118,369.20260688741604,358.9157545960688,364.4770202636719,10468200
2026-02-17,360.0101138750984,364.317876239013,354.4090451865427,362.3281555175781,10063800
2026-02-18,361.9898539972341,367.49146059968047,358.8560501260037,360.3981018066406,7310500
2026-02-19,357.87114996380035,360.9353063430657,355.6028696838767,358.5377197265625,6346500
2026-02-20,357.93085210246517,370.2870308906031,357.2543543574776,368.63555908203125,9009200
2026-02-23,365.12369699323017,371.5106832672191,364.5765055989434,368.13812255859375,9550200
2026-02-24,377.4499954626336,387.1797280779624,374.11720735268767,383.7673645019531,13269500
2026-02-25,388.2044166508074,388.2044166508074,382.8520635515886,385.7371826171875,10948400
2026-02-26,384.1951580425536,384.4836760415777,367.7998791031673,374.8733215332031,14535700
2026-02-27,368.2376028761936,374.74396732300823,366.7253958022188,372.6547546386719,9186600
2026-03-02,363.482134090646,371.1823732345651,362.77579179913977,367.2128601074219,12571600
2026-03-03,347.75341597792504,354.1503909697605,342.37124831361416,351.3150329589844,18580200
2026-03-04,355.5929164372393,359.2341088470799,352.7277138615793,355.6028747558594,12131100
2026-03-05,353.0759230038478,357.6224419722406,342.0329673325376,352.041259765625,16249800
2026-03-06,341.7345153172319,346.927687332115,334.95951905814144,337.1482238769531,13803000
2026-03-09,333.8751301072361,347.6041904053892,330.21405140915897,346.9078063964844,19182800
2026-03-10,346.67897287429116,351.68311901099446,342.5403503481588,345.3060607910156,12985600
2026-03-11,352.11090404219846,355.51333967861297,348.55924543066214,352.7376708984375,10683300
2026-03-12,344.15201374736165,345.10710148802195,334.6511100969132,334.9794006347656,17549400
2026-03-13,342.1523487531383,342.74924061144304,334.49191272382546,336.5711669921875,17299900
2026-03-16,339.4961004047393,342.85873330456,338.0734573658087,338.4813537597656,11123500
2026-03-17,339.80422636727593,345.9498377627922,337.6093542809213,345.1716613769531,11434600
2026-03-18,344.97212438439857,347.1370678303785,338.5471682530561,338.7766418457031,12632600
2026-03-19,328.45082575092425,339.10586615055837,324.43024248767375,337.99847412109375,15411600
2026-03-20,335.8933840112334,336.8112479482066,325.13857128583965,328.47076416015625,17424200
2026-03-23,330.3264373947262,342.6076743711966,330.3264373947262,337.6592712402344,15857200
2026-03-24,334.785979471341,344.0742250937163,333.23958263321845,342.4480285644531,9725000
2026-03-25,345.1916191490497,349.6312345218189,342.69746005115195,346.9375305175781,12166900
2026-03-26,339.0260424773275,340.1134921176816,324.60979167775395,325.3480529785156,14560200
2026-03-27,324.07105189915274,328.790011660255,321.55695060249406,325.9765930175781,14484500
2026-03-30,326.4355412347163,328.82992777912506,313.0668246730703,315.7605285644531,15740000
2026-03-31,321.5569573535184,337.61934764620054,320.38970797374367,337.1604309082031,18488000
2026-04-01,343.0965116413069,347.8653425105511,338.9562137218917,340.692138671875,15011600
2026-04-02,326.07638551144646,341.27081394543603,326.03647044026826,338.2478942871094,8994600
2026-04-06,338.9562037807292,343.39581892266654,337.82883905569076,340.9615173339844,5884800
2026-04-07,338.64694705989115,344.7227149499429,334.8657933542661,344.5132141113281,6823500
2026-04-08,369.4248627966387,373.4254731273044,358.40066175401483,365.04510498046875,16356900
2026-04-09,362.4511920505476,367.30983960338875,359.87723322860296,364.6360778808594,9246000
2026-04-10,374.71246240799366,377.1168353024966,368.8861107224818,369.734130859375,13168200
2026-04-13,369.3949332866031,370.5921113356213,365.1947476205656,368.70654296875,9596300
2026-04-14,378.15442125299387,381.26712682827457,372.34801176649427,379.00244140625,12859500
2026-04-15,380.51888786713016,381.08756344198474,371.34037031444194,374.2236328125,14955500
2026-04-16,367.9981737410995,369.33506973188184,359.70759182167325,362.5010681152344,26405800
2026-04-17,372.32807283213566,374.7024866580013,364.286906540967,369.6343688964844,18419400
2026-04-20,368.3573563560101,369.20537650698327,363.39896703611515,365.3843078613281,11638300
2026-04-21,367.2200012207031,369.8837764053379,364.2569391372449,367.2200012207031,9808200
2026-04-22,370.91137431172075,387.0036931518485,369.7740536326661,386.5347900390625,16317200
2026-04-23,383.35224217986075,387.8517148042079,374.93195887493795,381.7659606933594,12224900
2026-04-24,395.2144730265238,408.5332577264124,392.92981485809634,401.5196838378906,21603600
2026-04-27,412.7833122399991,413.5315599359024,399.4644971636646,404.0338134765625,16561200
2026-04-28,391.2038526301569,396.94041842795855,383.80120564186564,391.42333984375,14715800
2026-04-29,391.9920175913842,394.92515107739615,387.27305769604214,392.90985107421875,10313000
2026-04-30,396.8805548572255,397.8582761473064,384.80881919042196,395.1346435546875,12788100
2026-05-01,392.52077768207715,403.0461167104827,391.21384077360295,396.74090576171875,9926400
2026-05-04,403.5748660890813,406.74745945720974,394.27666453205956,400.6716613769531,9978500
2026-05-05,403.6547204596296,405.18114463225464,391.6827566127574,393.488525390625,14579000
2026-05-06,401.4598431080775,418.719442367678,399.71393173607123,418.5198974609375,17736400
2026-05-07,417.1131700589296,419.01871118477544,407.1564763896412,413.182373046875,13403200
2026-05-08,415.97584625622636,416.025717257243,399.9433850490627,410.7181396484375,18531200
2026-05-11,405.7896903250927,406.7773980105824,397.25967856796774,403.5948486328125,14680000
2026-05-12,396.8207097656788,401.30020973210407,385.2178768500887,396.351806640625,18121800
2026-05-13,397.33948163077406,403.73450913124304,390.5553811479706,398.86590576171875,13127800
2026-05-14,402.2679401856103,420.9841194624343,401.16054818027357,416.7440490722656,18577100
2026-05-15,405.55027471857755,408.91239635591,397.8981811079678,403.4053039550781,11868600
2026-05-18,405.9293892063572,405.9293892063572,390.1363566382977,395.0249328613281,12117200
2026-05-19,388.59995521209726,397.9480581917038,384.16034005204995,391.69268798828125,14083000
2026-05-20,396.0724699406183,402.93640073945727,395.02493528427414,400.6816711425781,10254300
2026-05-21,398.57659636269995,410.4986581682928,398.57659636269995,406.19873046875,8937900
2026-05-22,408.47342232875764,409.7105459625166,401.9187648184228,403.57489013671875,7111900
2026-05-26,412.1547776294236,415.5168990579511,409.11191585695747,411.3566589355469,10132000
2026-05-27,426.0222949648963,429.5440462174616,414.4095066168901,421.7423400878906,14695600
2026-05-28,421.23352403082976,426.6009590399201,413.7410606943367,423.8673400878906,8905800
2026-05-29,426.07220654761306,429.4343280523075,416.275142560005,417.47235107421875,11232300
2026-06-01,423.88732908446804,448.34007446195545,421.5128847675093,434.6122131347656,18040400
2026-06-02,439.550621789287,447.3324162485465,434.99132221113416,445.6463623046875,10147900
2026-06-03,448.9386530451177,449.1082692608182,433.51478164674097,435.66973876953125,10245200
2026-06-04,429.6239016262129,446.96330070052613,426.3016646283289,443.8805236816406,10974100
2026-06-05,428.7658764802955,432.88623203958207,411.8255679561694,414.20001220703125,19644200
2026-06-08,422.7799063408481,432.79645773034827,421.5428131800681,425.8028259277344,11245400
2026-06-09,429.8733028229284,437.13629271417284,404.56258181002585,426.92022705078125,21199500
2026-06-10,412.9928324745404,425.3239709144749,406.74747878276156,407.7950134277344,13139700
2026-06-11,413.260009765625,422.25,408.8599853515625,421.07000732421875,13826500
2026-06-12,420.04998779296875,426.94000244140625,417.2099914550781,423.92999267578125,10362500
2026-06-15,438.67999267578125,442.5799865722656,431.92999267578125,441.3999938964844,11184900
2026-06-16,436.0199890136719,440.3299865722656,425.20001220703125,425.8299865722656,10943500
2026-06-17,434.75,442.5,431.6400146484375,432.1499938964844,10934100
2026-06-18,438.8800048828125,465.2200012207031,438.3900146484375,462.1199951171875,25817100
2026-06-22,476.0899963378906,476.7900085449219,465.1700134277344,467.6700134277344,13686200
2026-06-23,439.17999267578125,447.3299865722656,434.19000244140625,436.3900146484375,20364500
2026-06-24,433.9800109863281,443.8599853515625,432.5799865722656,440.8299865722656,9991200
2026-06-25,452.8999938964844,452.8999938964844,432.44000244140625,434.989990234375,14769500
2026-06-26,425.0,436.1300048828125,419.19000244140625,432.3500061035156,17974100
2026-06-29,437.0,456.1000061035156,431.0899963378906,455.1000061035156,14881400
2026-06-30,455.6099853515625,479.0,453.0,477.57000732421875,15074300
2026-07-01,467.6700134277344,468.510009765625,443.4700012207031,444.2300109863281,18534800
2026-07-02,450.5400085449219,461.4700012207031,429.5,434.1600036621094,18375000
2026-07-06,447.7799987792969,460.0299987792969,445.6000061035156,451.7900085449219,12788500
2026-07-07,438.0199890136719,439.79998779296875,428.1099853515625,432.57000732421875,14898400
2026-07-08,429.0,440.489990234375,428.75,436.9800109863281,11411200
2026-07-09,446.7300109863281,447.69000244140625,436.3900146484375,436.9599914550781,11455600
2026-07-10,438.6700134277344,439.6600036621094,428.1000061035156,434.1099853515625,9595100
2026-07-13,433.82000732421875,437.989990234375,420.2900085449219,421.5799865722656,14329800
2026-07-14,430.8699951171875,431.05999755859375,418.8599853515625,420.3900146484375,14279000
2026-07-15,425.75,428.8900146484375,410.75,419.4800109863281,17012300
2026-07-16,405.2900085449219,415.95001220703125,403.5,409.739990234375,24891300
2026-07-17,392.1199951171875,404.70001220703125,386.0199890136719,398.3699951171875,20986500
2026-07-20,407.7099914550781,409.8900146484375,400.0799865722656,402.29998779296875,11653600
2026-07-21,418.739990234375,425.3999938964844,413.55999755859375,424.6099853515625,18210100
2026-07-22,414.9100036621094,424.80999755859375,414.2099914550781,421.2099914550781,10259500
2026-07-23,415.8399963378906,420.8399963378906,411.79998779296875,415.5799865722656,11048800
2026-07-24,411.3450012207031,412.8800048828125,400.80010986328125,403.4100036621094,11485132
