date,open,high,low,close,volume
2021-07-23,1895146.855585831,1967244.833787466,1884847.1444141688,1889997.0,18
2021-07-26,1920896.226255088,1933770.8658412483,1877122.4516621437,1897721.875,16
2021-07-27,1918321.5460102959,2114016.092985843,1918321.5460102959,2000719.25,41
2021-07-28,1980119.3624320654,2005868.6389266306,1877122.2564538044,1895146.75,34
2021-07-29,1895147.2022955522,1895147.2022955522,1779275.4304160688,1794725.0,45
2021-07-30,1843648.6884164223,1846223.6167521996,1745801.4116568915,1756101.125,41
2021-08-02,1722626.75,1732926.461509716,1653103.697309417,1722626.75,45
2021-08-03,1717476.9039193303,1779275.173325723,1689152.697108067,1691727.625,41
2021-08-04,1691727.923622047,1691727.923622047,1609330.216535433,1635079.5,52
2021-08-05,1614479.793103448,1668553.278996865,1609329.937304075,1642804.0,30
2021-08-06,1671128.4631782945,1678853.2480620155,1640229.3236434108,1660828.75,21
2021-08-09,1647953.93568147,1702027.4241960184,1640229.1516079633,1681428.0,19
2021-08-10,1668553.2,1774125.2388888889,1663403.3444444444,1738076.25,25
2021-08-11,1714901.957048458,1820473.9994493392,1714901.957048458,1753525.875,30
2021-08-12,1776700.2592329544,1856523.0245028408,1776700.2592329544,1812749.25,24
2021-08-13,1812749.4956521739,1828199.0652173911,1771550.6434782608,1776700.5,17
2021-08-16,1799874.5528295129,1838498.4702722062,1779275.1301934097,1797299.625,21
2021-08-17,1838498.7235772358,1949220.6355013552,1838498.7235772358,1900297.0,43
2021-08-18,1905446.6806994819,1990419.3029468912,1879697.40123057,1987844.375,28
2021-08-19,2008443.6752988049,2059942.2310756973,1902871.6359561754,1938920.625,51
2021-08-20,1923470.9541440217,1967244.7241847827,1884847.039402174,1895146.75,22
2021-08-23,1841073.457780236,1841073.457780236,1732926.4854351033,1745801.125,27
2021-08-24,1727776.538888889,1753525.8166666667,1712326.9722222222,1738076.25,15
2021-08-25,1722626.7986006052,1725201.7265506808,1660828.5277987898,1702027.375,23
2021-08-26,1712327.1401515151,1738076.4204545454,1676278.1477272727,1699452.5,22
2021-08-27,1691727.467845659,1699452.2508038585,1591305.2893890676,1601605.0,33
2021-08-30,1578430.841112013,1606755.048701299,1542381.8496347403,1586155.625,31
2021-08-31,1586155.5111111111,1663403.3444444444,1581005.6555555556,1622204.5,37
2021-09-01,1601605.2937500002,1650528.928125,1596455.4375,1647954.0,24
2021-09-02,1632504.5716535433,1655678.9267716534,1617055.0015748031,1635079.5,20
2021-09-03,1637654.1690821256,1645378.9528985508,1578430.826489533,1599030.25,25
2021-09-07,1599030.130772293,1645378.8302149682,1596455.2030254777,1617054.625,18
2021-09-08,1642804.0610599078,1720051.9009216588,1629929.4210829493,1676278.125,40
2021-09-09,1681427.976902174,1681427.976902174,1627354.4891304348,1658253.625,26
2021-09-10,1622204.4804936305,1622204.4804936305,1542381.7203423567,1617054.625,72
2021-09-13,1570706.1437908497,1640229.202614379,1562981.3594771242,1575856.0,48
2021-09-14,1560406.341133005,1596455.3325123154,1534657.0615763548,1568131.125,55
2021-09-15,1568131.2470930233,1609330.0975913622,1544956.8936877076,1550106.75,37
2021-09-16,1575855.91959799,1599030.271356784,1519207.5041876046,1537232.0,48
2021-09-17,1547531.7790464743,1629929.477764423,1544956.8509615385,1606755.125,50
2021-09-20,1704602.1505216095,1797299.5484351714,1691727.5119225036,1727776.5,63
2021-09-21,1689152.8253012048,1761250.811746988,1673703.2567771084,1709752.25,40
2021-09-22,1673703.3105939005,1691727.8077849117,1593880.5373194222,1604180.25,46
2021-09-23,1583580.6490384615,1601605.1442307692,1526932.235576923,1539806.875,38
2021-09-24,1581005.6867720466,1583580.6146006656,1537231.9136855241,1547531.625,29
2021-09-27,1593880.3457711441,1624779.4800995025,1539806.8606965174,1552681.5,36
2021-09-28,1635079.306379822,1740651.3560830862,1617054.8100890208,1735501.5,67
2021-09-29,1730351.4745762711,1833348.586158192,1712326.980049435,1823048.875,49
2021-09-30,1779275.1025776835,1825623.802789548,1735501.3301553673,1823048.875,43
2021-10-01,1797299.5971045198,1910596.4198446327,1789574.8137358758,1823048.875,35
2021-10-04,1853948.622047244,1977545.1968503937,1846223.8361220472,1962095.625,50
2021-10-05,1926046.2407152683,1944070.7376203577,1830773.8999312243,1871972.75,42
2021-10-06,1931196.2239583335,1954370.5786458335,1846223.590104167,1853948.375,43
2021-10-07,1779275.3935786434,1792150.0346320346,1709752.3318903318,1784425.25,37
2021-10-08,1763825.693469101,1846223.3900983147,1758675.8374297754,1833348.75,27
2021-10-11,1869397.591563786,1879697.3028120713,1784424.9737654321,1877122.375,24
2021-10-12,1835923.4635278515,1972394.6326259947,1833348.5358090184,1941495.5,44
2021-10-13,1910596.42780027,1933770.7780026991,1877122.3663967613,1908021.5,30
2021-10-14,1802449.4444444445,1825623.7944444444,1738076.25,1738076.25,43
2021-10-15,1699452.5,1727776.7083333333,1684002.9318181816,1699452.5,28
2021-10-18,1735501.464673913,1761250.7445652175,1658253.625,1658253.625,26
2021-10-19,1650528.6254019293,1673702.9742765273,1599030.0723472668,1601605.0,27
2021-10-20,1614479.928115016,1629929.4968051119,1591305.5750798723,1611905.0,25
2021-10-21,1642803.9954545456,1642803.9954545456,1552681.5192148762,1557831.375,31
2021-10-22,1586155.7188498403,1619629.784345048,1534657.1565495208,1611905.0,35
2021-10-25,1591305.5150897226,1606755.0831973897,1550106.66680261,1578430.875,26
2021-10-26,1539807.0065359476,1591305.5686274508,1524357.4379084967,1575856.0,46
2021-10-27,1604180.2156549522,1624779.64057508,1552681.6533546327,1611905.0,37
2021-10-28,1544956.626506024,1552681.409638554,1496033.0,1496033.0,52
2021-10-29,1537232.0419565216,1544956.8260869565,1478008.6969565216,1480583.625,41
2021-11-01,1478008.494981752,1483158.3503649635,1405910.5196167885,1411060.375,40
2021-11-02,1413635.4886363635,1416210.4166666665,1354412.1439393938,1359562.0,45
2021-11-03,1351837.1493602362,1364711.7888779528,1300338.59128937,1308063.375,42
2021-11-04,1264289.6222707422,1284889.0458515284,1158717.576419214,1179317.0,101
2021-11-05,1150992.764423077,1171592.1875,1109793.9182692308,1138118.125,95
2021-11-08,1117518.835106383,1127818.5478723405,1066020.2712765958,1089194.625,89
2021-11-09,1058295.4867021276,1125243.619680851,1053145.630319149,1089194.625,108
2021-11-10,1150992.8111413044,1199916.4429347827,1107219.035326087,1184466.875,119
2021-11-11,1125243.695185615,1153567.9071925755,1102069.3399071926,1109794.125,76
2021-11-12,1094344.3168257757,1117518.6670644393,1060870.2553699284,1078894.75,60
2021-11-15,1058295.3794856458,1112368.8660287082,1050570.5956937799,1076319.875,50
2021-11-16,1096919.5240024938,1099494.4524625936,1024821.5271197008,1032546.3125,61
2021-11-17,1029971.1491442543,1068595.067237164,1029971.1491442543,1053145.5,52
2021-11-18,999072.0719794345,1029971.208226221,983622.5038560411,1001647.0,72
2021-11-19,1004221.8798828125,1014521.5914713541,970747.817220052,988772.3125,59
2021-11-22,970747.8620957711,1037695.9905161691,932123.9418532338,1035121.0625,96
2021-11-23,1042845.9375,1099494.3587962964,1014521.7268518519,1042845.9375,103
2021-11-24,1071170.1628498728,1102069.3021628498,1009371.8842239185,1011946.8125,69
2021-11-26,1068594.9735294117,1117518.5988235294,1037695.8417647058,1094344.25,70
2021-11-29,1045420.6112600536,1058295.2493297586,960448.0,960448.0,82
2021-11-30,978472.5126903553,1042845.7043147208,952723.2360406092,1014521.5,93
2021-12-01,975897.9033808933,1042846.0445099255,916674.5477667493,1037696.1875,127
2021-12-02,1071170.2580645161,1096919.543114144,1014521.8309553349,1037696.1875,113
2021-12-03,993922.3097290641,1081469.8706896552,960448.2423029557,1045420.875,108
2021-12-06,1058295.3994164618,1148417.8786855037,1037695.9755835381,1047995.6875,123
2021-12-07,978472.7492774567,978472.7492774567,883200.4026372833,890925.1875,152
2021-12-08,903799.6970880681,937273.7599431818,901224.7691761364,906374.625,75
2021-12-09,924399.1610704787,973322.793550532,896074.9527925532,968172.9375,92
2021-12-10,916674.2848360656,981047.4789959016,901224.718237705,942423.5625,77
2021-12-13,934698.8662974684,1022246.4185126582,929549.0102848102,1017096.5625,82
2021-12-14,1053145.7216478698,1071170.2205513786,1014521.7954260652,1027396.4375,121
2021-12-15,1019671.4957865169,1068595.1281601123,916674.375,916674.375,91
2021-12-16,908949.6689814815,1055720.5787037038,903799.8125,1042845.9375,92
2021-12-17,1071169.7524752475,1078894.5343440594,993921.9337871288,1040270.625,99
2021-12-20,1089194.6576876515,1104644.227300242,1045420.8771186441,1063445.375,71
2021-12-21,999071.9690860215,1042845.7409274194,952723.2694892474,957873.125,68
2021-12-22,973322.7203038675,983622.4316298342,932123.875,932123.875,48
2021-12-23,921824.1530172414,921824.1530172414,880625.3081896552,896074.875,75
2021-12-27,888350.203125,888350.203125,823977.0,823977.0,80
2021-12-28,811102.3295454545,862600.8901515151,811102.3295454545,849726.25,93
2021-12-29,854876.1060606061,862600.8901515151,829126.8257575757,849726.25,40
2021-12-30,849726.2390350878,883200.3029970761,842001.4550438597,880625.375,52
2021-12-31,875475.519005848,883200.3029970761,854876.0950292398,880625.375,53
2022-01-03,867750.7323369565,875475.5163043479,829126.8125,829126.8125,72
2022-01-04,821402.0657592025,898649.9089340491,803377.5690184049,839426.5625,116
2022-01-05,860025.8596368715,924399.0527234637,834276.5824022347,921824.125,127
2022-01-06,926974.0186246418,955298.2247492836,888350.1011819484,898649.8125,114
2022-01-07,906374.7000000001,988772.4,893500.0593750001,978472.6875,105
2022-01-10,1011946.6036706349,1078894.7250330688,970747.759755291,973322.6875,178
2022-01-11,991347.3651960784,1009371.862745098,919249.375,919249.375,104
2022-01-12,896074.9564285714,932123.9489285714,875475.5321428571,901224.8125,130
2022-01-13,862600.927473262,973322.8375668449,839426.5741978609,963023.125,182
2022-01-14,988772.275862069,991347.2036637932,893499.947198276,896074.875,178
2022-01-18,944998.6773218829,1022246.5256043257,939848.82076972,1011946.8125,167
2022-01-19,993922.2196969696,1107219.053030303,970747.8674242424,1104644.125,208
2022-01-20,1076319.936836518,1215366.0530785562,1053145.5841295116,1212791.125,209
2022-01-21,1225665.7424242424,1279739.231060606,1130393.4053030303,1274589.375,238
2022-01-24,1359561.9069767443,1478008.5882663848,1217940.875,1217940.875,255
2022-01-25,1323512.904716981,1385311.1726415094,1274589.2759433961,1364711.75,194
2022-01-26,1246265.170318725,1364711.860059761,1127818.4805776894,1292613.875,241
2022-01-27,1251414.845716783,1485733.2633304195,1251414.845716783,1472858.625,183
2022-01-28,1485733.3277777778,1604180.0055555557,1387886.0722222223,1390461.0,191
2022-01-31,1364711.6601995565,1390460.9368070953,1158717.447339246,1161292.375,178
2022-02-01,1130393.3558352403,1220515.832951945,1120093.6441647597,1125243.5,215
2022-02-02,1063445.3634259258,1114943.9282407407,1037696.0810185185,1042845.9375,276
2022-02-03,1125243.5816993464,1194766.6405228758,1073745.0196078431,1181892.0,220
2022-02-04,1205066.46,1246265.3133333332,1127818.61,1158717.75,187
2022-02-07,1150992.965,1176742.2483333333,1107219.1833333333,1158717.75,159
2022-02-08,1179317.013095238,1184466.869047619,1066020.182142857,1081469.75,199
2022-02-09,1035120.9533730159,1073744.869543651,968172.8320105821,973322.6875,190
2022-02-10,1040271.0205811139,1076320.0163438257,950148.5311743341,1063445.375,296
2022-02-11,1053145.4923361521,1243690.1535412262,1029971.1416490487,1217940.875,259
2022-02-14,1207641.1635835096,1266864.5042283298,1143267.967230444,1217940.875,214
2022-02-15,1140693.2263040713,1145843.0828562342,1011946.8125,1011946.8125,237
2022-02-16,1047995.5596446701,1078894.6916243655,1004221.7893401015,1014521.5,214
2022-02-17,1055720.51369863,1132968.3561643835,1050570.6575342466,1127818.5,256
2022-02-18,1122668.7533333334,1212791.245,1112369.04,1158717.75,269
2022-02-22,1202491.4438720173,1243690.2941973968,1102069.2462039045,1187041.875,315
2022-02-23,1145842.9734848484,1282314.159090909,1107219.053030303,1274589.375,268
2022-02-24,1413635.5406250001,1429085.109375,1125243.590625,1132968.375,299
2022-02-25,1125243.450477327,1179316.934367542,1076319.822195704,1078894.75,225
2022-02-28,1114943.8179156908,1158717.593676815,1063445.2581967213,1099494.25,250
2022-03-01,1104644.145700637,1248840.1180997877,1086619.6491507431,1212791.125,205
2022-03-02,1187041.6452941177,1192191.5005882352,1071169.9011764706,1094344.25,178
2022-03-03,1073744.7859513273,1184466.6703539821,1073744.7859513273,1163867.25,230
2022-03-04,1199916.6113402061,1295188.9603092782,1166442.542783505,1248840.25,201
2022-03-07,1241115.5098389983,1444534.8568872989,1220516.0822898033,1439385.0,170
2022-03-08,1416210.4166666665,1488308.4015151514,1199916.4621212122,1359562.0,304
2022-03-09,1228240.4870410366,1272014.2570194383,1161292.36825054,1192191.5,221
2022-03-10,1256564.965376782,1333812.8116089613,1248840.1807535642,1264289.75,213
2022-03-11,1207641.1951628353,1351837.158764368,1199916.4113984676,1344112.375,182
2022-03-14,1354412.0495614035,1496033.081359649,1336387.554605263,1467708.875,210
2022-03-15,1423935.002268145,1459983.9896673388,1264289.486643145,1277164.125,203
2022-03-16,1215365.8862559241,1251414.874407583,1084044.5722748816,1086619.5,331
2022-03-17,1107219.2111650486,1138118.3519417476,1058295.5716019417,1060870.5,194
2022-03-18,1076319.8818005181,1099494.233322539,981047.547765544,993922.1875,227
2022-03-21,1001646.9278350516,1053145.4845360825,975897.6494845361,999072.0,289
2022-03-22,999072.0045811519,1009371.7159685864,947573.4476439791,983622.4375,213
2022-03-23,1011946.7231707317,1058295.4280487804,973322.8024390243,1055720.5,267
2022-03-24,1024821.3582142857,1037695.9983928571,898649.8844642857,901224.8125,283
2022-03-25,898649.8125,950148.3690902579,890925.0290114613,898649.8125,248
2022-03-28,923111.6089145024,957873.1339363875,882427.75,882427.75,428
2022-03-29,839941.5323741006,876248.0179856115,817024.6726618705,823204.5,417
2022-03-30,842001.4676785714,913584.4670714285,831959.2483392857,901224.8125,341
2022-03-31,904572.1658653846,968687.8701923076,889637.5841346154,964053.0,414
2022-04-01,949118.2636852085,1060097.6374367888,941135.9885429835,1018383.8125,485
2022-04-04,1008856.8026664897,1021473.9500198992,963538.0693154683,970490.375,184
2022-04-05,993407.2081777882,1109278.9665188987,989029.8306404573,1103614.125,370
2022-04-06,1173394.453053435,1211245.8870229009,1124728.3236641223,1180604.25,459
2022-04-07,1189616.7117903929,1250899.9969432314,1143268.0087336244,1179317.0,350
2022-04-08,1205581.1346780765,1269696.8336389568,1202491.2214751425,1263774.5,331
2022-04-11,1322997.9376437883,1350807.158598543,1288751.3970235812,1343082.375,241
2022-04-12,1263259.7878055715,1375011.672825469,1224378.371588971,1358789.625,316
2022-04-13,1329692.94473953,1351837.3276302349,1237253.0208120532,1260427.375,223
2022-04-14,1242145.2354929578,1374754.0241079812,1240085.29314554,1371149.125,216
2022-04-18,1390718.537562189,1395610.9004975124,1260684.680597015,1293901.25,280
2022-04-19,1313213.3932369205,1333297.8333687792,1204551.4222671203,1210731.25,226
2022-04-20,1153825.253242303,1233133.036772459,1122926.1168019823,1221030.875,248
2022-04-21,1174681.9983924397,1338189.9047885814,1132968.170303975,1321452.875,325
2022-04-22,1334585.058796635,1413120.355523043,1301625.9834491587,1407970.5,245
2022-04-25,1436037.219279661,1454061.713694145,1331752.6444530047,1336902.5,293
2022-04-26,1386598.8291638256,1517147.6882884419,1378101.5661438801,1510452.875,368
2022-04-27,1569676.1071667783,1571993.542364367,1424707.6609176155,1537747.0,262
2022-04-28,1444791.9899124573,1503500.343806601,1230043.0111944054,1279481.625,362
2022-04-29,1345657.1270674018,1455606.532589365,1262229.4751022586,1447881.75,346
2022-05-02,1439642.2949315612,1473888.8385241025,1292613.901011704,1298021.25,269
2022-05-03,1305488.686021615,1336130.3336816884,1234420.662877243,1262744.875,235
2022-05-04,1236222.914649608,1355184.5865029967,1111853.894075611,1117003.75,315
2022-05-05,1175197.1331109763,1327375.3771224984,1172107.219526986,1273816.875,433
2022-05-06,1316045.6490582696,1384538.7311653914,1226953.143761036,1312440.75,367
2022-05-09,1398185.8746386669,1535429.534156606,1351579.678817378,1514315.125,444
2022-05-10,1378873.7259792204,1510967.511493196,1322225.3189361899,1400245.625,313
2022-05-11,1448139.1196638655,1543926.415630252,1343082.0853781514,1532081.75,366
2022-05-12,1581005.8395936484,1627612.0377966536,1463846.6120667576,1508135.375,294
2022-05-13,1420073.0991588973,1449942.2704195378,1240085.5930279691,1270469.75,332
2022-05-16,1310380.9707801624,1343597.5448085847,1269697.1049158932,1331752.875,277
2022-05-17,1224635.6889343332,1240600.2416496251,1125243.473642354,1133225.75,471
2022-05-18,1187041.846826809,1317333.2078884935,1143268.0693950178,1302398.625,458
2022-05-19,1333297.6368804665,1361364.3503644315,1226438.1314139941,1324800.375,426
2022-05-20,1252444.871111111,1507105.2283333333,1249097.465,1332525.125,586
2022-05-23,1358274.5187597962,1391233.597129702,1300853.6244122258,1314243.25,328
2022-05-24,1368831.7379737608,1454319.3483965015,1361364.446701895,1413120.5,390
2022-05-25,1441444.7236918604,1441702.216497093,1291583.9110465115,1328662.875,330
2022-05-26,1364197.0865869708,1377586.7144658917,1158717.7972143015,1173909.875,439
2022-05-27,1122153.7182673144,1122153.7182673144,1025336.4171960637,1033576.1875,410
2022-05-31,1038210.8230088495,1094344.2454830382,1019156.3584992625,1047480.5625,407
2022-06-01,1028683.8204699954,1139920.7192041725,1013234.2512013597,1098464.375,419
2022-06-02,1112369.1732283465,1115716.5804625985,978987.8695866142,981047.8125,362
2022-06-03,1044648.3323465443,1081984.7898743355,1028683.7780932818,1065505.25,409
2022-06-06,1005251.7734753146,1085332.0248971442,991347.1639036787,1063960.125,320
2022-06-07,1105416.8719379508,1126273.7940499876,1028941.4908604824,1035378.8125,298
2022-06-08,1053660.618488372,1126531.0864825582,1041043.4703197675,1107219.125,335
2022-06-09,1135285.7157305789,1197341.478373144,1074774.9098343018,1196569.0,336
2022-06-10,1257079.8410766246,1332525.2309650823,1226438.198084384,1327375.375,429
2022-06-13,1458181.6655578513,1569933.5360950413,1421875.1822727274,1557831.375,462
2022-06-14,1506075.3197115385,1585383.0985576923,1482385.983173077,1526417.25,311
2022-06-15,1470798.839550241,1556543.9399651971,1368316.7075227557,1442732.125,261
2022-06-16,1575598.408018513,1762280.6838500903,1571736.0161047562,1710782.125,344
2022-06-17,1699967.5949641932,1809144.550472345,1650786.466421606,1689925.375,289
2022-06-21,1586928.4165077126,1587443.4022018577,1476721.47796069,1552424.375,143
2022-06-22,1630701.8757625623,1643319.0227564618,1535429.5413188313,1603922.625,211
2022-06-23,1575340.8636184933,1712842.011243906,1569161.0367589244,1637396.625,200
2022-06-24,1556544.0984553362,1570706.2035694872,1420072.9037189707,1421102.875,205
2022-06-27,1378873.8239222968,1462558.9766346677,1366256.677821047,1421617.625,183
2022-06-28,1405395.6614146833,1540579.3774723434,1353639.6101240362,1536202.0,240
2022-06-29,1596197.8400156617,1698937.4654659359,1592077.9552858262,1644091.5,249
2022-06-30,1712326.9828368365,1784424.9610615454,1609587.3638666263,1702799.75,285
2022-07-01,1802449.363425926,1953855.1099537038,1763825.4484953706,1891026.875,289
2022-07-05,2038313.0036959553,2067924.6756799163,1844678.4182008367,1846223.375,217
2022-07-06,1843133.3309804199,1899781.7429412599,1750950.915153235,1814809.125,152
2022-07-07,1684260.1927347975,1690182.5263891164,1545471.5910096704,1570963.375,257
2022-07-08,1642031.5783799535,1656708.667915418,1517920.0493256743,1546501.75,288
2022-07-11,1621174.7911814936,1687607.9385964912,1597485.4517931999,1658511.25,236
2022-07-12,1620916.9447269598,1680140.280276952,1587185.3927397905,1645636.25,210
2022-07-13,1747860.9020140665,1756615.6560901534,1575340.7481617648,1610874.75,251
2022-07-14,1626582.1362725878,1698937.6183515172,1491140.913591033,1510452.875,277
2022-07-15,1443504.4085601324,1516374.8594382126,1398443.1756849946,1400245.625,195
2022-07-18,1336902.4807901413,1444791.9529494382,1302913.434668358,1420845.125,309
2022-07-19,1351064.6452321205,1363424.2989335007,1205838.7142409035,1231330.5,423
2022-07-20,1235193.0639243391,1256822.460916135,1117261.3517547857,1129878.5,509
2022-07-21,1116746.355274136,1166442.4693087009,1077349.9539928485,1080182.375,513
2022-07-22,1091769.6036315323,1188844.4009355623,1088422.196827945,1162837.625,627
2022-07-25,1187042.0821568202,1240085.6112076456,1178802.3106537794,1185497.125,428
2022-07-26,1206868.5573142977,1254504.7175667288,1187299.1076970825,1244462.5,399
2022-07-27,1175712.177755053,1185496.904595765,1038726.0019850818,1070140.125,472
2022-07-28,1064732.6802884615,1132453.2836538462,1023276.3413461539,1031001.125,461
2022-07-29,1073487.4299673745,1086104.5765417092,997784.5505213664,1006281.8125,455
2022-08-01,1028168.6820104624,1047738.1335087832,967400.3852525187,996754.5625,471
2022-08-02,1027396.2728207764,1042330.8552327076,954010.8247621496,1001389.5,450
2022-08-03,998814.5969441333,1003964.4530768692,911009.5498809858,919506.8125,405
2022-08-04,923884.0803622772,933153.8202990225,889122.5555994825,895559.875,402
2022-08-05,943196.1063639551,957873.1956521738,896074.9249649368,917961.8125,568
2022-08-08,958645.7950943017,1002934.5613463081,925944.20605939,962508.1875,548
2022-08-09,1026108.6944640339,1131938.2235543018,1023533.7667489422,1095374.25,633
2022-08-10,1006539.2771255061,1050055.5569500676,949890.8655195682,954010.75,543
2022-08-11,930578.8816916489,965855.3915952891,875475.4282655247,961993.0,586
2022-08-12,937788.7613870873,951435.8795511498,867493.228202388,873415.5625,544
2022-08-15,889122.6282199225,904829.6888400833,857965.9997766528,864660.8125,509
2022-08-16,878307.9914428077,920794.3058925477,867493.2932192375,891440.125,669
2022-08-17,931094.0327516779,993922.2805369127,929549.0758389261,959160.75,780
2022-08-18,950663.4724147891,960963.1850086655,869295.7429231658,891440.125,816
2022-08-19,926716.5802880768,977700.1543078154,914356.9259802614,965340.5,714
2022-08-22,1022503.707394535,1086619.401965484,1017096.3596596356,1074259.75,649
2022-08-23,1072199.9147685526,1078122.2485917218,1006796.7499387705,1051343.0,527
2022-08-24,1057008.0346625766,1087134.6948466257,1037181.0873619631,1049283.25,458
2022-08-25,1047480.7094987539,1047480.7094987539,929806.5,929806.5,710
2022-08-26,938303.7355848434,1096404.3101317957,932123.9085667216,1094086.875,835
2022-08-29,1128590.9597410536,1163867.4738830852,1088164.5895198933,1158460.125,678
2022-08-30,1123441.3323790669,1240600.58203125,1117518.996682363,1203006.625,790
2022-08-31,1182149.4583506547,1268409.5473394305,1182149.4583506547,1238797.875,611
2022-09-01,1326860.4216846758,1420330.309724951,1305488.5189096266,1310638.375,776
2022-09-02,1247295.2648179913,1367544.4160710883,1218198.575114351,1351064.875,692
2022-09-06,1339477.5850601294,1427797.6180619795,1327117.9302960222,1391748.625,512
2022-09-07,1386083.8967084792,1412605.6580610657,1290039.0716161027,1324028.125,460
2022-09-08,1360592.0713699753,1390203.7458982773,1244720.3014766201,1255535.0,561
2022-09-09,1203778.6793130108,1209443.5201568366,1149962.6912966643,1165669.75,666
2022-09-12,1152537.7644037516,1194766.5832961143,1135028.2541313085,1153052.75,508
2022-09-13,1284374.0965374482,1379131.4476853593,1257337.3523240497,1368316.75,856
2022-09-14,1345142.3759765625,1383508.8028564453,1292098.8596191406,1318363.125,672
2022-09-15,1347459.731560812,1414407.8550474949,1300853.5379027752,1382478.75,792
2022-09-16,1427540.1678956326,1465649.1045566269,1358274.6005861221,1361879.5,595
2022-09-19,1414922.7481493945,1418527.6468707942,1320680.3958613728,1339219.875,427
2022-09-20,1380161.6896488327,1426767.8959597354,1360334.7400027579,1400503.625,350
2022-09-21,1389173.8569920964,1435522.5676980421,1251672.6818977906,1433462.625,687
2022-09-22,1463074.105393779,1580233.3306585043,1444534.6235936466,1556286.5,513
2022-09-23,1619629.5722222223,1702027.2611111111,1598772.6572222223,1622204.5,571
2022-09-26,1637396.6952828036,1700739.9233123004,1559633.8706287062,1693530.125,401
2022-09-27,1605982.4675090252,1720051.7689530684,1561178.7238267148,1640486.5,401
2022-09-28,1685032.856489796,1705889.7729591837,1554998.9945510204,1577143.375,446
2022-09-29,1659798.761551647,1796269.9597555522,1650786.5126136534,1727519.375,512
2022-09-30,1794982.2354729252,1821246.5,1657481.0858900042,1821246.5,461
2022-10-03,1747088.5411018976,1791377.2999920268,1559891.2869558285,1614737.25,492
2022-10-04,1477751.072255535,1480583.4928505535,1390203.5265913284,1395610.875,533
2022-10-05,1463073.9100436266,1501182.839766692,1320422.9163505312,1357501.875,635
2022-10-06,1359047.0508655994,1393036.1017777363,1290038.9778015637,1383251.375,561
2022-10-07,1502728.1065495966,1651043.9717607973,1490110.9582937828,1627612.125,706
2022-10-10,1643576.6161802667,1860385.5635128354,1639199.238383766,1795497.375,657
2022-10-11,1884590.2145125016,2017714.021166821,1838498.9932530758,1946388.5,701
2022-10-12,1949220.6989835305,2024923.5900669068,1922183.952168039,2001234.25,473
2022-10-13,2247654.4702675915,2306877.8095002123,1712841.9677190995,1818671.5,969
2022-10-14,1756100.6923797627,2075391.7273579014,1754813.2285290444,2061229.625,580
2022-10-17,1895661.8028239203,1976772.0266611294,1837210.9431063123,1937633.125,435
2022-10-18,1751465.658711458,2009473.3902652483,1705889.4426585431,1912398.625,561
2022-10-19,1947418.0796003588,1969819.953582275,1815324.2709483712,1865277.875,385
2022-10-20,1842876.0804349354,1868110.3763525856,1663403.5880410343,1832318.875,577
2022-10-21,1854978.3807874015,1874805.329055118,1618857.4514173227,1635079.5,604
2022-10-24,1618857.2071560444,1725974.2102062933,1587958.0716607803,1603922.625,479
2022-10-25,1590275.5759547867,1599030.3313923618,1467194.0142147627,1503500.5,459
2022-10-26,1590275.3133732534,1617569.5464071857,1439127.0606287424,1548046.5,577
2022-10-27,1519980.0558628319,1634564.3561946903,1471571.4076327432,1629414.5,454
2022-10-28,1622462.198508332,1635079.3462193157,1430887.5475497223,1437067.375,499
2022-10-31,1471313.749326486,1553196.4536117192,1463846.458684122,1529249.625,390
2022-11-01,1441959.7243755383,1523584.9444875107,1423420.2422049956,1494745.75,369
2022-11-02,1468481.6874016987,1643834.3139351998,1387628.9344919785,1637139.5,666
2022-11-03,1729579.1990600936,1779017.8184168807,1628127.0322550205,1705374.875,532
2022-11-04,1528734.6599788808,1591562.8993312214,1456379.1876099964,1463074.0,702
2022-11-07,1422905.0338767432,1484188.3125706746,1353124.4938513003,1366256.625,342
2022-11-08,1296218.8159186535,1366256.860799439,1230815.641654979,1285146.625,716
2022-11-09,1341280.0612067387,1410545.6278154184,1330722.8558872002,1406168.25,637
2022-11-10,1163094.9858518667,1199916.4565131057,955555.7875794282,972550.3125,1186
2022-11-11,950405.8167601062,985424.8335792269,860025.8542342874,872643.0,1057
2022-11-14,891955.0595950956,906889.642001711,855648.5747790134,903027.25,864
2022-11-15,795652.790625,865690.8356250001,786640.5421875,823977.0,1532
2022-11-16,882685.1808819465,944740.9360139619,879080.2822435721,931351.3125,1202
2022-11-17,991862.2685580205,993407.2253626279,894272.4970669794,905344.6875,1494
2022-11-18,864145.8280669145,931866.4337825279,859768.4505111524,900452.3125,925
2022-11-21,931351.5271236047,955555.8521304112,922339.2784508576,945771.125,774
2022-11-22,925944.1241776316,947316.0269325657,860283.459087171,861055.9375,820
2022-11-23,862600.7443234476,866463.1357159406,806209.829993049,833504.0625,1137
2022-11-25,842773.8989741302,865948.25,839168.9999256616,865948.25,412
2022-11-28,898134.8831312018,949118.4573456451,870840.6464305402,934183.875,843
2022-11-29,926459.0836641117,959675.6544791951,906374.6454968519,940621.1875,796
2022-11-30,933926.4396242918,958645.7498542152,771190.9806106298,772735.9375,1280
2022-12-01,759346.3139653207,821917.0682188212,756513.8929908825,790760.4375,1071
2022-12-02,851013.8483013526,861828.5477351368,812904.9074394463,818569.75,1108
2022-12-05,832989.2416692027,870583.1919887401,810072.3815429093,846121.375,742
2022-12-06,847151.4247866287,927746.6819167852,845863.9606152205,905087.3125,866
2022-12-07,930578.9819752559,934698.8667875426,888607.6554500853,905344.6875,737
2022-12-08,891182.5872291022,910494.547368421,827839.3579721362,831701.75,860
2022-12-09,843031.53863226,863630.9653551008,810587.4415437857,855648.6875,847
2022-12-12,865175.7950191571,880625.3627873564,806209.9447038634,806467.4375,731
2022-12-13,700380.3692514267,798227.626720376,690080.6579389056,767071.0,1451
2022-12-14,773250.8900537203,828869.3356919499,745699.1600384862,802862.5625,1060
2022-12-15,853073.6990337992,907919.6688177411,842001.5079506561,902769.8125,1097
2022-12-16,918476.9027835696,952980.9411836253,896075.0271059215,926201.6875,866
2022-12-19,924914.334270415,988515.0693942436,922596.8985776439,961735.8125,734
2022-12-20,996669.3283555057,1004151.4434272918,951260.629988804,979383.0625,686
2022-12-21,962870.8714224993,965708.9152557382,902239.9349851232,910496.0625,761
2022-12-22,960032.7035736776,1078198.513365869,960032.7035736776,1024275.6875,1288
2022-12-23,1050076.16301059,1082842.6673600606,1021179.7182299547,1023243.75,923
2022-12-27,1044399.9560439561,1091872.6813186815,1043625.9442188247,1080004.5,769
2022-12-28,1098580.8464449542,1138829.4636467888,1058848.2371559632,1124897.25,809
2022-12-29,1072006.585639313,1083358.7612754453,1002087.5038804072,1013955.6875,931
2022-12-30,1063234.2972981525,1085164.6334472285,1017825.6012718299,1019373.625,651
2023-01-03,967514.9027879677,1070716.4924186843,964934.8630471998,1054978.25,719
2023-01-04,996153.1623402556,1029435.6689297124,951518.4829605963,969062.75,1078
2023-01-05,998475.3193603331,1025049.7270849105,979641.030390487,1022469.6875,806
2023-01-06,982479.0800821355,1021695.6820181871,860959.2148723966,879535.5,1204
2023-01-09,829224.761912177,847543.0438336967,768851.8327623793,828450.75,1341
2023-01-10,839286.9745910269,851155.1580620344,794652.2845804989,796458.3125,843
2023-01-11,795684.2617805452,816840.5878071357,765755.8005721979,766529.8125,888
2023-01-12,756209.6006002087,803166.3209377174,725507.1296102992,741503.375,1726
2023-01-13,767819.8333919157,773495.9208699473,731441.2727372583,734021.3125,946
2023-01-17,738149.290750266,750275.4762327067,707188.8171780773,727313.125,958
2023-01-18,706672.7923850575,741761.3282610589,689644.5323275862,740729.3125,1221
2023-01-19,761627.727447833,811164.4902086677,759047.6877207063,803682.375,1504
2023-01-20,780462.1005348302,803424.4565505658,727055.272498232,729635.3125,1122
2023-01-23,709253.0017151767,712349.0497401247,612243.496933472,620499.625,2006
2023-01-24,640623.9527930964,644494.0129187092,616113.571997549,631593.8125,1084
2023-01-25,664876.2735339506,681646.532664609,624627.6516203703,626949.6875,1466
2023-01-26,607341.3342145014,638817.8179758308,595473.1518126888,597795.1875,1371
2023-01-27,628755.6081975021,633399.6791649027,593667.0719993649,609405.3125,1318
2023-01-30,634173.7376476378,659458.1258858268,623595.5752214567,655330.0625,1336
2023-01-31,663844.088362069,663844.088362069,620499.4296582883,621015.4375,1199
2023-02-01,613275.4360228952,614049.4479320531,504655.76477104874,524006.0625,2314
2023-02-02,508525.75192535546,524005.9879048184,474985.2406365193,489949.46875,2094
2023-02-03,520910.0049013487,525812.0802322677,484015.437937063,516523.9375,2151
2023-02-06,541292.3045833333,549806.4352083333,518845.96020833333,541808.3125,1518
2023-02-07,538196.3028289473,541034.346611842,482983.4510526316,490207.5625,1892
2023-02-08,499495.6298219585,525812.0318063798,488659.46429896145,521683.96875,1246
2023-02-09,495109.64541832666,530972.1992031873,477307.37051792827,518072.0,1802
2023-02-10,535358.3014758179,561158.7015469417,530714.2294630157,544130.4375,1720
2023-02-13,537422.3503126547,551870.5748049777,515492.0095653789,520910.09375,1049
2023-02-14,533810.2388404562,546452.433960409,487111.5180912428,492013.59375,2279
2023-02-15,508525.77682360745,519103.93859416444,486079.43355437665,486337.4375,1459
2023-02-16,512137.84972812654,525296.0514087988,497689.6282748394,521942.0,1766
2023-02-17,532262.20677157,562448.6722065064,527618.1351661952,547226.4375,1714
2023-02-21,573284.8808476395,604761.3684549356,554708.5930793992,601149.3125,1318
2023-02-22,596505.1649048626,621531.5494186047,583088.9587737843,610179.375,1368
2023-02-23,550064.5039887377,587733.0863444392,541808.3763491319,549806.5,1793
2023-02-24,581283.0401248329,593151.2246990638,572252.899687918,578703.0,1349
2023-02-27,553934.5044137619,572252.7856496152,551612.4687641467,569930.75,910
2023-02-28,575864.8379671832,579992.9013217867,542324.3232110301,566060.6875,1168
2023-03-01,561158.6358832266,573284.8224977148,545162.3897109232,564512.6875,1242
2023-03-02,591345.1706775702,605277.3867406542,544130.4384637851,552128.5625,1343
2023-03-03,551612.4861993161,566576.7164142648,525812.0892769907,528134.125,1118
2023-03-06,523748.03841607564,550322.4462765957,509557.82062647754,545678.375,1084
2023-03-07,545420.4052059497,570704.7948512585,537164.2779748284,563738.6875,1346
2023-03-08,556514.6770470925,557030.6850925696,517040.06156809145,519104.09375,1509
2023-03-09,522199.95075046906,553160.4221388368,496399.5579268293,550064.375,1852
2023-03-10,542324.3421958259,590313.0803730018,537164.262821936,581024.9375,2456
2023-03-13,599601.263064659,618693.5580159433,560642.6612046058,582573.0,2064
2023-03-14,552128.4082602339,561158.5457785088,520393.92498172517,529424.0625,1670
2023-03-15,554450.5127640845,583604.960387324,546194.3860035212,549548.4375,1654
2023-03-16,558062.5343832892,565544.648806366,482467.37831564987,486337.4375,1885
2023-03-17,484273.5388910658,503365.83610893413,472147.35011755483,493819.6875,1496
2023-03-20,493303.60982191045,505171.7929033999,474469.3192795467,478081.375,1149
2023-03-21,467603.26627319865,498881.0767262554,452485.65788755455,477507.90625,1333
2023-03-22,476986.61782296654,490800.9843500798,438931.9477671452,490279.6875,1863
2023-03-23,466560.6869580925,478289.8662391619,431373.14911488444,450921.78125,2452
2023-03-24,462129.6492445055,489237.0849587912,459001.86820054945,474380.125,1568
2023-03-27,470470.53414351854,497577.97766203707,465778.8612268519,492625.65625,1127
2023-03-28,496535.2734375,526509.84375,495753.328125,503572.78125,1247
2023-03-29,480635.7600286533,481939.00232808024,444405.62410458457,454831.5625,1790
2023-03-30,438932.0082582583,443102.3836336336,425378.2882882883,433979.6875,1691
2023-03-31,443102.3111179361,446230.09213759215,424074.9765816953,424335.625,1410
2023-04-03,433719.02328358206,452485.7117910448,428506.05425373133,436586.15625,1372
2023-04-04,435282.87588276836,468645.87475282484,434240.28216807905,461347.71875,1439
2023-04-05,476986.63296732726,500966.2888323514,475162.0939341189,486630.625,1504
2023-04-06,501226.92944825767,511913.5150475185,483502.8362592397,493668.125,1246
2023-04-10,508003.79622359644,510610.2805551695,467342.64065105614,468906.53125,1124
2023-04-11,460305.148168398,478811.1875341717,459523.20284308365,476726.0,854
2023-04-12,462651.0413961039,503572.8518181818,460565.8536038961,501748.3125,1535
2023-04-13,499923.6872011158,511392.218085813,481417.64872808184,490540.34375,1004
2023-04-14,492104.3592592593,509046.51145833335,474640.91006944445,492625.65625,1054
2023-04-17,509567.63883386157,513738.0133716323,492364.8438655573,493407.4375,797
2023-04-18,480114.49132037535,499141.8300100536,469167.2553619303,486109.40625,834
2023-04-19,505397.3046146373,512695.46063795337,499663.0391677461,503051.46875,776
2023-04-20,519472.29570413433,520514.889373385,482460.2204457364,504354.6875,1257
2023-04-21,510349.6715277778,530158.9539772727,510089.02307449497,516083.9375,1090
2023-04-24,519993.61730410444,534589.929368781,510870.92226368154,523903.34375,706
2023-04-25,533547.3154627539,577857.5468397291,533286.6670428894,577336.25,1133
2023-04-26,558308.8916015625,577075.5770335478,550489.4393382353,567170.9375,1078
2023-04-27,573426.5385508592,605225.6465977705,559351.5235137017,561176.0625,1148
2023-04-28,555441.9018425563,561697.4652607738,531722.8905484818,532244.1875,852
2023-05-01,524945.9610516373,530158.9298803527,512695.48430415615,517387.15625,763
2023-05-02,517387.194273399,543973.3372536945,508785.7950738916,529116.375,1016
2023-05-03,536935.7735826584,548404.30466889,518429.73478442116,547101.0625,1145
2023-05-04,561176.0623245203,572123.2962388863,540845.4850549836,557005.6875,951
2023-05-05,555963.1338682432,564303.8841184934,513216.7888357107,520775.59375,921
2023-05-08,522078.7568299949,535371.8255261156,512956.06262677483,513998.65625,647
2023-05-09,535893.2649469624,546840.5009040502,533808.0771456123,540584.9375,677
2023-05-10,522600.14832877734,540845.540041004,512695.5071135686,524424.6875,1010
2023-05-11,523903.4129692833,549968.2593856655,521296.92832764506,534590.0,787
2023-05-12,530419.554832035,552835.3198028237,523121.39879503404,535371.875,701
2023-05-15,533547.3431233509,538239.0149241425,493407.48438324535,493928.78125,1025
2023-05-16,499402.43769695377,499663.0861508666,479593.15519957984,496274.65625,963
2023-05-17,482720.8898640997,493928.77229614946,454049.5627123443,460305.125,1468
2023-05-18,454570.8579474343,455613.4516583229,413909.70322277845,416516.1875,2037
2023-05-19,419643.9921153846,431373.1720192307,418080.10146153846,423553.71875,1219
2023-05-22,435282.86629894347,436325.4599906775,415734.234578931,419383.3125,1042
2023-05-23,427984.71131665667,437889.35140802874,419904.6101894847,435022.21875,1061
2023-05-24,461347.6792828686,472034.2639442231,452485.6334661355,457959.25,1730
2023-05-25,396967.620944149,412085.23224734043,362301.3743351064,367514.34375,3300
2023-05-26,351875.41850220266,352136.0669603524,290101.73392070486,295836.0,3603
2023-05-30,275244.7355008787,300527.63260654657,272116.9544156415,296617.90625,3079
2023-05-31,311996.15678571427,320076.257755102,299485.0327040816,319294.3125,3256
2023-06-01,314342.0317860206,323986.02446933964,295054.0464193825,303916.09375,2477
2023-06-02,296357.30375426624,312778.15699658706,294011.4675767918,305480.0,1962
2023-06-05,310171.59527439025,325028.5540396341,310171.59527439025,320597.53125,1396
2023-06-06,327374.4540472175,328938.3447512647,303916.0934865093,309129.0625,1758
2023-06-07,303394.73539915966,312517.4293329832,289580.37029936974,310171.59375,2482
2023-06-08,308607.6859861592,313038.70850454154,298703.04741565743,301309.53125,1613
2023-06-09,291144.33509364113,304176.7583297038,285149.42040505225,299224.4375,1844
2023-06-12,288798.4854287091,290101.72769147396,269249.85148723505,270553.09375,2090
2023-06-13,257520.66400753768,268989.1956030151,254132.2342179648,259345.203125,2564
2023-06-14,262472.9188972513,267425.2381217278,248137.2579842932,248919.203125,2937
2023-06-15,257260.02354910714,260387.80499043365,249440.5699457908,255435.484375,2335
2023-06-16,247355.41123143563,263515.6172339109,247094.76274752474,263254.96875,1855
2023-06-20,266643.3438106208,276026.6872878274,259345.1877727934,268728.53125,1685
2023-06-21,273976.05679223745,289797.5807648402,270020.67579908675,288742.8125,2327
2023-06-22,295862.4536908078,296389.8377437326,281359.39223537606,283996.3125,1668
2023-06-23,299026.7275021949,304564.2594929763,295335.03950834065,300345.1875,1664
2023-06-26,294543.955079858,297708.2589840284,280304.58751109143,297180.875,1724
2023-06-27,294544.0128894659,298499.39354599407,265010.50398738874,266592.65625,2027
2023-06-28,279777.22425409046,280568.30028873915,265801.5476419634,273976.0,1920
2023-06-29,269493.24060378276,280040.92125363724,268965.85657129,271866.46875,1869
2023-06-30,264746.76393110433,267383.6838905775,257099.6960486322,260264.0,1518
2023-07-03,256836.02293399168,262637.2472713098,251562.1826273389,253671.71875,747
2023-07-05,259472.90570175438,270811.6607273392,257363.36988304096,270547.96875,1444
2023-07-06,285051.0451421523,291643.34498355264,279777.205269032,280568.28125,1988
2023-07-07,279249.82128171995,282414.12520559214,267647.3735608553,280568.28125,1520
2023-07-10,278722.4818255756,279513.5579329329,262637.26764264266,263428.34375,1769
2023-07-11,260527.70490981964,275558.1494238477,259736.62888276554,263164.625,1602
2023-07-12,252353.33640873016,257099.7941468254,247606.87867063493,249189.03125,2074
2023-07-13,241805.58894095264,244442.50921293686,232312.67596180947,233894.828125,1972
2023-07-14,233894.8541893362,245760.99673558213,227566.2448313384,242333.0,2274
2023-07-17,242596.66959064326,247343.12616959063,221764.9990497076,225456.6875,2247
2023-07-18,228884.67053466509,233894.8188528202,222028.67809929495,224401.90625,1764
2023-07-19,223347.15812996594,234422.22382236095,223347.15812996594,232312.6875,1846
2023-07-20,245233.60524131768,261582.51225740553,242860.37680349848,258154.515625,3083
2023-07-21,250243.7675617122,256044.99294248948,244178.85011817227,251034.84375,2252
2023-07-24,251298.5,255517.5724029381,246024.65949632737,251298.5,1481
2023-07-25,247606.81004834257,247606.81004834257,234422.2088743094,238641.28125,1754
2023-07-26,247606.87867063493,256572.4099537037,242860.42093253968,249189.03125,2135
2023-07-27,230203.12642205055,239432.34683988764,219391.75393258425,234685.890625,3999
2023-07-28,221501.30389221557,228884.68068862276,217545.92346556886,220182.84375,2446
2023-07-31,218073.2902651515,221764.9783712121,215436.37018939393,217545.90625,1898
2023-08-01,222556.06827858882,225456.6805428832,215700.07565389294,216754.84375,2026
2023-08-02,225456.71687568157,245761.00599781895,225193.0248091603,241805.625,3424
2023-08-03,251825.91807432432,253671.76249999998,238641.3150337838,243915.15625,2761
2023-08-04,246815.6897800429,253935.3731390826,235476.93480083154,245760.921875,2581
2023-08-07,240223.4042903718,244969.86013804105,237059.10039192563,237586.484375,1690
2023-08-08,249188.95970828936,258945.56447993664,248397.88364572334,249716.34375,1903
2023-08-09,250243.71655811623,264746.7770541082,249716.33254008016,263164.625,2032
2023-08-10,257099.70384995063,272393.8400789733,248397.8677196446,267120.0,2518
2023-08-11,277140.2890913284,287951.66097785975,276349.21309963096,285842.125,2452
2023-08-14,290324.89227719035,292961.8122797079,261846.15625,261846.15625,2241
2023-08-15,265274.1418821839,276085.5134698276,263164.6059626437,275294.4375,2218
2023-08-16,276349.24208144797,291907.0715497738,275294.4739819005,291379.6875,2281
2023-08-17,289797.5420419596,302718.451559754,287951.6978251318,300081.53125,2015
2023-08-18,310101.88125,312211.41785714286,292170.8200892857,295335.125,1921
2023-08-21,290852.25100511697,292961.7868238304,268702.12490862573,270547.96875,1753
2023-08-22,260527.71102661596,280568.3041825095,259209.25095057033,277404.0,1964
2023-08-23,282677.87272727274,283468.94886363635,257363.43636363634,261055.125,2101
2023-08-24,246552.05176767678,288479.08516988065,246024.66769972452,287160.625,3238
2023-08-25,287424.30008162314,300608.9010027985,275821.8512709888,282677.84375,3391
2023-08-28,274767.103339787,281359.40428363986,270020.64666021295,272393.875,1559
2023-08-29,276612.9344176285,278195.0865687303,248397.88772298006,251298.5,2391
2023-08-30,253144.35638297873,258945.58121675532,244442.51913231384,247870.515625,2143
2023-08-31,250507.4443539631,251034.82844733985,238641.3022529859,242860.375,2006
2023-09-01,238113.88785557987,246815.72428884028,236531.73577680526,241014.5,2052
2023-09-05,244442.5186612991,248134.20718477073,236004.37346479256,241541.90625,1913
2023-09-06,243387.73360792422,255517.56648545893,238904.96928361795,247079.421875,2110
2023-09-07,264483.09827220556,273712.3190494012,262109.8700723553,264219.40625,2580
2023-09-08,266065.2980556918,272130.2156526006,260527.76459764474,268702.21875,1736
2023-09-11,259472.9875122429,280304.6602901567,258681.91133080315,269229.59375,1696
2023-09-12,275294.49091778207,277140.33520554495,262637.27294455067,275821.875,1710
2023-09-13,276876.5943877551,277931.3623663751,263691.9946550049,271339.0625,1992
2023-09-14,263955.7093440594,274503.3900371287,263164.6332920792,266328.9375,1932
2023-09-15,271866.44449499546,294016.5718835305,271602.7525022748,289797.5,2632
2023-09-18,297180.92229109275,298763.0744949495,283732.6285583104,287160.625,1790
2023-09-19,289542.2778409091,299443.44630681816,288739.4803977273,294359.0625,1801
2023-09-20,290612.5909680207,309612.125,287133.80304667243,309612.125,1626
2023-09-21,321118.9856557377,327273.76621413935,314696.60594262293,326470.96875,2255
2023-09-22,317907.7080882353,322992.090625,309076.93841911765,318442.90625,1645
2023-09-25,323259.7842759211,328076.5691409597,310950.22295415594,312288.21875,1821
2023-09-26,320583.7756514658,333428.5346091205,317372.58591205213,328611.75,1889
2023-09-27,320851.3545060568,335569.30654761905,313090.9797932331,320316.15625,2088
2023-09-28,323259.7528710247,327006.140735424,292753.4516894876,302922.21875,3068
2023-09-29,290612.6606584822,303189.8200055804,286866.2727678571,299711.03125,2703
2023-10-02,298373.0224830317,306936.194428733,288471.85492081445,295697.03125,2254
2023-10-03,304260.2021010638,320583.74856382975,291683.0433510638,314428.96875,2528
2023-10-04,309879.72753992904,317104.9025343833,298640.56643744453,301584.15625,2136
2023-10-05,302387.0237314086,314964.1831255468,298105.4375546806,305865.8125,1870
2023-10-06,311753.0296190587,317907.81046132336,282584.7204100652,287133.90625,2860
2023-10-09,296499.8271719039,302922.2060998152,286866.258780037,289542.25,1800
2023-10-10,286866.22814601345,290612.61545389047,270542.68344740634,278570.65625,2067
2023-10-11,275627.1273330059,282317.1061517682,270542.74343074654,272415.9375,1766
2023-10-12,271077.91700667655,278570.6926001484,258768.35710311573,270542.71875,2730
2023-10-13,269204.74365859234,294626.662791362,268134.3470635284,292753.46875,2664
2023-10-16,290880.24614971346,291415.4443946991,277232.6909025788,280176.28125,1849
2023-10-17,297035.0754310345,307203.8437791239,280979.1254077353,287133.90625,2703
2023-10-18,301316.5724004425,307203.75232300884,294894.1943030973,302386.96875,2177
2023-10-19,294359.0186866554,320316.13215266046,291950.6267155828,316837.34375,3225
2023-10-20,316837.3710590137,332625.71978577203,310414.99191592564,331020.125,2153
2023-10-23,336907.2973726115,347611.26234076434,318978.1560509554,336104.5,2329
2023-10-24,331020.1413641079,335836.92595954356,321386.5721732365,322456.96875,1926
2023-10-25,336639.7365576497,367413.6393431264,332893.3483924612,362061.65625,2387
2023-10-26,358582.85740203195,374371.2070936139,345202.90003628447,368751.625,2598
2023-10-27,354033.67441099475,363132.0454842932,347343.6956806283,357780.0625,1965
2023-10-30,365540.4224137931,384539.9612068966,358850.4439655173,372498.0,2157
2023-10-31,372230.407494469,385877.9637721239,359653.2477876106,362864.4375,1840
2023-11-01,362061.66488780774,362329.2640488483,335569.3479447974,336907.34375,2115
2023-11-02,318442.9347826087,328611.7007672634,306936.1732736573,313893.75,2070
2023-11-03,304260.2017097967,306400.9946857671,282852.27195009246,289542.25,2694
2023-11-06,288739.4206686581,300246.181640625,285795.8306525735,291147.8125,1821
2023-11-07,293556.27088200935,295161.8658002336,282049.50730140187,286331.09375,2047
2023-11-08,285260.65625,291415.43588766415,280979.07041510317,285260.65625,1665
2023-11-09,279908.6764196676,291415.43845221604,270007.50908933516,289809.84375,2481
2023-11-10,279105.9073485047,282852.29536660545,252078.39378934941,255021.984375,2949
2023-11-13,260909.16592185904,267331.5453907048,259838.76934371807,261979.5625,1762
2023-11-14,242444.79662471398,244050.39130434784,230938.0347540046,233881.625,2974
2023-11-15,229332.44824561404,233881.63333333333,223177.66842105263,228797.25,2714
2023-11-16,231740.83539712778,233881.6283338218,226121.25393830598,228262.046875,2507
2023-11-17,230670.46300029868,231740.85958034647,222374.8895049283,223980.484375,1784
2023-11-20,224515.69031954888,224783.2894736842,211403.3317669173,213544.125,2049
2023-11-21,219163.68349644126,229332.4502520759,219163.68349644126,225586.0625,2529
2023-11-22,222107.29035991634,226121.27753509558,213008.91942951013,223980.484375,2486
2023-11-24,224783.2715311005,226924.06459330145,222910.07760167465,223712.875,925
2023-11-27,226656.43835463736,228262.0329592747,219163.66353299643,225050.84375,1630
2023-11-28,229600.05764456774,234684.44120546142,225586.07062280958,229064.859375,2061
2023-11-29,219698.89437575394,222910.08406212306,211135.7218787696,221839.6875,2520
2023-11-30,220234.0847448225,232008.44650517753,219966.48561390533,226121.265625,2793
2023-12-01,230670.44742955637,236022.4299685252,222107.27536720625,223177.671875,2677
2023-12-04,230670.46335457705,240839.2308806489,229600.06677288527,230938.0625,2161
2023-12-05,237895.6319859215,241106.82161902732,233346.44667235497,235219.640625,1948
2023-12-06,225318.4695861204,240571.62014005016,224783.27132107023,240036.421875,1880
2023-12-07,233881.6494022397,236290.04167297218,218360.89921307508,221036.890625,2575
2023-12-08,222910.06131892814,223177.66043215615,212741.29501626396,215952.484375,2595
2023-12-11,209797.7072413793,210600.50459051726,191600.9673275862,194009.359375,3367
2023-12-12,196952.95211267605,198023.3485915493,189460.1767605634,189995.375,2267
2023-12-13,189727.79275462963,191868.5859027778,177418.23215277778,180629.421875,2975
2023-12-14,176615.42303054663,176883.0221563505,164305.86324356913,166446.65625,4070
2023-12-15,165108.66702235772,165643.86529471545,158686.28775406504,164573.46875,3556
2023-12-18,164305.86374192245,170460.64365407915,163503.06636207592,165643.859375,2211
2023-12-19,165643.87129193943,165911.47043780686,162165.08239566284,163503.078125,1754
2023-12-20,166179.05557126697,177685.81787330317,164038.2625848416,177418.21875,3057
2023-12-21,166600.06519039735,169034.15705194537,162272.79076986754,163354.609375,3120
2023-12-22,161461.3891617893,165518.2079849498,158756.84327968227,161731.84375,2164
2023-12-26,159568.20546737214,159838.66005291004,151184.11331569665,153347.75,2090
2023-12-27,151454.58628318584,154700.0417035398,150372.7678097345,152806.859375,1850
2023-12-28,151454.60026501765,153888.69205499114,150372.78169169612,153077.328125,1258
2023-12-29,153347.7591011598,159568.21493771477,152536.39529639177,157404.578125,2324
2024-01-02,164436.3864696734,177959.11562013996,164436.3864696734,173902.296875,3820
2024-01-03,183097.76938868614,187425.04311131386,180122.76870437956,185261.40625,3592
2024-01-04,194456.8835570768,195538.702102596,184450.06201102416,190129.609375,3611
2024-01-05,189318.2306719653,191211.41297868497,182015.95606033236,187154.59375,3175
2024-01-08,183368.23575,183909.145,167411.412875,169034.140625,2907
2024-01-09,174713.68775,175525.051625,164977.32125,169034.140625,2543
2024-01-10,168222.7693452381,177147.77157738095,167681.86011904763,170386.40625,2310
2024-01-11,170656.83829126603,179311.384765625,165788.6558994391,168763.65625,3927
2024-01-12,168763.64195583595,174172.73304416402,166059.09641167193,171468.1875,2200
2024-01-16,171197.75537109375,173902.30126953125,160650.0263671875,164436.390625,3885
2024-01-17,169304.56540464744,177147.74814703525,168222.74709535256,168763.65625,4221
2024-01-18,155781.86170212767,160920.4995013298,151725.0423869681,152536.40625,5386
2024-01-19,146586.39300953815,149290.9390060241,134145.4814257028,134686.390625,4552
2024-01-22,131711.3973123732,137120.48960446246,127925.03270791075,133334.125,3725
2024-01-23,133334.1147824122,137120.47909672002,130088.6596558626,130900.0234375,2667
2024-01-24,126302.31069451943,129547.76621557775,119540.94502564795,125220.4921875,5808
2024-01-25,118188.66627074411,128465.9415986349,118188.66627074411,126302.3046875,5046
2024-01-26,133604.57596343875,137931.84967885376,131711.39371294467,136850.03125,4423
2024-01-29,136038.6902049389,139013.69138238288,132252.32507001018,132793.234375,2832
2024-01-30,134686.3857421875,140365.93212890625,132252.29443359375,138472.75,3272
2024-01-31,145234.12797897196,148479.58335280375,137120.48954439253,144693.21875,5710
2024-02-01,143611.3935786862,148479.57641186198,141718.2113657845,143070.484375,3507
2024-02-02,143070.48259454814,144152.30098845775,136309.11763261296,137661.390625,4789
2024-02-05,133875.04331365504,138472.77207392198,129818.22381930186,131711.40625,4498
2024-02-06,130629.59309895833,140906.86957465278,130629.59309895833,136309.140625,4039
2024-02-07,134145.48962655602,137931.85425311205,129818.21576763486,130359.125,3783
2024-02-08,129006.85664574236,129547.76589792577,120893.21786299127,123868.21875,3899
2024-02-09,121434.12050464038,123868.21200696056,115754.57366589327,116565.9375,3325
2024-02-12,116295.46298963134,118729.55407546084,110615.91712269586,117377.28125,4583
2024-02-13,127654.59000544662,129277.3178444989,120622.76936955338,124138.6796875,6645
2024-02-14,119540.93975290698,121434.12205668604,115754.57514534883,116295.484375,4138
2024-02-15,114402.30207122093,118188.66667877907,113320.48361191861,116295.484375,3303
2024-02-16,114131.83456719818,119811.38083712984,111427.28872437357,118729.5625,4261
2024-02-20,121975.01667570499,130088.65414859002,120893.19834598698,124679.5625,4532
2024-02-21,129006.84738685345,131170.48424030174,125490.9375,125490.9375,4516
2024-02-22,110886.37981376263,112779.56190814394,105477.2881155303,107100.015625,6156
2024-02-23,105747.76190021394,112509.12775061125,104395.48873013449,110615.9453125,4553
2024-02-26,107640.9375,109804.57443467337,106018.20979899498,107640.9375,3272
2024-02-27,106018.21600877192,108722.7623355263,105206.85211074562,107911.3984375,2960
2024-02-28,111697.75147906553,113050.0244993932,109804.5692506068,111427.296875,3164
2024-02-29,107370.46196546052,108722.73478618421,101961.37068256579,102772.734375,4763
2024-03-01,99256.84094973645,99527.29555722892,88168.20204254518,89790.9296875,6473
2024-03-04,86815.92820749224,88709.11044254659,84111.3821574146,87086.3828125,5312
2024-03-05,90061.38798253676,94929.57111672794,88438.6602711397,91954.5703125,6795
2024-03-06,86275.0028588328,88709.09384858044,82488.63909700315,85734.09375,7255
2024-03-07,82488.6561949824,82488.6561949824,75727.2909330986,76809.109375,7568
2024-03-08,76268.19000589623,86275.009261989,74645.46255896227,86004.5546875,12467
2024-03-11,88979.5673385574,92495.47729418428,87627.29427870091,89520.4765625,8790
2024-03-12,86275.02119455645,90872.7495967742,83840.9296875,83840.9296875,7598
2024-03-13,86815.93510698198,91684.11838400901,86545.48048048047,90061.390625,5804
2024-03-14,91413.65277777778,97634.10844017094,89520.47061965812,94929.5625,7763
2024-03-15,98715.92281075906,99527.28655988858,93577.28573293872,97093.1953125,6298
2024-03-18,92225.01281772285,97634.10447858635,90872.73990250696,97093.1953125,5251
2024-03-19,101497.81789383561,105601.50325342466,98488.44863013699,99856.34375,6237
2024-03-20,99035.61637463872,101771.40688222543,93837.61441022398,94658.3515625,4563
2024-03-21,85630.24746817129,89186.77531828704,83441.61494502315,88639.6171875,5163
2024-03-22,90007.50645380435,90828.2435947205,86450.9788431677,88092.453125,3775
2024-03-25,92196.12694114263,92743.28496453221,86998.12571894172,89186.7578125,4028
2024-03-26,87545.29191616765,91375.3984375,86450.97576721557,91375.3984375,3756
2024-03-27,88913.19026591614,93564.03406444099,88092.453125,88092.453125,4131
2024-03-28,88639.61214953271,89186.77024922118,86724.55880062305,87818.875,2534
2024-04-01,87818.87648211415,88092.45553657557,81526.5582295016,85083.0859375,3694
2024-04-02,89186.76653846154,91922.55692307692,88639.60846153846,88913.1875,3952
2024-04-03,92469.7332623839,92469.7332623839,86450.99322755418,88366.046875,4283
2024-04-04,84809.50084339488,96846.97838245738,84262.3427734375,96299.8203125,4894
2024-04-05,94931.92924963127,96846.98257743364,90828.24354719764,92743.296875,5279
2024-04-08,91101.81669603115,93290.44892896884,89733.9215504451,92196.1328125,2874
2024-04-09,89186.75692851683,94111.17909021406,88366.01990156728,89460.3359375,3618
2024-04-10,93837.609375,95752.66262755102,90554.66094205539,93837.609375,5816
2024-04-11,92469.71884735202,94931.93029595015,87271.71690031153,87818.875,3737
2024-04-12,92743.29285777699,97120.55741743608,92196.1347878196,96299.8203125,3900
2024-04-15,92524.44222760787,101744.05696170125,91594.27338203168,100184.65625,5084
2024-04-16,100047.86449473648,101525.19145200084,96600.76826111964,98105.453125,5155
2024-04-17,98160.16776819923,107762.79287595785,97421.50429837164,107106.203125,9209
2024-04-18,109513.6977791071,113973.03645959534,107325.06529788587,112906.078125,8494
2024-04-19,115915.44335641124,128144.42687784522,113890.95838865706,126202.015625,10932
2024-04-22,122618.12495025017,127378.40021605641,117611.62855000568,120292.703125,6536
2024-04-23,117912.56926526834,118897.4538345374,111127.80889919258,112659.8515625,6572
2024-04-24,103960.03376672557,111565.53097387023,102044.980513128,108364.65625,9169
2024-04-25,109568.40510441708,111319.31095377605,100485.58101086739,102427.9921875,9494
2024-04-26,103002.50764556623,103905.31846955128,94904.56813345797,96026.2421875,7539
2024-04-29,96764.90261067897,98926.17694097121,93810.24909584908,94083.828125,5448
2024-04-30,95479.10411539514,100129.94872846596,92305.58661471152,100047.875,6859
2024-05-01,105601.52055369127,111893.83913590605,100266.72871224832,110060.859375,12129
2024-05-02,104917.56951254986,110799.51930269282,101771.4103224734,102865.7265625,7318
2024-05-03,96874.34017075384,98515.81444645145,94384.77085261248,96080.9609375,7219
2024-05-06,93755.5413771395,94849.85758813616,90199.01369140032,90308.4453125,6228
2024-05-07,89898.07425458716,92579.14889760285,89049.97921444954,92442.359375,6560
2024-05-08,95232.84846807367,95615.8590623147,92114.04791496813,92278.1953125,6274
2024-05-09,92469.72037064166,94904.57395436565,91922.56226193965,93372.53125,5487
2024-05-10,90746.16258999925,92114.05771496156,88092.44604757238,90718.8046875,5759
2024-05-13,89651.85412642045,90828.24403409091,88639.61164772727,90281.0859375,3991
2024-05-14,90664.10755200032,90828.25500079694,85657.61036370338,85821.7578125,6467
2024-05-15,83277.4542173913,84645.34932608696,78517.17923913043,78653.96875,7439
2024-05-16,78790.76343717905,80021.86911588497,76985.14177507703,79912.4375,5696
2024-05-17,78571.89293533177,83277.45198299091,78052.09280797407,81225.609375,6554
2024-05-20,80541.66630708378,80760.52953074434,74522.92765641856,76082.328125,7623
2024-05-21,79009.63647321428,79201.14182477679,76410.63527343751,76602.140625,5412
2024-05-22,74687.0582732816,76574.75315271619,73538.0266075388,74030.46875,8761
2024-05-23,68941.91752086357,77258.7202694122,68887.20171330732,75398.3828125,15158
2024-05-24,73565.40829026441,74550.29289362981,70391.89123497596,71130.5546875,10367
2024-05-28,68695.69152030109,70939.03947118309,66589.13307861923,67464.5859375,12967
2024-05-29,71376.77936002283,72006.01122099657,70419.25261506277,71923.9375,9764
2024-05-30,71814.50458064742,74413.50569880418,71075.84110496075,73209.7578125,8819
2024-05-31,72717.30540236928,81335.0447559232,71951.28412649782,75343.6640625,14440
2024-06-03,71677.71712810673,78982.27837742142,71486.2117770011,74851.234375,10011
2024-06-04,75398.39702996789,78462.48283089547,75015.38630485194,76684.21875,9333
2024-06-05,72717.31774251435,73455.98124102748,66534.43068088597,66698.578125,14266
2024-06-06,66725.92616482967,69844.72714178357,66671.21035821643,68257.96875,11051
2024-06-07,68668.35060143849,70501.33047805059,67738.18170882936,68941.9296875,11969
2024-06-10,70939.05631281082,71048.48794615106,65549.54837080398,66014.6328125,11178
2024-06-11,66999.50360626816,69106.06211083438,65686.32427874637,65905.1875,10148
2024-06-12,62403.3799632353,62868.464338235295,59694.94742647059,60460.96875,18715
2024-06-13,59093.078513608634,60980.7740772378,57697.82527092621,58299.69921875,13763
2024-06-14,60187.39340020814,60816.62524030122,58710.06647129394,59147.79296875,11026
2024-06-17,58108.1820592871,60269.456250757765,56111.05527476358,56411.9921875,12192
2024-06-18,55946.91821682837,56220.497279013354,53457.34875094506,54278.0859375,14434
2024-06-20,54086.5744407167,59694.94457746274,53840.353312761996,58737.41796875,24411
2024-06-21,60214.75199813602,62594.88985539991,58545.91970741076,60543.046875,19306
2024-06-24,62293.94939113239,65877.83492922565,61199.63319629475,65713.6875,16544
2024-06-25,64316.11270989837,66585.44198795846,62627.953125,62627.953125,12895
2024-06-26,63043.082889467085,65644.50948806669,61825.39384331408,63485.87890625,12011
2024-06-27,64177.74182872854,65727.52774611051,62517.25691724785,64482.1640625,10469
2024-06-28,63402.84337969853,64288.43525580082,58891.85976080247,62766.32421875,15485
2024-07-01,62821.67291047446,66336.36562396797,62572.600198494605,62849.34765625,13754
2024-07-02,63928.670902489626,64039.36989972337,60026.53125,60026.53125,10968
2024-07-03,59749.77665296451,60718.39276359617,56235.08390867248,57120.67578125,9576
2024-07-05,55986.01638761258,57950.92353715311,55543.220410251335,56843.93359375,10431
2024-07-08,55681.59359697165,55736.94309358892,53578.31272551546,53689.01171875,13296
2024-07-09,53107.841206816134,55321.82103826235,52222.24927423765,53772.03515625,12852
2024-07-10,52388.292676754565,53190.86028775609,49814.541372508305,49980.58984375,16778
2024-07-11,49150.34587104072,55543.21180359163,49067.32163815045,55045.06640625,24427
2024-07-12,54187.15369073275,55294.14355162617,50229.66493803879,52969.46484375,21493
2024-07-15,52415.97582039405,53965.761800300104,50866.189840488,53024.8203125,16365
2024-07-16,52222.24562391897,54629.94852231905,51807.12443453965,52000.84765625,15349
2024-07-17,57452.76888049451,63347.489387019225,56926.94874141483,62960.04296875,29061
2024-07-18,59639.079432264036,65948.92171094441,59639.079432264036,62600.27734375,31046
2024-07-19,62877.03228744939,68771.75406439777,62295.862534792504,68356.6328125,19461
2024-07-22,64011.68938802084,65838.22267795139,59777.453125,59777.453125,19375
2024-07-23,62683.30446117592,63209.124675199026,60801.421589935315,62572.60546875,11690
2024-07-24,65257.047895189,72950.62690912563,64786.577236063385,72480.15625,20368
2024-07-25,74694.13571005454,81308.39967252324,70432.22503967721,77378.5859375,30529
2024-07-26,72480.15386879281,75358.32721829813,70847.34398782343,72729.2265625,17544
2024-07-29,70598.27899804023,74112.97183722138,67581.73160063279,73255.0546875,15285
2024-07-30,72175.75,82027.96127300613,71622.25498466258,81197.71875,20861
2024-07-31,70127.81237318454,72009.69526244127,64703.56169238573,64786.5859375,21397
2024-08-01,68965.47475623683,81419.1118510629,66723.82007916813,78762.3359375,25904
2024-08-02,89223.38466456077,94647.63509702166,86704.98267806107,91990.859375,35639
2024-08-05,110699.00653923542,110699.00653923542,89306.42352552817,96280.4609375,31454
2024-08-06,93679.01609241453,98881.86838942308,86317.53358707266,93900.4140625,19628
2024-08-07,85099.84853748645,102645.63844732918,83024.24247559653,102064.46875,20737
2024-08-08,92655.05942307692,99158.62542200854,80616.5436378205,80948.640625,24552
2024-08-09,83107.2650422127,86013.1134702621,80339.79034883232,82360.046875,18752
2024-08-12,82166.32666182502,84324.9570018797,78125.81346120985,80976.3125,14239
2024-08-13,78153.4865915274,79260.47648659153,70875.02803148076,71207.125,15989
2024-08-14,69601.98341836735,75330.6556122449,68550.3431122449,71871.3125,17566
2024-08-15,67028.24371549684,67996.85995416009,60663.05128999549,61410.26953125,21472
2024-08-16,63430.52150267737,64509.83665913654,61216.541694556,62019.109375,17065
2024-08-19,62738.65738442787,64924.96260426457,58864.192437881815,58891.8671875,16152
2024-08-20,60026.52778366689,62600.27932072592,58615.115650440974,61188.8671875,20456
2024-08-21,60164.89720666273,60801.41635834316,57729.51958284198,58670.4609375,19604
2024-08-22,57618.825707243894,65201.70670810116,57093.00549185598,64565.1875,26296
2024-08-23,61797.713215540774,62738.654661724555,58227.670669725834,59556.05859375,27275
2024-08-26,60580.0209536987,64758.907734881206,59749.77854684125,64067.0390625,20818
2024-08-27,65589.1537621427,67304.98816435909,61354.91725344741,61963.76171875,18133
2024-08-28,62683.30889996028,67332.66691108316,61520.96939717956,65312.41015625,23702
2024-08-29,64343.786554500635,66945.21276358582,61022.81692588125,65948.921875,24225
2024-08-30,61465.610504219534,64371.458817116,60469.3196540836,61078.1640625,20468
2024-09-03,64343.785858999814,75967.17943352881,64316.111112393795,74915.5390625,32244
2024-09-04,77212.54755688176,78125.81424841477,70764.33121969414,74196.0,23245
2024-09-05,77350.90006927904,77793.69591940728,72009.675127107,75524.3671875,21744
2024-09-06,77074.18196815196,86511.2721121878,77074.18196815196,85321.2578125,27770
2024-09-09,81280.73998964445,84574.03520883672,79398.85700724888,80173.75,18411
2024-09-10,80063.0438913876,83854.48426923761,77544.64188858212,77683.015625,16639
2024-09-11,76188.57706436259,81170.03143108444,66502.41579573676,66862.1875,27007
2024-09-12,68052.20968635392,70902.70891274449,66031.9529530868,67913.8359375,19314
2024-09-13,66419.39136968656,66751.48832653499,63845.63995411121,64454.484375,18113
2024-09-16,67166.60682793753,69463.61068731899,66004.26752559992,66889.859375,16705
2024-09-17,64565.17876876294,68550.34196752071,64011.683880046585,66834.5078125,18058
2024-09-18,66142.63709495385,69214.53362948936,63098.41530397272,68965.4609375,24787
2024-09-19,61299.57099528519,62932.381238500464,57314.40701184453,60164.90625,30839
2024-09-20,62074.457611164646,65533.800991189426,61437.93842924009,62821.67578125,20959
2024-09-23,62074.45646180556,63624.242267361115,61382.587798611115,62268.1796875,11384
2024-09-24,60517.53368298368,62782.74635780886,58839.59836829837,59986.1875,18166
2024-09-25,60825.155191244645,60825.155191244645,57637.078091565614,58811.6328125,17776
2024-09-26,51596.50912150931,57273.52340425532,51037.19736951463,52575.3046875,33591
2024-09-27,52071.92729219543,55875.247438134524,52015.99611357868,55092.2109375,22334
2024-09-30,57189.63211805555,58979.42989583333,55511.696701388886,56630.3203125,23492
2024-10-01,56798.1150102459,62726.82026980874,56126.94082991803,61412.4375,36029
2024-10-02,60909.057550719896,62195.47474416944,56854.046832237625,58755.70703125,25260
2024-10-03,60433.63715672916,60517.533922795876,56126.9364986374,58364.18359375,20735
2024-10-04,54812.55845716783,58112.49820101773,54616.7993198208,55987.11328125,21871
2024-10-07,57189.62967861777,57748.94146031574,55204.07285358997,56574.38671875,18088
2024-10-08,56546.41795080398,57609.11027628892,54253.23977475752,54784.5859375,16071
2024-10-09,55036.28276475237,56182.87198901805,52938.863452071266,53078.69140625,17541
2024-10-10,55232.0417706991,56266.76862918815,53442.24396142075,54253.24609375,20477
2024-10-11,55567.63465025053,55651.53143130275,52491.419345002636,53022.765625,15967
2024-10-14,52043.9575391497,52127.85430036273,49778.74498639788,50114.33203125,18349
2024-10-15,50477.891813858696,58951.46589673913,49694.855264945654,57888.7734375,31627
2024-10-16,55763.38851902174,58727.741168478264,55735.42292798913,57888.7734375,13948
2024-10-17,53358.349069148935,56602.35771276596,53022.761968085106,56518.4609375,17974
2024-10-18,55036.2762425816,57245.55765679092,54980.34506753833,56546.41796875,12152
2024-10-21,57329.45798619651,59091.29010967474,56406.59354056505,56854.04296875,13809
2024-10-22,57860.81051267632,58951.46861320526,56993.87715071742,57497.2578125,15072
2024-10-23,58028.5988873667,61552.263205346564,57273.5279620853,59007.39453125,21598
2024-10-24,57441.32193289822,59510.775595524545,57329.459572756256,58112.49609375,14420
2024-10-25,56602.35212772547,56686.24889471321,53833.758817130205,56434.55859375,21823
2024-10-28,56546.41927341811,57413.35250659119,55260.00221774194,56350.66015625,11589
2024-10-29,56266.76605113636,57077.768146306815,51512.61583806818,52295.65234375,18931
2024-10-30,56322.69799096349,57888.771023482834,55399.83352537174,57832.83984375,20123
2024-10-31,59454.84462670602,65914.89594785799,59454.84462670602,64544.58203125,22120
2024-11-01,63286.136070901135,63789.51673783716,60629.40477318324,62726.82421875,15601
2024-11-04,63146.29761578138,64432.714661984195,61076.84410667252,63705.609375,12095
2024-11-05,63761.5488574352,63985.273590268305,61356.50797947931,61496.3359375,12930
2024-11-06,57944.69849191542,59622.633776430346,55567.623505519274,56210.83203125,15640
2024-11-07,53610.03313362985,54085.44813794477,52547.34077104355,52659.203125,13046
2024-11-08,53693.928386092375,54812.55189413596,52743.098404255325,53889.6875,12741
2024-11-11,55399.828539156624,60014.150451807225,55399.828539156624,58028.59375,14659
2024-11-12,58755.703063024965,62335.2984899965,58392.15040247317,59930.2578125,14164
2024-11-13,61552.25479900942,64153.05429755911,60853.11514886165,63873.3984375,14405
2024-11-14,61803.95191124179,64376.78610845186,61244.640129239604,63901.37109375,10824
2024-11-15,67425.04092469161,70836.84307849185,66306.41726770792,70277.53125,14574
2024-11-18,70193.62924662862,71256.3216415975,67173.3455977697,67397.0703125,9433
2024-11-19,68543.65740378598,69019.0724082186,66753.85974003964,67033.515625,7889
2024-11-20,68236.04141291109,71675.80907429963,67872.48873325213,68879.25,11801
2024-11-21,66474.20106267338,70613.10798622225,64404.747600898954,65523.37109375,14530
2024-11-22,66138.62265491567,67033.52156610269,65075.93019788109,65495.4140625,7734
2024-11-25,63062.400668169816,64992.02623185218,61831.914801473824,63565.78125,9338
2024-11-26,62083.6038626269,67648.75574040292,61664.120052744285,66110.6484375,8443
2024-11-27,67257.24410886687,72235.119140625,67089.45056847052,68795.3515625,11247
2024-11-29,67676.74055232559,67676.74055232559,63705.62602404862,66138.6328125,8326
2024-12-02,64992.02604166667,65215.750744047626,59762.46112351191,61076.84375,15064
2024-12-03,62363.260601924805,62754.778829918956,61020.91239165916,62111.5703125,8721
2024-12-04,58420.116372171084,61076.847370426825,58308.25401434979,59622.63671875,9245
2024-12-05,59958.218999556346,63565.77975092891,59706.52871457687,63034.43359375,8815
2024-12-06,62922.57367886179,63621.7133864047,61524.29426377597,61915.8125,7595
2024-12-09,63174.26040158686,64069.15917664253,60545.495249860796,62782.7421875,9300
2024-12-10,62503.09356182516,68627.5577631852,62251.40325218023,67341.140625,9945
2024-12-11,64460.683331233195,65747.10043892809,61132.77820480511,62419.1953125,11229
2024-12-12,63901.364023505914,65327.60890980736,63034.43085732268,63873.3984375,10115
2024-12-13,59510.773672883784,61524.29609038737,57413.354487984216,58476.046875,14683
2024-12-16,58028.60053703528,59342.983296187405,54476.970528262515,55287.97265625,12939
2024-12-17,56993.87032387743,58643.840073194784,56015.07470987561,57609.11328125,13628
2024-12-18,56490.48489855309,65411.507018671124,55204.06791571475,64264.91796875,17972
2024-12-19,63621.71716024709,67788.59006436876,63286.13008072051,67341.140625,17291
2024-12-20,68403.8352343412,69102.97500574698,61887.852564839355,64628.48046875,16144
2024-12-23,63160.67874201422,63160.67874201422,58598.60190151881,58768.6171875,13704
2024-12-24,57691.85423131828,58853.62536269551,57011.79308124379,57068.46484375,6232
2024-12-26,58343.57950013965,58570.26655016447,56048.37311863829,57068.46484375,7861
2024-12-27,58173.56329372279,60780.464327830196,57776.86096244558,58570.265625,11607
2024-12-30,61545.531765818436,63415.699858149936,60497.10419890532,61800.5546875,11994
2024-12-31,61573.87508170616,64464.13520979361,60837.14210787995,63670.73046875,9509
2025-01-02,61687.209070905854,64294.10995952475,59590.35400832109,62678.96484375,13440
2025-01-03,61347.18452390066,61687.215107866854,57295.153398303526,57833.53515625,13316
2025-01-06,53979.857085346215,54064.86473429952,50579.551127214174,52789.75,20377
2025-01-07,51004.59307205579,55821.693528861055,50806.241876775566,54858.2734375,18520
2025-01-08,55680.00566562814,58428.586097977204,55198.2956929484,56558.41796875,16231
2025-01-10,58796.9569493007,61857.23229895105,58740.28518356643,60780.46875,17250
2025-01-13,64322.45491257526,64605.81374478925,61063.8283421144,61177.171875,12998
2025-01-14,59732.040218412396,62622.30022898074,58683.61256751996,60327.09375,10721
2025-01-15,57266.811210292646,58003.544061093045,55566.65847767634,56643.421875,13276
2025-01-16,53781.50521355996,56473.4140625,53271.459326392374,56473.4140625,15588
2025-01-17,52704.74069148936,53781.504210992905,51486.297761524824,51939.671875,17976
2025-01-21,50494.542028151554,51883.00025451487,48652.709687057366,50012.83203125,15486
2025-01-22,48567.701793639055,48907.73237795858,46329.167113535506,47887.640625,17312
2025-01-23,50154.51176470588,50749.565294117645,48171.0,48171.0,13837
2025-01-24,48199.33418843284,51769.65523942786,48170.99830707574,51259.609375,13798
2025-01-27,59051.97651327633,65144.19098081683,58513.594769633215,62962.328125,39012
2025-01-28,62338.94140625,66475.9802450284,61233.84199041194,62338.94140625,18590
2025-01-29,60610.45138709539,63642.39075054522,60100.40551287018,61715.55078125,12380
2025-01-30,59335.329190340904,60525.436079545456,56841.77189867424,57975.20703125,14214
2025-01-31,57011.79184861718,59023.63937409025,53611.48617176128,58400.25,22410
2025-02-03,63047.33660266209,64237.4436306674,59505.35140026535,61403.85546875,18986
2025-02-04,62083.92143253851,62452.28792209716,58995.310097008296,59788.71484375,10764
2025-02-05,60213.75021624937,61488.86492671112,55991.70373049824,56303.3984375,10981
2025-02-06,57606.8497578125,58513.5980078125,56360.0709140625,56671.765625,8686
2025-02-07,56275.06057209469,60468.771027618364,55368.31236549498,59250.328125,17142
2025-02-10,57890.20534300484,58116.892392806134,56615.09068787257,57040.12890625,9782
2025-02-11,58428.58290578358,58513.590543376864,55935.0255363806,56955.1171875,10876
2025-02-12,59505.34588741887,60015.391709311036,56700.09386701198,56756.765625,13019
2025-02-13,56813.44500656445,56955.12442054591,54574.91026565742,54631.58203125,12550
2025-02-14,54886.6050313472,55509.994453489504,54121.536195081644,54659.91796875,8291
2025-02-18,53356.461907665805,54348.21770520606,51429.622072444734,51911.33203125,11127
2025-02-19,51542.96438234662,52308.0331224914,48624.368818090596,49417.7734375,15544
2025-02-20,48454.35665348787,50522.87597261337,47547.608458802715,49049.41015625,13014
2025-02-21,48596.03705871162,54149.86986542152,48596.03705871162,53526.48046875,17458
2025-02-24,52874.75101430872,57521.83524064668,52676.39985830649,57181.8046875,19160
2025-02-25,57550.17456463862,61488.86204099744,56955.12106101606,60865.47265625,19296
2025-02-26,58541.935942869415,59817.0507141323,56218.393470790375,57720.1953125,13456
2025-02-27,56898.45800374688,68176.14041684014,56615.09914914655,68062.796875,20989
2025-02-28,67779.43579122922,70159.65009159011,63217.35838220418,64775.83203125,18527
2025-03-03,61913.90855416172,73446.61371733967,61913.90855416172,71576.4453125,22081
2025-03-04,71803.13030257338,76450.21529453156,64690.82339414958,70471.34375,22490
2025-03-05,68516.16704252578,72284.83958870274,65342.54805627148,65965.9375,18639
2025-03-06,72794.8774436495,74891.73261329919,68799.5182690467,74013.3203125,18782
2025-03-07,73389.93419848326,76110.17886375522,66986.02488232218,67722.7578125,17286
2025-03-10,72823.21896853147,80048.86909965036,71293.0812937063,76988.59375,17310
2025-03-11,76903.57642337709,83477.50042124867,74891.72899299397,79878.84375,18293
2025-03-12,74523.36020234493,77300.2762859304,71774.7799971634,74920.0625,12117
2025-03-13,74948.40053559773,78377.04192115815,71463.08739159828,75968.4921875,10521
2025-03-14,72256.50182505122,72511.52477266906,68572.83702612705,69139.5546875,11729
2025-03-17,70046.28779069768,70131.29542151163,63954.07424903101,65795.90625,11072
2025-03-18,67637.75038834065,69649.59801195697,66901.01745574875,67836.1015625,9218
2025-03-19,68544.5044154724,70017.97040538747,63472.38110403397,66731.0078125,11390
2025-03-20,69366.24787079352,69507.9272986342,66249.3004582987,68204.4765625,10023
2025-03-21,72171.48902611903,73786.63424578482,69876.28266133078,70584.6796875,8728
2025-03-24,66079.27411401099,66532.64820741757,62933.991341002744,64464.12890625,11281
2025-03-25,64678.38682801573,66078.22823904612,64021.31841059332,65364.0234375,6311
2025-03-26,66278.20369066774,72991.72863347245,65649.70348325623,71020.5234375,12195
2025-03-27,73620.24842144692,76562.77290239726,72563.22506421233,75077.2265625,12512
2025-03-28,76848.45421587357,83647.68548106981,75734.29447073636,82247.84375,11973
2025-03-31,87332.97825219903,90846.86648413246,82676.36213996206,82819.203125,12827
2025-04-01,83990.49275940952,88704.24490407026,82590.65121341936,82733.4921875,12145
2025-04-02,86733.02889192525,87504.37005796016,77934.02596086037,81019.390625,13364
2025-04-03,93817.95027675903,106502.2285723988,91932.4494490288,105159.5234375,16989
2025-04-04,117929.50027460458,135413.23432694422,114387.04435550308,130042.4140625,33647
2025-04-07,143383.7693569215,152639.8644498967,97731.79417613636,120986.3046875,44797
2025-04-08,106845.03954434283,143326.62122833368,101417.08298995109,134327.640625,26965
2025-04-09,131327.99333106884,134841.8813405797,54279.570878623184,59136.1640625,56501
2025-04-10,67335.22690938113,78962.48077111984,66192.4992571218,72706.046875,44542
2025-04-11,75134.35027897108,78533.96536763935,67163.82414671521,68163.7109375,33097
2025-04-14,62421.50641538626,70077.78271713616,62250.09724445156,66935.28125,22958
2025-04-15,65992.5369478129,67135.26486032915,63278.558155586834,65963.96875,15676
2025-04-16,75105.78110773441,80190.91957756199,71277.64315853835,73734.5078125,23949
2025-04-17,72334.6794734589,77419.8188677226,72220.40667808219,75077.2265625,17116
2025-04-21,79419.57971800433,83647.67245119305,78648.23847613882,79019.625,12657
2025-04-22,76791.30931391337,77676.92337222116,72620.35278123802,74534.421875,14863
2025-04-23,63307.11339285714,67078.11473214286,60850.24888392857,65992.5234375,29848
2025-04-24,60650.279239550575,62135.82541027909,54279.571622772535,54508.1171875,36164
2025-04-25,56393.6176962796,56850.70882249058,52022.68380188711,53079.70703125,23991
2025-04-28,53993.8876577524,56964.97988865518,52308.36418060563,53479.66015625,21159
2025-04-29,55450.863742236026,56279.34135610767,53422.52199792961,55193.75,18728
2025-04-30,59250.42939753446,60421.725253512726,53565.35926729851,53879.609375,28118
2025-05-01,52222.661370382586,54365.276032734175,50965.66076846966,54136.73046875,19122
2025-05-02,50451.428976438634,50651.40632798737,47080.38219318849,48651.6328125,31479
2025-05-05,50080.04242708933,50280.01977848101,48337.38265067606,49651.51953125,14822
2025-05-06,52279.78901897632,53222.53931276114,50022.90195203691,51279.90234375,23465
2025-05-07,51394.179348025544,52851.15719502349,48137.40533708896,48651.6328125,21550
2025-05-08,46566.15565814394,48251.67908380682,44766.35945785985,47137.51953125,28090
2025-05-09,45366.2910546875,46937.54168945312,44480.67706054688,45709.109375,18910
2025-05-12,36710.1296476276,37967.13019587321,34824.62882525917,35824.515625,52972
2025-05-13,35424.56116731941,35567.40213976828,32282.0597734443,32824.85546875,44938
2025-05-14,32139.214409722223,33110.53288966049,31482.146026234568,32396.328125,34800
2025-05-15,33281.943638392855,34110.42120535715,32253.488727678574,32996.26171875,37120
2025-05-16,32796.287136314655,34310.4014379041,32796.287136314655,33139.10546875,25905
2025-05-19,35367.424340365906,35510.2653110459,33510.491721526014,33767.60546875,34225
2025-05-20,34681.788694234005,34967.47064393939,33881.87923505892,33939.015625,24836
2025-05-21,34824.62882525917,36453.01589912281,32796.2870314992,35824.515625,48788
2025-05-22,35824.515546208306,36910.10692639643,34881.76513709756,36824.40234375,35579
2025-05-23,39795.49267397146,40024.03821696627,37995.69652288732,38538.4921875,44017
2025-05-27,36138.762951117176,37052.945096916184,34224.69408335049,34681.78515625,36025
2025-05-28,34481.80726423217,35538.83035352512,34196.125348207046,35253.1484375,29252
2025-05-29,32881.992001945124,35567.40229576167,32796.28741809992,34881.765625,40427
2025-05-30,35510.26464542342,38938.4478774836,35510.26464542342,37024.37890625,47911
2025-06-02,37281.49263275566,37338.6290199323,34910.33256492522,35338.85546875,33136
2025-06-03,35338.85406800661,36024.49068694934,32253.489282764316,32424.8984375,42269
2025-06-04,31739.26361078369,32567.74123878795,30710.808624295652,31053.626953125,42433
2025-06-05,30339.422130914467,32110.650164922656,29568.080890298,31396.4453125,55019
2025-06-06,30539.400410499537,30910.78694495837,29625.21817183164,30882.21875,30519
2025-06-09,29996.603548728814,30082.308130296613,27853.9890095339,28653.8984375,47198
2025-06-10,28396.78399268617,28511.056765292553,26539.851437832447,26854.1015625,43605
2025-06-11,26225.60103207237,27911.12440995066,25968.487296463816,27139.783203125,42827
2025-06-12,27682.58001612103,27796.852792245372,26596.988642939818,26996.943359375,31981
2025-06-13,28796.73783185841,29396.669870022124,27853.98748617257,29053.8515625,46517
2025-06-16,27996.830435739437,28053.966824383802,25997.05683318662,26368.443359375,50205
2025-06-17,26825.53403072034,27082.64777542373,25654.23808262712,26968.375,43463
2025-06-18,26625.555188836897,27254.05541861631,25768.50942095588,26711.259765625,40960
2025-06-20,25997.05798774895,28311.08183061452,25882.785205385222,27254.05859375,44553
2025-06-23,27311.19214414354,28482.488041538818,26282.73720984525,26768.396484375,48451
2025-06-24,25377.384756166768,25406.124716253027,23624.247190904964,23739.20703125,60106
2025-06-25,23279.367493586753,23825.42673109064,23078.187774506376,23106.927734375,40017
2025-06-26,22589.605746704256,23135.66491869838,22388.426051759052,22618.345703125,38299
2025-06-27,22503.388094364687,23365.586871926553,21986.06882782757,22647.087890625,61037
2025-06-30,22302.208650190114,23020.707640209126,22273.468690589354,22675.828125,44462
2025-07-01,23279.36638183594,24055.345261230468,22589.60737792969,22991.966796875,74729
2025-07-02,23193.14576262417,23221.885720198676,21411.268393004964,21698.66796875,86958
2025-07-03,21468.7494494547,21612.449244966443,21210.089817533557,21411.26953125,44874
2025-07-07,22014.80661828939,22905.745267332433,21756.1470105027,22618.345703125,80265
2025-07-08,22043.548347719254,22273.468017578125,20778.990163495462,21382.529296875,79853
2025-07-09,21152.611328125,21756.15051004161,20520.33218516474,21152.611328125,79048
2025-07-10,20549.070036217614,21123.869198069853,20290.410413384103,20520.330078125,72846
2025-07-11,20922.688631615598,21181.348243819637,20434.109364119082,20635.2890625,71109
2025-07-14,21123.86996633638,22129.768536161922,21008.91012978489,21210.08984375,72565
2025-07-15,20003.010010445683,20664.029019411562,19686.870484418523,20635.2890625,86925
2025-07-16,21123.869459833793,22417.1675900277,20750.25,20750.25,78906
2025-07-17,20865.209855769233,21267.569274475525,20434.110478583916,20549.0703125,63191
2025-07-18,20290.410958231496,21037.649888704607,20146.711163909742,20577.810546875,66744
2025-07-21,20405.36802572756,20491.587890625,19715.609106548036,20491.587890625,67765
2025-07-22,20778.99179582352,22072.29004037685,20635.29199087315,21353.791015625,98655
2025-07-23,21871.107992828205,22560.866983403605,21669.928287243714,21727.408203125,66745
2025-07-24,21899.84598214286,22503.38504464286,21784.886160714286,21928.5859375,55486
2025-07-25,22330.949846813724,22618.349458741828,21899.850428921567,21986.0703125,37240
2025-07-28,21296.309493322096,21325.04945215249,20721.51031671421,20778.990234375,46433
2025-07-29,20434.109912109376,21123.868896484375,19859.310758463544,20692.76953125,69219
2025-07-30,20175.448383277268,20807.727392439803,19888.048833657933,20290.408203125,65305
2025-07-31,20980.17163212435,22790.789183937824,20922.69170984456,22187.25,67273
2025-08-01,23451.806413857677,24400.22505559457,22359.687977918227,23020.70703125,92499
2025-08-04,22532.12670676203,22877.006197171653,21986.06751361346,22101.02734375,44479
2025-08-05,21784.8883160828,23365.586017117832,21554.968650477706,22560.8671875,66484
2025-08-06,23221.88729763387,24026.60616438356,22934.487702366125,23078.1875,55950
2025-08-07,21612.44725032637,22532.125856723236,21267.567772927545,22014.806640625,66353
2025-08-08,21986.066992711127,22187.246690683645,21353.78794194035,21440.0078125,45195
2025-08-11,21210.08897801235,21698.668263413718,20491.59002889269,21526.228515625,49829
2025-08-12,21066.388787273816,21497.488148541357,19456.951171875,19456.951171875,70056
2025-08-13,19054.591543692128,19313.251157407405,18594.752230420523,18623.4921875,54347
2025-08-14,19399.47044915828,19514.430274042184,18393.57198142415,18566.01171875,56693
2025-08-15,18997.111825592438,20060.490248507598,18997.111825592438,19859.310546875,54317
2025-08-18,20031.74860002281,20117.96846487226,19658.12918567518,19686.869140625,38014
2025-08-19,19715.612044543235,20778.990536741632,19485.692370554392,20606.55078125,53547
2025-08-20,20778.99075467469,22704.56804452698,20778.99075467469,21037.650390625,73630
2025-08-21,21411.26925560736,21756.148760395667,20922.689957157258,21382.529296875,49302
2025-08-22,21238.829733962004,21440.00944727423,18910.893051349118,19571.912109375,76374
2025-08-25,19744.353242301386,20089.232774918004,19514.433553890307,19715.61328125,29123
2025-08-26,19543.173041044774,19571.913001399254,19054.593715018655,19255.7734375,30977
2025-08-27,19485.68973214286,19715.609375,19054.590401785714,19112.0703125,36089
2025-08-28,18939.6322595605,19255.771796518264,18479.792933076485,18882.15234375,45348
2025-08-29,19686.87129343925,20778.989700958507,19686.87129343925,20520.330078125,50445
2025-09-02,22129.76767113095,22359.6873352466,21123.869140625,21123.869140625,57762
2025-09-03,21066.388645728748,22129.76706304384,21037.648688504014,21468.748046875,43183
2025-09-04,21871.108379501384,22273.467797783935,20721.510041551246,20750.25,44247
2025-09-05,19859.311079799107,20865.209614955358,19744.351247209823,20117.970703125,63442
2025-09-08,19801.82896042427,20003.008645072994,19428.209546076643,19686.869140625,41266
2025-09-09,19686.872497826684,20089.23193573847,19485.69277887079,19629.392578125,36214
2025-09-10,18709.713744928515,18997.113341624805,18451.054107901855,18594.75390625,54161
2025-09-11,18307.352961983266,18364.832877091536,17962.473471333662,18249.873046875,47765
2025-09-12,18134.9140625,18479.793569235342,17991.214268026943,18134.9140625,31756
2025-09-15,18278.613623681005,18422.31341632001,17703.814453125,17703.814453125,38633
2025-09-16,17560.1132877173,17847.51285052773,17330.193637468958,17358.93359375,40195
2025-09-17,17588.85380569307,18221.13286406766,17014.05466171617,17416.4140625,64984
2025-09-18,16151.856351964614,16353.036057416131,15375.877488080194,15634.537109375,81202
2025-09-19,15692.017553401898,16353.036607849232,15692.017553401898,15893.197265625,39757
2025-09-22,15835.717294404001,15864.457253196022,15088.478365811434,15174.6982421875,53901
2025-09-23,15134.031261139497,15598.79997549311,14843.55081466849,15279.271484375,52496
2025-09-24,15424.512301358309,15976.425170898438,15250.22402676669,15337.3681640625,58445
2025-09-25,16150.71324906367,16644.530021067414,15395.46406835206,15511.65625,74679
2025-09-26,15511.655852754238,15976.424567443504,15337.367584745763,15424.51171875,55465
2025-09-29,14988.791048728814,15453.55976341808,14756.406691384182,15424.51171875,56000
2025-09-30,15424.511486415015,15656.895840259309,15017.8388671875,15017.8388671875,55707
2025-10-01,15395.462731186224,15453.558816964285,14146.396886957908,14233.541015625,67095
2025-10-02,13420.195694633152,13710.676120923914,13245.907438858696,13362.099609375,77522
2025-10-03,13245.907665911514,13855.916571578491,13013.523320895521,13623.5322265625,69580
2025-10-06,12025.889133855388,12403.513671875,11880.648926924767,12403.513671875,93225
2025-10-07,12083.985714285714,13304.003502747253,12025.88962912088,13216.859375,94587
2025-10-08,13245.907415189487,13333.051542920997,11880.6494140625,11880.6494140625,89829
2025-10-09,11996.841605808424,12403.51420261549,11909.697477921196,12025.8896484375,61766
2025-10-10,11996.841889786818,14407.82948507085,11909.697759836792,14349.7333984375,170120
2025-10-13,12664.946212514846,13042.570755548544,12142.08146062203,12229.2255859375,103505
2025-10-14,13071.6185433524,13274.954831804549,12316.369471958706,13013.5224609375,101007
2025-10-15,12054.937063306204,12664.945926750615,11793.5046932586,11822.552734375,116814
2025-10-16,11444.92912877021,12054.938041724969,11299.688911400031,11677.3134765625,129081
2025-10-17,11967.79412330665,12345.41869515856,11619.21759544335,11793.505859375,117091
2025-10-20,11503.025360265545,11532.073404104598,10951.11252732351,11212.544921875,70456
2025-10-21,11299.68887765067,11648.265398297992,11241.592790876117,11386.8330078125,65059
2025-10-22,11793.506087239582,12926.37982468378,11590.169775390625,12200.1787109375,106004
2025-10-23,12461.6099609375,12490.658002804486,11270.640244391025,11328.736328125,83421
2025-10-24,10747.77598391297,10863.96815671203,10544.439681514616,10805.8720703125,69233
2025-10-27,10224.911488970589,10341.103664981618,9818.238872931985,9876.3349609375,84023
2025-10-28,9992.527332227139,10079.671465938422,9731.09493109329,9847.287109375,58537
2025-10-29,9353.469536087461,9643.949956462848,9092.037157749613,9382.517578125,93921
2025-10-30,9527.758418843285,9760.142770522389,9237.277979244403,9731.0947265625,92849
2025-10-31,9469.662897684488,9876.33553746235,9208.23048639872,9643.951171875,81288
2025-11-03,9324.42170477351,9643.950174407493,9179.181491303518,9498.7099609375,67652
2025-11-04,10253.959602418665,10689.68026541096,9847.286983625856,10602.5361328125,115322
2025-11-05,10544.439730456948,10544.439730456948,9237.277780400302,9614.90234375,114489
2025-11-06,9702.046377144608,10602.535711550245,9614.902248008579,10370.1513671875,130555
2025-11-07,10893.015985903532,11851.601392663044,10689.6796875,10689.6796875,151293
2025-11-10,9847.286916934743,10283.007576976102,9760.142784926471,9876.3349609375,86178
2025-11-11,10166.8148997073,10631.583580836777,10079.670771995523,10544.439453125,83196
2025-11-12,10021.574622844828,10341.10308908046,9876.33441091954,10108.71875,89039
2025-11-13,10457.295406331594,11444.928861374021,10341.10323515013,11125.400390625,120345
2025-11-14,12113.034280885688,12316.370587759067,10747.77622045013,11212.544921875,133848
2025-11-17,11532.072323210996,12200.177268888207,10893.015418650184,11822.552734375,110365
2025-11-18,12345.418013649425,13013.522988505747,12083.985632183909,12635.8984375,137820
2025-11-19,12490.658529434018,12693.994831075968,11532.073107407687,11996.841796875,117202
2025-11-20,11096.352009401484,13884.964032706568,10951.111799854343,13710.67578125,199494
2025-11-21,13739.724360447304,14959.742168351717,12752.090896905638,13333.0517578125,234488
2025-11-24,12926.379112358667,12955.427155307789,11415.880879004397,11561.12109375,120599
2025-11-25,12083.985443037975,12839.234533227847,11386.83243670886,11473.9765625,104248
2025-11-26,11096.352261966253,11154.448347107438,10283.00706998967,10544.439453125,89116
2025-11-28,10428.247192738703,10544.439362017129,9963.478515625,9963.478515625,40881
2025-12-01,10370.15110809949,10428.247192738703,9731.09417706815,9963.478515625,90587
2025-12-02,9614.90311408191,9818.239433715062,9179.182429153727,9353.470703125,121978
2025-12-03,9266.325508976615,9527.757890107616,8743.46074671461,8772.5087890625,107063
2025-12-04,8917.750006260016,9179.182416866988,8859.653915014023,9062.990234375,86668
2025-12-05,8801.557023463456,8830.605066445183,8482.028550664452,8743.4609375,100052
2025-12-08,8569.173238187926,8743.461507439206,8394.884968936647,8511.0771484375,96242
2025-12-09,8685.36541768878,8772.50955231442,8482.029103562287,8511.0771484375,72764
2025-12-10,8569.172397911125,8685.364566018396,8133.451767508865,8191.5478515625,101573
2025-12-11,8482.029290069686,9033.942154834494,8307.741016986061,8336.7890625,121221
2025-12-12,8685.364418099354,9672.99783019092,8598.22029350304,9556.8056640625,177331
2025-12-15,9237.27816242515,9789.191008607784,9179.182073353293,9702.046875,148630
2025-12-16,9789.191020234144,10166.815599649706,9556.806663670723,9847.287109375,147475
2025-12-17,9702.04661527593,11038.256628158244,9643.950527759309,10922.064453125,198108
2025-12-18,9731.094198994253,10312.055046695403,9585.853987068966,10108.71875,178657
2025-12-19,9876.334696261682,9905.382739485982,9150.133615654206,9324.421875,110813
2025-12-22,8714.413117439515,9092.037685861895,8685.365073714718,9004.8935546875,73727
2025-12-23,9125.585775280317,9213.897895686254,8860.6494140625,8860.6494140625,58881
2025-12-24,8890.087518290133,8919.524894178512,8742.900638848245,8801.775390625,26168
2025-12-26,8654.58851118311,8890.087518290133,8654.58851118311,8801.775390625,41377
2025-12-29,9066.711157388245,9184.460652938742,8772.337418512003,8890.0869140625,72363
2025-12-30,8831.21229115099,8919.5244140625,8684.025419631807,8919.5244140625,45782
2025-12-31,8860.650874226238,9243.336792382188,8801.776117586862,9213.8994140625,51021
2026-01-02,8566.276331676136,8566.276331676136,7918.654066051136,8095.2783203125,154190
2026-01-05,7594.8430286754265,7859.779413396662,7418.218772194602,7771.46728515625,112771
2026-01-06,7418.218462775735,7477.093212480305,6976.657839991465,7006.09521484375,166504
2026-01-07,7241.5941127232145,7418.218359375001,7153.281989397322,7212.15673828125,90600
2026-01-08,7300.46937317607,7800.904773756688,7300.46937317607,7565.40576171875,140293
2026-01-09,7359.3439651747885,7506.530844478284,6800.0338238215045,6947.220703125,132997
2026-01-12,7153.282325481547,7182.719701306573,6770.596439756197,6829.47119140625,73576
2026-01-13,6711.721554928414,6741.158930169328,6476.222553001101,6682.2841796875,125952
2026-01-14,6770.596923828125,7035.5333251953125,6711.72216796875,6711.72216796875,144947
2026-01-15,6093.536882110455,6417.34802077333,6034.6621296262965,6387.91064453125,126994
2026-01-16,6093.536385130084,6270.160628177333,6005.224263606459,6152.4111328125,102135
2026-01-20,6476.222773257488,6505.660149499568,6093.536882110455,6387.91064453125,173649
2026-01-21,6152.411598786484,6240.723726998731,5651.976205583756,5799.1630859375,193419
2026-01-22,5504.7892069913905,5858.03771225287,5475.351831552934,5769.7255859375,89883
2026-01-23,5887.475344214109,6122.974357982673,5799.163214050897,5946.35009765625,142960
2026-01-26,6064.09912109375,6181.848618590716,5946.349623596784,6064.09912109375,113612
2026-01-27,5799.162822623528,5887.474946825916,5534.226450016361,5622.53857421875,117765
2026-01-28,5298.72802734375,5387.0401611328125,5122.103759765625,5180.978515625,168901
2026-01-29,5180.978515625,5740.2886962890625,5063.22900390625,5180.978515625,205194
2026-01-30,5416.477197017766,5916.912590220495,5210.4155645225255,5799.1630859375,208903
2026-02-02,6034.662069784628,6034.662069784628,5298.727671030405,5445.91455078125,195642
2026-02-03,5328.165068805521,6181.848974857234,5269.290316664023,5799.1630859375,260699
2026-02-04,5975.7871641150505,6947.220545473655,5828.600288151626,6564.53466796875,357774
2026-02-05,6800.033798217773,6976.658052716936,6270.161034720285,6593.97216796875,328336
2026-02-06,6211.286054478609,6270.16080381016,5445.914313168449,5504.7890625,195360
2026-02-09,5681.413549939572,5740.288301752417,5210.4155354368095,5328.1650390625,142206
2026-02-10,5269.290409297733,5534.226798592033,5210.415656121223,5357.6025390625,150143
2026-02-11,5063.228503999256,5387.039629255022,4886.604253859747,4945.47900390625,292055
2026-02-12,4857.167024559738,5357.602414968923,4768.854896840469,5328.1650390625,285367
2026-02-13,5269.2906494140625,5475.352294921875,5063.22900390625,5180.978515625,220007
2026-02-17,5445.914534229343,5622.5387893935385,5092.666023900953,5210.41552734375,274622
2026-02-18,5151.54051306652,5269.290010508041,4886.6041438231,5033.791015625,194625
2026-02-19,5239.853147321429,5328.165279017858,5122.103638392858,5151.541015625,180268
2026-02-20,5298.727251838235,5298.727251838235,4916.04139476103,5004.353515625,252441
2026-02-23,5092.66613909842,5269.290398257902,4945.479256465517,5122.103515625,164627
2026-02-24,4916.041868646461,5063.228750941265,4768.854986351656,4886.6044921875,202262
2026-02-25,4709.98034591195,4739.4177230739,4621.668214426101,4680.54296875,121089
2026-02-26,4709.980014534884,5328.164891442588,4709.980014534884,5063.228515625,329687
2026-02-27,5387.040036334672,5445.914790830133,5180.9783956005585,5269.29052734375,243064
2026-03-02,5681.413808811976,5681.413808811976,5269.29052734375,5269.29052734375,332117
2026-03-03,5887.474874848302,6240.723367339199,5858.03750047406,6064.09912109375,420941
2026-03-04,5799.163078347636,5975.787334540965,5563.664070089864,5681.41357421875,286038
2026-03-05,5827.128726113316,6255.4425577119455,5597.5171875243595,5900.72216796875,512786
2026-03-06,6390.854120760806,6755.877571232635,6042.021226559906,6648.43115234375,840440
2026-03-09,6958.995866916478,7103.239013058148,5809.46630429766,5855.09423828125,863680
2026-03-10,5863.925545788254,5863.925545788254,5379.680690224916,5713.794921875,505639
2026-03-11,5634.31362176567,5649.032309387838,5397.342751048775,5553.36083984375,374588
2026-03-12,5813.881765765344,6226.005030174027,5790.331864941991,6145.05224609375,369717
2026-03-13,5933.102866435571,6178.904945000379,5693.188262806447,6078.81787109375,341045
2026-03-16,5682.8854090857,5816.825469232501,5504.789285154239,5719.68212890625,230871
2026-03-17,5582.798134501412,5778.556677050499,5557.776365904912,5603.404296875,190836
2026-03-18,5597.5171134377015,5702.019799489261,5447.386494039688,5696.13232421875,241469
2026-03-19,6181.848954916688,6289.295377228335,5479.767537894008,5609.2919921875,329813
2026-03-20,5640.2013467243605,6220.117664733076,5559.24856121553,5984.61865234375,287993
2026-03-23,5594.5733854698265,5856.566035460258,5331.108866659224,5768.25390625,365695
2026-03-24,5942.770933787707,5942.770933787707,5441.6091135231745,5554.29638671875,292215
2026-03-25,5385.265510046502,5494.987329359124,5223.648235653587,5340.78369140625,286821
2026-03-26,5610.640169681884,6117.732912290553,5589.881987235915,6105.87109375,311710
2026-03-27,6218.558320040604,6481.0010531467515,6049.527407192575,6390.5546875,273925
2026-03-30,6227.454770369563,7378.0511755616535,6163.697495339589,7226.81298828125,370206
2026-03-31,6801.269965264167,6876.889055787052,5873.082697277385,5910.15087890625,373337
2026-04-01,5644.742779470319,5707.017325500724,5156.925502232143,5376.369140625,481170
2026-04-02,6015.4244031091275,6018.389857584409,5297.784420090932,5327.43896484375,438581
2026-04-06,5216.234572573715,5318.542754923797,5042.7554807627075,5122.82275390625,280739
2026-04-07,5162.856417268827,5376.369146759554,4956.75732421875,4956.75732421875,416163
2026-04-08,4107.154683189506,4345.87378210413,3966.295587556652,3997.432861328125,588378
2026-04-09,3967.7781063988095,3967.7781063988095,3720.16265656002,3736.47265625,509357
2026-04-10,3614.8892407463595,3620.8201500831046,3411.755595962827,3512.5810546875,571848
2026-04-13,3546.6837566556087,3562.993757208791,3309.4473849729593,3324.274658203125,505248
2026-04-14,3202.690868096793,3312.4126848741835,3113.7272328718823,3121.140869140625,473802
2026-04-15,3147.830147612972,3325.7574286838885,3098.9001453184696,3104.8310546875,540404
2026-04-16,3133.0027670474683,3196.7600405841654,2975.833674143052,3006.970947265625,588719
2026-04-17,2851.284678448554,2935.8001369361086,2796.423766798738,2797.906494140625,680637
2026-04-20,2763.803772267512,2877.973777881567,2734.1492253547704,2762.321044921875,530283
2026-04-21,2705.977357298463,2781.5964505709135,2646.6682645357573,2698.563720703125,673555
2026-04-22,2575.4973920549664,2661.495577857608,2479.1201148623513,2490.98193359375,739988
2026-04-23,2424.259109399881,2449.465473228503,2232.9872897591563,2327.8818359375,1276979
2026-04-24,2074.335522984612,2173.6782535349826,1972.0273377909461,2004.6473388671875,1551551
2026-04-27,2003.1645394703871,2169.2299935197457,1988.3372667874087,2080.266357421875,1368814
2026-04-28,2329.3645043021365,2412.3972301079416,2213.7117790726224,2311.57177734375,1585779
2026-04-29,2210.746285502116,2259.6762837727865,2132.1617428249783,2135.127197265625,1008970
2026-04-30,2052.0946193609025,2148.4718955592107,1964.613707119361,1972.02734375,1283032
2026-05-01,2017.9919000987095,2059.5082654203584,1908.2700774629236,1924.580078125,830471
2026-05-04,1897.8909785067874,2022.4400739712953,1875.650068602411,1966.096435546875,902468
2026-05-05,1853.4091449011728,1866.7536907444612,1662.1373211473717,1706.619140625,1426679
2026-05-06,1546.4845086427274,1651.7581425004778,1453.072692684442,1454.555419921875,2230305
2026-05-07,1485.6927356647996,1613.2072818396227,1478.2790992592866,1571.69091796875,1925821
2026-05-08,1461.9690760725637,1478.2790759070444,1310.7308957891948,1312.213623046875,2087944
2026-05-11,1282.5591564643673,1300.351884646532,1208.4227890386815,1215.83642578125,2004827
2026-05-12,1297.3863484473202,1469.3827100700507,1267.7318033399529,1327.0408935546875,3466026
2026-05-13,1242.5254523180201,1331.4890885221744,1206.9399978363585,1238.0772705078125,2373893
2026-05-14,1249.9390904566108,1279.5936359004213,1203.9745450187047,1226.2154541015625,1699488
2026-05-15,1353.729978484942,1392.2808869631551,1304.799979262595,1368.5572509765625,2685397
2026-05-18,1300.3517849256048,1552.4154148427685,1287.007239812343,1475.3135986328125,2743099
2026-05-19,1577.621778228852,1641.3790493414842,1389.3154193613104,1472.34814453125,3594585
2026-05-20,1378.936423093988,1386.3500597772888,1261.800963497832,1266.2491455078125,1885623
2026-05-21,1282.5590899827541,1301.8345445142868,1217.3190900298741,1229.180908203125,1714514
2026-05-22,1186.181830126132,1195.078193852078,1112.0454657432485,1146.148193359375,1883589
2026-05-26,68.20545328245292,68.69969569754315,61.18721249647968,62.175697326660156,40368300
2026-05-27,57.62866730784658,68.30430317581266,57.62866730784658,64.54806518554688,53730730
2026-05-28,64.1526698014506,67.51351987981559,60.29757728631256,62.37339401245117,35310780
2026-05-29,60.396423258538775,64.15266873201307,58.419453544403034,62.57109069824219,30771930
2026-06-01,64.74575797731828,66.623880709396,59.80333370424054,61.879150390625,33069110
2026-06-02,57.33212148445585,58.61715103943611,50.90696993878407,51.10466766357422,48050000
2026-06-03,48.23806221865275,52.88394198863049,47.64497278877076,48.53460693359375,63441940
2026-06-04,55.05860946950494,57.43097095779376,49.42424480731671,51.401214599609375,66575950
2026-06-05,57.92521110807772,67.71121270004156,57.23327472483967,67.61236572265625,97269150
2026-06-08,56.44248307568938,59.803333053097234,52.09315202519912,56.244789123535156,80565800
2026-06-09,51.89545667619955,70.281274104602,50.80812480653027,58.61715316772461,138885730
2026-06-10,61.6814554828513,65.7342418158192,55.35515100279512,64.94345092773438,120889630
2026-06-11,60.297574858059875,60.297574858059875,48.435756853195635,49.1276969909668,91010800
2026-06-12,49.52309036519869,50.90697068833544,44.87721450346217,46.65648651123047,63481140
2026-06-15,40.231333306134395,41.219818135421384,38.64975531681299,39.04515075683594,46568520
2026-06-16,39.83594019531993,45.96454724939313,38.64975757666534,45.766849517822266,61626100
2026-06-17,41.219818218317734,44.086421966552734,38.74860614013046,44.086421966552734,65939990
2026-06-18,38.15551259916431,38.25436334377023,34.1027263395803,35.48660659790039,71115680
2026-06-22,32.91654362256602,34.49812159081657,32.52115195858112,32.619998931884766,47578730
2026-06-23,39.900001525878906,41.29999923706055,38.0,40.400001525878906,88624720
2026-06-24,40.0,43.900001525878906,39.20000076293945,40.79999923706055,82630030
2026-06-25,33.79999923706055,41.5,33.70000076293945,36.29999923706055,77759570
2026-06-26,40.400001525878906,42.5,39.5,42.400001525878906,68801770
2026-06-29,41.599998474121094,46.29999923706055,37.0,37.20000076293945,77876610
2026-06-30,36.599998474121094,36.79999923706055,31.700000762939453,32.400001525878906,58521310
2026-07-01,35.900001525878906,38.900001525878906,35.099998474121094,38.599998474121094,68950380
2026-07-02,38.400001525878906,47.400001525878906,37.099998474121094,45.099998474121094,93091920
2026-07-06,41.099998474121094,41.79999923706055,37.70000076293945,41.70000076293945,54487490
2026-07-07,48.0,51.400001525878906,46.599998474121094,48.0,69078340
2026-07-08,49.79999923706055,49.900001525878906,44.599998474121094,45.0,84320550
2026-07-09,38.70000076293945,41.20000076293945,37.5,40.70000076293945,68417330
2026-07-10,42.70000076293945,43.900001525878906,39.900001525878906,40.79999923706055,52604710
2026-07-13,44.400001525878906,47.29999923706055,43.79999923706055,46.5,61337190
2026-07-14,39.70000076293945,45.0,39.70000076293945,42.79999923706055,49315190
2026-07-15,41.22999954223633,49.689998626708984,41.15999984741211,45.97999954223633,52702200
2026-07-16,49.77000045776367,53.34000015258789,48.310001373291016,52.02000045776367,62582100
2026-07-17,58.59000015258789,61.599998474121094,51.34000015258789,54.849998474121094,107781500
2026-07-20,51.189998626708984,54.40999984741211,49.11000061035156,53.9900016784668,53490400
2026-07-21,46.34000015258789,49.09000015258789,44.439998626708984,45.130001068115234,66515300
2026-07-22,48.56999969482422,48.56999969482422,43.119998931884766,44.52000045776367,59449500
2026-07-23,46.9900016784668,47.34000015258789,43.91999816894531,45.61000061035156,68543000
2026-07-24,47.279998779296875,52.81999969482422,46.400001525878906,51.529998779296875,62506053
