date,open,high,low,close,volume
2021-07-23,19.588247101340414,19.63209605947266,19.183646421770963,19.490585327148438,195672000
2021-07-26,19.244436793032506,19.374983858977348,18.848803969588506,19.227495193481445,203943000
2021-07-27,19.198593120837312,19.554362894991016,18.676399176562164,19.14179039001465,248863000
2021-07-28,19.25241185691331,19.5782844245796,18.929529207405572,19.43577766418457,202191000
2021-07-29,19.451718199146022,19.78456845561129,19.261376580692936,19.594226837158203,190781000
2021-07-30,19.35106731996473,19.562336470219837,19.1966028063269,19.43178939819336,183497000
2021-08-02,19.632097922483993,19.892197976723832,19.29426570330478,19.68192481994629,217444000
2021-08-03,19.67196184401821,20.152300882654224,19.153753673673357,19.7467041015625,301811000
2021-08-04,19.92109911933117,20.247969602176056,19.759656839937854,20.204120635986328,231309000
2021-08-05,20.429335766295853,20.66153240927619,20.271879455166875,20.56586265563965,211435000
2021-08-06,20.453251740531083,20.4990927022112,20.1403330525304,20.295795440673828,178497000
2021-08-09,20.37552283364435,20.4373093965313,20.073567760929837,20.22504425048828,146443000
2021-08-10,20.25194620111402,20.359573704227063,19.766623580582603,19.867277145385742,179238000
2021-08-11,19.973913844041807,19.979893679889088,19.363027803581907,19.631099700927734,185925000
2021-08-12,19.801512240234526,19.95996268817905,19.552373948791477,19.83639144897461,151652000
2021-08-13,19.836392233443082,20.144327189050774,19.78257750881628,20.11841583251953,183063000
2021-08-16,20.065596914124974,20.217073411230743,19.38594658927901,19.881235122680664,210876000
2021-08-17,19.617143152947893,19.701851137196797,19.200584773858555,19.390926361083984,204585000
2021-08-18,19.432782492944614,19.566321363540087,18.934506018766548,18.974369049072266,285913000
2021-08-19,19.42680621302626,20.424357250217014,18.69732897160498,19.729759216308594,766555000
2021-08-20,19.92209227489408,20.79308023295475,19.864293533156978,20.74424934387207,675741000
2021-08-23,20.898715368530024,21.921177903907907,20.877787845028326,21.882312774658203,575807000
2021-08-24,21.678021018612597,21.883310344893474,21.46077202046187,21.71788215637207,297299000
2021-08-25,21.66207355456047,22.392546755792843,21.647125866786784,22.136432647705078,347701000
2021-08-26,22.123480715517967,22.262997548429166,21.714894075614353,21.99193572998047,237940000
2021-08-27,22.10753410004748,22.643679777066232,22.090592499579266,22.55797576904297,304722000
2021-08-30,22.751305343048546,22.963570482185514,22.473267719877327,22.60979461669922,262580000
2021-08-31,22.62075868040585,22.62075868040585,22.047640789736928,22.3117733001709,259850000
2021-09-01,22.41144663929597,22.622753028655936,22.283865100248764,22.367589950561523,201767000
2021-09-02,22.44433930541851,22.51909472765023,22.22206920355075,22.322738647460938,187834000
2021-09-03,22.251971049959415,22.910808082103483,22.127379950913973,22.76827621459961,280532000
2021-09-07,22.758305960984877,22.82409003815894,22.448322522567985,22.587865829467773,198107000
2021-09-08,22.439353122725205,22.53603592576677,21.905105352001236,22.26592254638672,254434000
2021-09-09,22.239016490910437,22.464277065145424,22.058608795237394,22.10445785522461,196856000
2021-09-10,22.274896532355616,22.551987038677307,22.197152562012025,22.40447235107422,248376000
2021-09-13,22.60979183386128,22.888876529423555,21.786493788006073,22.079532623291016,297500000
2021-09-14,22.202132041411108,22.336690647857136,22.013751133052175,22.169240951538086,199755000
2021-09-15,22.236020817611784,22.293831645548725,21.894142459272885,22.267915725708008,166538000
2021-09-16,22.11043394136282,22.204126304937887,21.855270869830687,22.169240951538086,156033000
2021-09-17,22.227050730218956,22.247981943060058,21.758588894411496,21.828359603881836,294503000
2021-09-20,21.076824957284188,21.362886747600268,20.594409012672557,21.043933868408203,349440000
2021-09-21,21.346936627930145,21.354909878936546,20.881465306301873,21.176496505737305,204688000
2021-09-22,21.29610478128571,21.888161496452156,21.126660825026075,21.869224548339844,268726000
2021-09-23,22.067572722802016,22.461281014018834,21.818390548782627,22.40845489501953,248555000
2021-09-24,21.997804384215325,22.076546431149566,21.789488429342764,22.00876808166504,217655000
2021-09-27,21.638979428215535,21.72768898320493,21.25524054701434,21.589143753051758,245215000
2021-09-28,21.144601235884615,21.34893052299368,20.58344140631402,20.631284713745117,343069000
2021-09-29,20.871502966534447,20.94825075454832,20.400048738103138,20.449886322021484,218394000
2021-09-30,20.70006335689361,20.997088873720934,20.620325128983062,20.64823341369629,221009000
2021-10-01,20.682119903644967,20.790762583446227,20.136908439010178,20.67414665222168,240978000
2021-10-04,20.43692580745961,20.47480160606298,19.49103082581489,19.667451858520508,345635000
2021-10-05,19.884739402108554,20.580456026751712,19.789052772537165,20.38409996032715,279282000
2021-10-06,20.054181613694748,20.65221729292301,20.01431155448803,20.63228416442871,297202000
2021-10-07,21.023000423462637,21.25224946522736,20.903394046211478,21.006057739257812,256919000
2021-10-08,21.031972742875528,21.136628803152057,20.707038964304342,20.762855529785156,151258000
2021-10-11,20.507693882375722,20.994096456605053,20.44390216537423,20.627300262451172,163388000
2021-10-12,20.759866211548562,20.988117194123532,20.460848337072985,20.60338020324707,162134000
2021-10-13,20.849573164865863,20.921338143306798,20.64524382851647,20.87050437927246,180652000
2021-10-14,21.218361862587606,21.683833248654274,21.052904524091133,21.674863815307617,243589000
2021-10-15,21.738653534036047,21.85925800191469,21.59113886513245,21.790483474731445,226994000
2021-10-18,21.677860560301653,22.218087520511002,21.573202565670083,22.14931297302246,189494000
2021-10-19,22.203126935634774,22.30579062746577,21.964910365115337,22.217082977294922,161473000
2021-10-20,22.23203574791411,22.359617290338466,21.910092397516213,22.030696868896484,146276000
2021-10-21,22.024714435687386,22.63670618326787,22.010760294577082,22.617767333984375,187590000
2021-10-22,22.748339913629675,23.054334844956028,22.48719785150225,22.651657104492188,249384000
2021-10-25,22.897851941944545,23.278602340486742,22.695516863119877,23.090221405029297,230235000
2021-10-26,23.9105273389636,25.17637336256749,23.84573943509634,24.636144638061523,485898000
2021-10-27,24.393939116260093,25.00792321942295,24.20256586759915,24.371013641357422,245990000
2021-10-28,24.79661760339399,24.868382573846535,24.442779360511576,24.859411239624023,234204000
2021-10-29,24.91921376694326,25.62489787147844,24.91821758575926,25.483362197875977,292503000
2021-11-01,25.565092648708934,25.809290097010273,25.144472287193395,25.742509841918945,265740000
2021-11-02,25.73753168250349,26.590730535065173,25.715602386475727,26.31463623046875,294112000
2021-11-03,26.58275893777931,26.69638634791327,26.149182413290003,26.51099395751953,239910000
2021-11-04,27.139928992611882,31.26239905171974,27.02929203332066,29.703516006469727,1153631000
2021-11-05,30.088249068059874,31.29728030818793,29.313790454475946,29.654672622680664,851260000
2021-11-08,30.05037382681619,30.998263036065406,29.809164902811037,30.703231811523438,503101000
2021-11-09,32.176401244543264,32.20430952982085,29.865983049867186,30.55671501159668,646746000
2021-11-10,29.259970949508748,30.74908322904024,28.68386069593988,29.362632751464844,636206000
2021-11-11,30.368326597262698,30.489927224715828,29.679587167973846,30.29058074951172,332172000
2021-11-12,29.91182472795457,30.57963294844679,29.533066805288538,30.29058074951172,413054000
2021-11-15,30.45205912496515,30.543757233968925,29.151327703396426,29.926782608032227,384909000
2021-11-16,29.66164877670332,30.29058317308719,29.608820758848818,30.10419464111328,264484000
2021-11-17,30.31849214904719,30.409195964278993,28.705785120196275,29.1652774810791,428508000
2021-11-18,32.261122107751916,32.65283428082638,31.218542338444994,31.57138442993164,781711000
2021-11-19,32.1375210519031,32.97975795583658,31.80062743099509,32.87709426879883,533867000
2021-11-22,33.40735181606633,34.53365623352294,31.795642943189414,31.851459503173828,754335000
2021-11-23,31.43183877897173,32.254140700605305,30.778980809021654,31.642148971557617,532163000
2021-11-24,31.358084433513884,32.74752344863697,30.82682705345173,32.567115783691406,435162000
2021-11-26,32.49335785082512,32.602998628839266,31.247448733080454,31.399948120117188,283069000
2021-11-29,32.26012461188157,33.30270053648563,31.931202291527786,33.26681900024414,454964000
2021-11-30,33.060498227989086,33.24389825426,31.75976866465923,32.56911087036133,622066000
2021-12-01,33.114390390664795,33.184169646455935,31.281179063188567,31.33600616455078,484368000
2021-12-02,31.11570313644076,32.375722550194084,30.9272972457991,32.02482986450195,472890000
2021-12-03,31.89922328972484,32.02781864594945,30.03511159214112,30.59634017944336,544325000
2021-12-06,29.78589864714848,30.145761817550646,27.949700565814876,29.942405700683594,658938000
2021-12-07,30.859517901547957,32.346820208398555,30.554479830021183,32.324886322021484,593053000
2021-12-08,31.898228375722542,32.18831231520401,31.32204761084049,31.725772857666016,475551000
2021-12-09,31.63406386343503,32.10358318046431,30.332176907618503,30.39398193359375,488507000
2021-12-10,31.051901151200305,31.206413705262143,29.766960947879433,30.1028995513916,488825000
2021-12-13,30.15374302232693,30.19860138828651,28.02745875745351,28.072317123413086,598344000
2021-12-14,27.61177134537967,28.587688427433932,27.16418590298591,28.24776268005371,667035000
2021-12-15,28.31056319651723,30.403950320139508,27.750332756169268,30.363079071044922,698297000
2021-12-16,31.05389325517119,31.06186748271779,28.004526966053838,28.29759979248047,707366000
2021-12-17,27.896870039197612,28.830919505652275,27.67257823059536,27.713449478149414,713758000
2021-12-20,27.21901421962327,28.055370925868335,27.059518227197945,27.631710052490234,461847000
2021-12-21,28.284643989318436,29.028294944690636,27.314706725168943,28.983436584472656,524385000
2021-12-22,28.800017170257917,29.46192565947625,28.359407778692482,29.30741310119629,395184000
2021-12-23,29.661291348376615,29.9643348089571,29.338312319080405,29.546653747558594,343022000
2021-12-27,29.566592584176444,30.989098625583328,29.546655113197424,30.847545623779297,403686000
2021-12-28,31.213393083122995,31.231336047997825,29.917485879079116,30.226511001586914,420591000
2021-12-29,30.1776616792126,30.451795238929865,29.273516611953507,29.906517028808594,343139000
2021-12-30,29.73306863749012,30.36108570963226,29.44697370362588,29.492828369140625,308864000
2021-12-31,29.580546849229506,29.93542658854919,29.238626655486247,29.318374633789062,266530000
2022-01-03,29.7211098062086,30.61428811203806,29.691203595037003,30.026145935058594,391547000
2022-01-04,30.18165084016446,30.372049319821922,28.25972307978426,29.1977596282959,527154000
2022-01-05,28.857830469478007,29.323360707048195,27.44629140730359,27.517066955566406,498064000
2022-01-06,27.55295802996534,28.348445375941616,26.97976990821359,28.089263916015625,454186000
2022-01-07,28.052377508601495,28.33249270432617,26.971789766731415,27.161191940307617,409939000
2022-01-10,26.49729382964366,27.38249793831708,25.563244238566337,27.3137149810791,594681000
2022-01-11,27.236960559393015,27.976624599280438,26.754485407752146,27.72940444946289,404089000
2022-01-12,27.978614296455778,28.504951462178063,27.521060087800688,27.910829544067383,383413000
2022-01-13,28.289631942753868,28.390313718259936,26.414554846853214,26.491313934326172,540171000
2022-01-14,26.21717454542164,27.11135095047714,26.127457823826212,26.857152938842773,395832000
2022-01-18,26.177302480368454,26.554112344866216,25.688845811972694,25.821426391601562,424270000
2022-01-19,25.99687608868957,26.459413722363188,24.973109749263845,24.988061904907227,488315000
2022-01-20,25.22431303336184,25.49844661807642,24.002172240904777,24.073945999145508,435181000
2022-01-21,23.432970816782724,24.74482640351697,23.189739748176777,23.300390243530273,718958000
2022-01-24,22.259676871868574,23.30636938474509,20.822218672511546,23.29839515686035,913982000
2022-01-25,22.474993586073058,22.870744544335658,21.930713619592275,22.253692626953125,664616000
2022-01-26,23.16681347265323,23.98124005243623,22.22977314342867,22.700286865234375,755959000
2022-01-27,23.493779360509365,23.91943467808651,21.606739331750255,21.874893188476562,573353000
2022-01-28,21.94267865750041,22.78601509261585,21.22893388945279,22.7680721282959,543774000
2022-01-31,23.10899542114048,24.43181805477135,22.97940564831107,24.408889770507812,564680000
2022-02-01,25.02494354865154,25.065814798100266,23.814765930647102,24.56041145324707,518925000
2022-02-02,25.712769688020778,25.735696069563566,24.475676742278374,25.162508010864258,543419000
2022-02-03,24.380977535591192,24.998027675942943,23.70511318165473,23.872583389282227,410178000
2022-02-04,23.89650525040583,24.557417375083098,23.55757585819483,24.242412567138672,354829000
2022-02-07,24.29524762592509,25.10269624776117,24.125782912567686,24.650127410888672,376868000
2022-02-08,24.28228698772841,25.150544291203026,23.904480837599923,25.028928756713867,410359000
2022-02-09,25.54131148574977,26.640838580536943,25.27315951224319,26.620901107788086,524282000
2022-02-10,25.913134866611202,26.84020442347212,25.519378382520046,25.742671966552734,513200000
2022-02-11,25.834385491481136,26.069642339244744,23.698134593993387,23.873579025268555,605472000
2022-02-14,23.858630725496297,24.79666745710509,23.680193553099095,24.190582275390625,440424000
2022-02-15,24.870427450931633,26.46140183291644,24.705948074593312,26.41156005859375,699869000
2022-02-16,26.176307798231086,26.498290583942875,25.47153350229462,26.427513122558594,732676000
2022-02-17,25.549285582156386,25.703798143147747,24.088900885684307,24.42982292175293,810595000
2022-02-18,24.59031284874341,24.90731216889236,23.02725202902934,23.56754493713379,761255000
2022-02-22,22.962457916801178,23.98821671585555,22.927568291074294,23.31633949279785,633422000
2022-02-23,23.727046641189006,24.07893566959685,22.23077389493765,22.31650161743164,566511000
2022-02-24,20.948817318078245,23.725046427228275,20.82421097780637,23.67321014404297,735801000
2022-02-25,23.64630098063684,24.14073741705025,23.30737152091748,24.0809268951416,528866000
2022-02-28,23.91644455057124,24.587325461796915,23.632342229680074,24.30820655822754,477319000
2022-03-01,24.214500358111323,24.300229958145785,23.0591500185398,23.40306282043457,412056000
2022-03-02,23.685224100178537,24.336278491001387,23.34524043941183,24.14784049987793,389642000
2022-03-03,24.189712498581102,24.253522895989168,23.39907590712297,23.643346786499023,365095000
2022-03-04,23.314329501450473,23.609447114971164,22.41501653226553,22.867664337158203,431415000
2022-03-07,22.749018838877227,22.964376798114145,21.2664496692882,21.28838348388672,450821000
2022-03-08,21.245514318732305,22.306343532359403,20.588477275477324,21.44990348815918,557467000
2022-03-09,22.320299923146024,23.150818288505107,22.18071764381372,22.945432662963867,492742000
2022-03-10,22.46387362746883,22.72010791806969,21.816807022974896,22.590496063232422,428066000
2022-03-11,22.953408821575593,23.076043457185644,21.980316832138143,22.034156799316406,367209000
2022-03-14,21.80384653913913,22.19567534891805,21.095962710522347,21.26645278930664,385354000
2022-03-15,21.45388764879963,22.969359327340563,21.25847247473295,22.904552459716797,491996000
2022-03-16,23.429982841181694,24.523714502325593,23.102960984324504,24.423015594482422,671422000
2022-03-17,24.048135981074452,24.76798302260017,23.83477288818977,24.692211151123047,471941000
2022-03-18,24.72511055088306,26.489837248342905,24.550632728393655,26.374181747436523,730719000
2022-03-21,26.428023517702794,27.071102224698404,25.88963151138114,26.654346466064453,591727000
2022-03-22,26.647373045195117,27.1568522339767,25.994325666723434,26.444978713989258,547007000
2022-03-23,26.04816536560368,26.532717544418258,25.498808202763563,25.557632446289062,502120000
2022-03-24,26.088045093021876,28.23562710130492,25.82981594503605,28.066133499145508,877379000
2022-03-25,27.802919332389703,28.273513231464275,27.189751821010642,27.6094970703125,579016000
2022-03-28,27.67330593129394,28.165833619637276,27.124943427788132,28.134925842285156,425494000
2022-03-29,28.609502941441008,28.85975453924561,27.896633131852415,28.570619583129883,488984000
2022-03-30,28.219676873805547,28.411104299754804,27.421062639533556,27.607505798339844,463487000
2022-03-31,27.69922486553173,28.1638360522598,27.188751204527012,27.204702377319336,523440000
2022-04-01,27.29343862106805,27.41407840137785,26.188740006342908,26.632413864135742,517235000
2022-04-04,26.648367352938315,27.475894378510496,26.533710211634048,27.278484344482422,397120000
2022-04-05,27.172798887898374,27.237605758755578,25.743071345725753,25.853740692138672,436615000
2022-04-06,24.859710266858784,25.224619010193965,23.931484383526115,24.334280014038086,703833000
2022-04-07,24.36818323767015,24.648346195017268,23.40805294497013,24.13587760925293,557992000
2022-04-08,23.845742196501757,23.851724837527705,22.99329001527572,23.050119400024414,524781000
2022-04-11,22.147817756385205,22.253500942815894,21.59546745592254,21.851701736450195,575207000
2022-04-12,22.46985514903304,22.65729475827579,21.218593162457935,21.439931869506836,662258000
2022-04-13,21.663265165709976,22.432964462991524,21.39107781519928,22.13684844970703,516943000
2022-04-14,22.437948470033938,22.70913934444599,21.09994772609378,21.194664001464844,569097000
2022-04-18,21.13684199953331,22.02219506677443,21.016202192088386,21.71810531616211,525701000
2022-04-19,21.655289899939216,22.306344324811956,21.250499340490578,22.131866455078125,512781000
2022-04-20,22.449911553032234,22.6024555729677,21.13683607316311,21.41799545288086,468974000
2022-04-21,21.644320110833693,22.325285752038848,19.940412249254727,20.122867584228516,656209000
2022-04-22,20.24250610355399,20.424961412485715,19.441899168057798,19.45685386657715,624713000
2022-04-25,19.14478957941765,19.8855759292998,19.039106397949094,19.84270477294922,641566000
2022-04-26,19.6592607133917,19.729051879922487,18.614382358759325,18.732030868530273,653143000
2022-04-27,18.542589470786602,19.10989445940128,18.235508451875706,18.360136032104492,499460000
2022-04-28,18.910490135420694,19.977303851455268,18.43491199008361,19.72306251525879,570327000
2022-04-29,19.344197292068042,20.06803419949643,18.461833687592772,18.491744995117188,500435000
2022-05-02,18.48576255245507,19.51568405448222,18.336209816554007,19.474807739257812,572049000
2022-05-03,19.3421965619345,19.765931398834063,19.07599190108986,19.543594360351562,475751000
2022-05-04,19.863641752299557,20.33921986356432,18.695132726502678,20.27341651916504,648855000
2022-05-05,19.807811910008564,19.865637775003147,18.44488396034569,18.787858963012695,626331000
2022-05-06,18.680182878720775,19.45387013744249,17.936405028708418,18.61936378479004,633297000
2022-05-09,17.98026782674294,18.200608121706267,16.776863370793325,16.899497985839844,644455000
2022-05-10,17.636299465737004,18.143783810287378,16.974278119895548,17.542579650878906,761474000
2022-05-11,17.295314714048374,17.700105173473105,16.518636414884845,16.5804500579834,670167000
2022-05-12,16.170675786077656,16.73798070919897,15.520618927510899,16.126806259155273,708728000
2022-05-13,16.73798356385744,17.874586549641382,16.543564832253985,17.653247833251953,670437000
2022-05-16,17.456837299175664,17.73500542241008,17.055038053763205,17.212566375732422,521446000
2022-05-17,18.020154721542657,18.31627080412137,17.581466905252842,18.122848510742188,585830000
2022-05-18,17.652254100833233,18.064023819021532,16.813759960216448,16.88753890991211,545161000
2022-05-19,16.886541532338022,17.634307130960774,16.684145291017686,17.07298469543457,621310000
2022-05-20,17.28035996987774,17.358126686206212,15.708058031276178,16.64426040649414,739105000
2022-05-23,16.2255129579709,16.864603890150594,16.130796688219526,16.847654342651367,639889000
2022-05-24,16.460809506552845,16.547550187898246,15.732984010714674,16.10586929321289,588550000
2022-05-25,15.972274124910482,17.060023452980932,15.952333251945635,16.924428939819336,781132000
2022-05-26,15.988220610755953,18.038094588752674,15.974262384109384,17.797813415527344,996575000
2022-05-27,18.131822949886057,18.824752172684995,18.046078711105714,18.754961013793945,738379000
2022-05-31,18.923452187686582,19.142797955948794,18.29532999144944,18.616371154785156,664100000
2022-06-01,18.668212704516566,18.996231017813137,18.06800517898297,18.26541519165039,544514000
2022-06-02,18.237500543404728,19.560546538437922,18.14378074438324,19.533626556396484,648656000
2022-06-03,19.025151378896318,19.274406575530012,18.46681836923716,18.664228439331055,598779000
2022-06-06,19.081980946985432,19.279391018883036,18.508693228823383,18.730031967163086,422406000
2022-06-07,18.41697137996111,18.94339832756792,18.133817030465554,18.869619369506836,388914000
2022-06-08,18.74695170077605,19.12689735772894,18.48368268854018,18.596370697021484,363252000
2022-06-09,18.429833350813585,18.880581583160353,17.991051027241866,17.998031616210938,395574000
2022-06-10,17.551274019304014,17.648005592341615,16.822296926639886,16.9270076751709,465248000
2022-06-13,15.955701045689514,16.266837489978222,15.562791854181512,15.603678703308105,604153000
2022-06-14,15.687446432401757,16.021518975223227,15.369329385877796,15.792156219482422,469680000
2022-06-15,16.050439932166825,16.821300578805904,15.881908139766276,16.481245040893555,563936000
2022-06-16,15.816088757865616,15.897862458387,15.35835993661818,15.557806015014648,545749000
2022-06-17,15.604677679322638,15.950717118320277,15.285563915858456,15.83603572845459,630334000
2022-06-21,16.429384421134937,16.96090769276326,16.3615719081893,16.520132064819336,483089000
2022-06-22,16.181077014713374,16.61587073985761,16.135204840649315,16.314706802368164,437135000
2022-06-23,16.473267119438244,16.53908438669256,15.80911149125112,16.180082321166992,463680000
2022-06-24,16.454320190454215,17.092547758876677,16.264845667803225,17.07858657836914,472153000
2022-06-27,17.26407044859053,17.282020263994987,16.579968879448046,16.822296142578125,427968000
2022-06-28,16.853212443384802,17.154376410501133,15.900856410193713,15.93775463104248,461149000
2022-06-29,15.770219221628231,15.776202177014092,15.128002076209375,15.498971939086914,482352000
2022-06-30,15.31847343700277,15.523903457243852,14.820855311845145,15.117033004760742,686070000
2022-07-01,14.857750345223227,15.021295848581772,14.35215407119524,14.48279094696045,577610000
2022-07-05,14.135755105271844,14.929550817854716,14.016087452919178,14.92257022857666,651397000
2022-07-06,14.9684432720513,15.276587784305496,14.748054467101642,15.08811092376709,529066000
2022-07-07,15.41320992490336,15.900855482165372,15.346395028402622,15.814096450805664,492903000
2022-07-08,15.387280900081658,15.99260071355022,15.3463940472355,15.794151306152344,467972000
2022-07-11,15.483013354753316,15.484010989302513,14.996364558759826,15.1100492477417,437321000
2022-07-12,15.225729017833062,15.388277846313347,14.835811736826283,15.040244102478027,458483000
2022-07-13,14.549606661502255,15.332433178961859,14.424952733218012,15.122016906738281,521918000
2022-07-14,15.06617297485196,15.430162236147307,14.687224899011335,15.329442024230957,456235000
2022-07-15,15.615648276832916,15.73830694346338,15.40224003829484,15.718362808227539,385935000
2022-07-18,16.25686498780902,16.850216937133126,15.957696353307478,16.056421279907227,670517000
2022-07-19,16.440358091474902,17.062631077163257,16.127228231279975,16.944957733154297,702366000
2022-07-20,16.900082197018165,17.88335248572077,16.754486493931914,17.757699966430664,760538000
2022-07-21,17.835484504614854,18.093766321144624,17.496425663382336,18.00002670288086,557049000
2022-07-22,17.843461655137467,17.917256187628578,17.089554175506528,17.27105140686035,536671000
2022-07-25,16.971882360366042,17.0765931156567,16.602907762705456,16.976869583129883,480748000
2022-07-26,16.84224178303558,16.872159411075533,16.43238035984879,16.487228393554688,397865000
2022-07-27,16.984846555686445,17.88634506733334,16.866176524140016,17.74074935913086,569776000
2022-07-28,17.925235866496404,18.089778068252926,17.39171718778261,17.9342098236084,474646000
2022-07-29,17.763679641541707,18.19348605858086,17.64301437349248,18.11271095275879,435460000
2022-08-01,18.131658489520138,18.7938215256265,17.94019064521122,18.389942169189453,476469000
2022-08-02,18.071825862895118,18.885566611126666,18.041908238318054,18.474706649780273,489527000
2022-08-03,18.133657657387115,18.915487551007924,18.08678689420816,18.840694427490234,418146000
2022-08-04,18.796814489472666,19.22063704890321,18.708060200093033,19.161800384521484,409652000
2022-08-05,18.75792279078178,19.17576338661587,18.614322361680482,18.93642807006836,386068000
2022-08-08,17.453543487866224,18.188502488777342,17.19426311465401,17.743736267089844,981859000
2022-08-09,17.204237068091455,17.398696888442636,16.67769900606931,17.0386962890625,668263000
2022-08-10,17.64900236749365,18.067839657584745,17.269056663137828,18.046897888183594,597422000
2022-08-11,18.080804181955322,18.65520971795895,17.82650909360647,17.89232635498047,509327000
2022-08-12,18.109720093847795,18.6661757172825,17.90329248620022,18.65719985961914,478094000
2022-08-15,18.649229834982375,19.110947447873812,18.561474101575005,18.979312896728516,457666000
2022-08-16,18.867617579479603,19.08900306515244,18.449777011947884,18.826730728149414,451240000
2022-08-17,18.47171804037453,18.63626023321667,18.09476431039142,18.284236907958984,446799000
2022-08-18,18.2503302730506,18.812767894027008,18.132656951420675,18.721023559570312,415447000
2022-08-19,18.35504051013906,18.468725204485096,17.720801686073024,17.799583435058594,441588000
2022-08-22,17.44157616837466,17.509388691765842,16.91902677104241,16.986839294433594,409593000
2022-08-23,16.941968295162376,17.416650378436234,16.923019890108804,17.13343620300293,369986000
2022-08-24,16.964898742460186,17.35780889595624,16.848223999149923,17.174318313598633,522661000
2022-08-25,16.797366467637275,17.897313400062618,16.78639724119501,17.863407135009766,770691000
2022-08-26,17.80755957837467,17.874373512103524,16.19204404414736,16.214981079101562,769127000
2022-08-29,15.97564717969457,16.29276564803654,15.723347381626995,15.75725269317627,496132000
2022-08-30,15.915815109572485,15.994595920392342,15.139969108143745,15.425177574157715,530181000
2022-08-31,15.3414069074727,15.496975134961382,14.917583393679934,15.052209854125977,573710000
2022-09-01,14.169660919691056,14.340187972290808,13.233261435486058,13.898414611816406,1178865000
2022-09-02,14.060963550220945,14.131766129658757,13.55337197606146,13.609217643737793,743157000
2022-09-06,13.692985344440922,13.740852790055504,13.314037269416279,13.427721977233887,535751000
2022-09-07,13.529469898732927,13.803790627120508,13.313006348581766,13.680096626281738,512657000
2022-09-08,13.425724579883743,13.973368010349136,13.335947888457856,13.955411911010742,624873000
2022-09-09,14.122001845912337,14.43821857334682,14.091079295828678,14.351433753967285,486612000
2022-09-12,14.33347754387466,14.511036991860852,14.162899808803669,14.469141006469727,484159000
2022-09-13,13.767879095556324,13.887582320478687,13.06661696561573,13.09853744506836,714956000
2022-09-14,13.221231803218423,13.257143051448159,12.881075254382225,13.09554386138916,588507000
2022-09-15,12.98282630284783,13.200286850426261,12.758382138910898,12.897038459777832,523625000
2022-09-16,12.710497968812046,13.179336268504516,12.585807002502516,13.16537094116211,670751000
2022-09-19,12.97983183509863,13.429717086609914,12.977836924096026,13.348917007446289,569685000
2022-09-20,13.182329079094677,13.44966616014184,13.024719705664902,13.143424987792969,524818000
2022-09-21,13.180334501882477,13.996312044305188,13.07758850400222,13.228215217590332,807679000
2022-09-22,13.037686800354493,13.116491960905076,12.397274767166287,12.529945373535156,759162000
2022-09-23,12.389295442898492,12.579823238873681,12.22669830375946,12.485057830810547,663309000
2022-09-26,12.460121401962885,12.627706312935176,12.183805742416402,12.197771072387695,547343000
2022-09-27,12.476080251525241,12.704514210651315,12.227696230944117,12.382312774658203,553854000
2022-09-28,12.37932021781137,12.791299318139588,12.323458902869692,12.704514503479004,542414000
2022-09-29,12.417224823009533,12.469096309319497,11.916466059827378,12.189788818359375,532763000
2022-09-30,12.057118225117197,12.601768874936441,12.045147807986924,12.108989715576172,565638000
2022-10-03,12.316475611950034,12.646657634128852,12.075073310975306,12.481067657470703,547478000
2022-10-04,12.847159945252836,13.187317472632325,12.847159945252836,13.134448051452637,584182000
2022-10-05,12.879081259534201,13.288067492068219,12.589798244962582,13.17634391784668,507131000
2022-10-06,13.187318514603342,13.622240530173615,13.07060717712235,13.097540855407715,644157000
2022-10-07,12.47408277401214,12.638674790247842,11.992277140241855,12.046143531799316,672478000
2022-10-10,12.007238900151382,12.094023691014902,11.379794356345908,11.641146659851074,698699000
2022-10-11,11.532416166894459,11.8167113736007,11.255103622772118,11.557354927062988,667482000
2022-10-12,11.550374224944592,11.705987738753207,11.316952527256786,11.471569061279297,492590000
2022-10-13,10.943877022867374,12.048140628446744,10.786267640804748,11.930432319641113,850103000
2022-10-14,12.02719042306738,12.081056814485887,11.176299693003378,11.19924259185791,713432000
2022-10-17,11.489521281308413,11.918458406488362,11.488524301776492,11.858606338500977,580774000
2022-10-18,12.313483940586105,12.461117830022587,11.589278871439754,11.937416076660156,659362000
2022-10-19,11.849631206949502,12.3194674213086,11.804742384541735,12.02120590209961,523131000
2022-10-20,12.083054517539724,12.737432910817912,12.075073921985922,12.163854598999023,652398000
2022-10-21,12.06809134335418,12.467103048862125,11.857613479696207,12.435181617736816,609494000
2022-10-24,12.477076444546938,12.678576698624157,12.034173916407727,12.567851066589355,517457000
2022-10-25,12.662617544617813,13.26711930987685,12.63269102706923,13.228215217590332,505482000
2022-10-26,12.837184898566917,13.354900896725308,12.676582681545735,12.864117622375488,532953000
2022-10-27,13.59630304820485,13.803788998303101,13.089558589412318,13.143424987792969,583113000
2022-10-28,13.071603238162181,13.815759201014696,13.028709325811903,13.799798011779785,521040000
2022-10-31,13.743936087967768,13.803788166627177,13.264125332932366,13.463630676269531,486341000
2022-11-01,13.776855711937651,13.89057419579045,13.485577789770767,13.50951862335205,432817000
2022-11-02,13.815760885842039,14.174870563722804,13.178340660596593,13.186320304870605,672628000
2022-11-03,13.010755424842653,13.746930863679363,12.923970612064814,13.38782024383545,500065000
2022-11-04,13.951423355113537,14.1938226319805,13.663137321682004,14.121003150939941,612576000
2022-11-07,14.19282459299917,14.376369715229352,13.919502771881342,14.265644073486328,410061000
2022-11-08,14.76440920283428,14.85418686064914,14.180855378354366,14.565901756286621,595292000
2022-11-09,14.126989761120601,14.175869366228325,13.724986140949703,13.741944313049316,454414000
2022-11-10,14.76341213300267,15.734006289264514,14.51103733225041,15.711063385009766,700819000
2022-11-11,15.767920535169456,16.348481436653724,15.443724222491777,16.28663444519043,655487000
2022-11-14,16.177901866300843,16.499106232735553,15.882633238435714,16.254711151123047,527852000
2022-11-15,16.68065721766376,16.955973916165302,16.34149766989013,16.62479591369629,545876000
2022-11-16,16.12204333727618,16.321547735639033,15.833757322153295,15.870665550231934,649547000
2022-11-17,15.676150794914285,16.225789250714072,15.496595471995533,15.63824462890625,710894000
2022-11-18,15.926527067026893,15.962439267152297,15.082618903576678,15.370904922485352,492072000
2022-11-21,15.109553050431892,15.438737129847263,15.042718303446582,15.279132843017578,404739000
2022-11-22,15.290104492204474,16.018300200179006,15.084613460927303,15.9983491897583,472866000
2022-11-23,16.05820026675545,16.486140496528126,16.008324643497133,16.478158950805664,427241000
2022-11-25,16.277659960613633,16.44624088571978,16.1320209884095,16.229778289794922,167934000
2022-11-28,15.986378789361892,16.316561753105944,15.686124245692138,15.787871360778809,303741000
2022-11-29,15.787870048545495,15.892610948250487,15.481629846314512,15.600335121154785,298384000
2022-11-30,15.662198222921692,16.892465330806235,15.56242050073122,16.885480880737305,565298000
2022-12-01,16.961313400800822,17.22672251600334,16.59812007687738,17.09701156616211,470977000
2022-12-02,16.622066938764753,16.895459640770735,16.408540682249722,16.838584899902344,371389000
2022-12-05,16.64202078226574,16.957320143368804,16.43547900431618,16.57317352294922,352255000
2022-12-06,16.493353544908274,16.53625748277145,15.783929395985323,15.951557159423828,352694000
2022-12-07,15.737030105203344,16.150112680566554,15.632262419910722,16.084259033203125,372388000
2022-12-08,16.236924067023104,17.140915635032428,15.923619112619104,17.130937576293945,515456000
2022-12-09,17.121954302942694,17.54401680190964,16.937365000489294,16.963306427001953,465338000
2022-12-12,16.99922915428006,17.499117875319435,16.75976146929497,17.496124267578125,457328000
2022-12-13,18.489912854613223,18.748339371405248,17.671731278565026,18.031930923461914,656589000
2022-12-14,17.94712099776623,18.211534767204142,17.38137864220524,17.634815216064453,496888000
2022-12-15,17.107987414571323,17.281601445328924,16.662977044280925,16.914417266845703,478542000
2022-12-16,16.82661330300129,17.003220944622573,16.373619336340138,16.53426170349121,478232000
2022-12-19,16.53525606050728,16.572172773420323,16.109202785089362,16.217960357666016,354039000
2022-12-20,16.02838403707244,16.27383892516191,15.816855115740298,16.04933738708496,403260000
2022-12-21,16.078275356146534,16.590138515163844,16.066300925017234,16.46441650390625,325025000
2022-12-22,16.058317929250357,16.102221001275094,14.849005155476785,15.304991722106934,565045000
2022-12-23,15.162309883054668,15.304992495444772,14.850004092190744,15.172287940979004,349326000
2022-12-27,15.040581290027674,15.066523670848282,14.024837595300793,14.089694023132324,464902000
2022-12-28,13.896123310795858,14.230380640006066,13.853218422811985,14.004881858825684,351066000
2022-12-29,14.370070713593025,14.650446912717559,14.195458504097823,14.570624351501465,354923000
2022-12-30,14.302220281186143,14.59656632429452,14.20144437182903,14.581600189208984,310490000
2023-01-03,14.818074155568226,14.962753137456133,14.064747927725566,14.283262252807617,401277000
2023-01-04,14.534704309371103,14.820069526606867,14.209426861493185,14.716300010681152,431324000
2023-01-05,14.458873382334806,14.531711494421922,14.116633408077806,14.23337459564209,389168000
2023-01-06,14.441909831289994,14.976721722809424,14.002885769126838,14.826056480407715,405044000
2023-01-09,15.25011511747284,16.020402921173815,15.107431553171974,15.593352317810059,504231000
2023-01-10,15.472621454131234,15.926612657782302,15.437699200244237,15.873730659484863,384101000
2023-01-11,15.804881372380587,15.992464284529852,15.528495081310508,15.965523719787598,353285000
2023-01-12,16.06430761543747,16.600115869170452,15.457654762499619,16.474395751953125,551409000
2023-01-13,16.24191245912775,16.884485751855593,16.129164009129322,16.861536026000977,447287000
2023-01-17,16.86153118295506,17.688693570535168,16.86153118295506,17.662750244140625,511102000
2023-01-18,17.62783226446367,17.833374940410984,17.243685577032387,17.338476181030273,439624000
2023-01-19,16.998228042242104,17.158872284903268,16.693905869643526,16.727828979492188,452932000
2023-01-20,16.973286475081306,17.816414337109105,16.787699916065623,17.79945182800293,564967000
2023-01-23,18.0239511412495,19.202334514054723,17.77849813911899,19.150449752807617,655163000
2023-01-24,18.785259468912272,19.45177965907979,18.778275018636265,19.222288131713867,496204000
2023-01-25,18.871068158440618,19.3270556760891,18.538806268911344,19.28015899658203,449537000
2023-01-26,19.65731889361707,20.121288041674845,19.23525643990055,19.758094787597656,489535000
2023-01-27,19.418852978689333,20.582268342414245,19.36198013839365,20.31985092163086,542142000
2023-01-30,19.90577336731511,20.095350783793005,19.107545755024255,19.11952018737793,488611000
2023-01-31,19.127497873404206,19.64335181995639,18.907986325068734,19.493684768676758,498017000
2023-02-01,19.647346873400746,21.14501874822768,19.56752430206783,20.89657211303711,660477000
2023-02-02,20.953438165318428,21.90033342006355,20.654104095633148,21.660865783691406,564276000
2023-02-03,20.95344207269312,21.696791212168588,20.74290942748652,21.053220748901367,429366000
2023-02-06,20.759872338931974,21.522178471104034,20.739916222678673,21.042245864868164,452197000
2023-02-07,21.334593701458743,22.20965010200628,21.103107721044175,22.12384033203125,664150000
2023-02-08,22.33736696829217,22.827279543884256,21.959207503696422,22.155771255493164,559651000
2023-02-09,22.555880179506847,22.968961841072108,22.07095764976335,22.2874755859375,523876000
2023-02-10,21.64190854529865,22.029046839327936,20.764857790639137,21.217849731445312,550737000
2023-02-13,21.490250748186387,21.99912031573908,20.91552751667087,21.739696502685547,474919000
2023-02-14,21.53016116062426,22.997900655540672,21.318631266584543,22.920074462890625,675474000
2023-02-15,22.49900989243005,22.804331263638748,22.056993110518953,22.713533401489258,420575000
2023-02-16,22.083928543019674,22.50000383331045,21.878385888019974,21.95322036743164,412026000
2023-02-17,21.583045106514625,21.691802710091036,20.928499305845392,21.34058380126953,465888000
2023-02-21,20.953439640659408,21.446343845986352,20.57228662621733,20.60920524597168,410015000
2023-02-22,20.661090150563847,21.05720930150761,20.375723053454355,20.707984924316406,513184000
2023-02-23,23.388029834017708,23.835036491709413,22.97394905021416,23.61153221130371,1117995000
2023-02-24,23.17350941362294,23.421957916477858,22.89612587509221,23.234373092651367,589716000
2023-02-27,23.617520428698207,23.827053916300855,23.401999726272685,23.448894500732422,452994000
2023-02-28,23.320182165733303,23.772178848920596,23.154549835484183,23.164527893066406,455963000
2023-03-01,23.140586554854767,23.20444575826432,22.458102856082288,22.647682189941406,460026000
2023-03-02,22.438144871095187,23.328165597904217,22.382267363825353,23.262311935424805,389415000
2023-03-03,23.26830010651087,23.847014191551843,23.078720796703625,23.8370361328125,412393000
2023-03-06,23.83803809487831,24.19424512815878,23.434932467158927,23.501785278320312,437429000
2023-03-07,23.5516758916116,24.07560049580581,23.193409839893587,23.240314483642578,515154000
2023-03-08,23.438909531706024,24.150450902284962,23.376038799236685,24.131488800048828,513573000
2023-03-09,24.125499097663184,24.403929057492398,23.33512096029611,23.38801383972168,501257000
2023-03-10,23.36106942050816,23.578623466893095,22.679467330163575,22.917978286743164,474866000
2023-03-13,22.70541520633813,23.250296778148737,22.251346912588748,22.918975830078125,421890000
2023-03-14,23.44789249237886,24.169411731602075,23.411964998999608,24.013731002807617,474910000
2023-03-15,23.712347660414334,24.23627231190452,23.312169659954225,24.17839241027832,524486000
2023-03-16,23.977806480435152,25.535609338613927,23.84507746574005,25.488706588745117,583253000
2023-03-17,25.928795010458135,26.344940904754555,25.615436931253566,25.672321319580078,848547000
2023-03-20,25.56255140531931,25.970714347329455,25.07854386503028,25.846967697143555,432747000
2023-03-21,26.12639693275394,26.337962757604163,25.329033093000934,26.145357131958008,547408000
2023-03-22,26.370891881444173,27.53250995771594,26.183277100976117,26.41380500793457,797295000
2023-03-23,27.059479880369732,27.442694389660254,26.635350859477686,27.135324478149414,564889000
2023-03-24,26.975653609349873,27.111374826778054,26.301037139360137,26.72416877746582,454920000
2023-03-27,26.782050151047695,26.944716509158773,26.3110164665487,26.47667694091797,361026000
2023-03-28,26.392847592513167,26.45871243560378,25.79706988863312,26.35592269897461,356104000
2023-03-29,26.770074250919894,27.02255456693602,26.542540461107045,26.928747177124023,393694000
2023-03-30,27.17324699449219,27.44269460926943,27.04650622795167,27.32693099975586,364516000
2023-03-31,27.08442846214019,27.777007695296096,27.049500279209546,27.720125198364258,433933000
2023-04-03,27.452670206590867,27.942664002312416,27.280024126142052,27.90773582458496,398716000
2023-04-04,27.908737736009,27.94266851512213,27.25108667754047,27.396787643432617,368592000
2023-04-05,26.77406658654195,26.9427192704289,26.3409552107088,26.825960159301758,515015000
2023-04-06,26.52956827718351,27.024552994988376,26.372890149473246,26.98164176940918,397654000
2023-04-10,26.768078927982756,27.564445330206645,26.61439491835625,27.522531509399414,395279000
2023-04-11,27.667236759205327,27.73310161069259,27.070459671596023,27.113372802734375,314378000
2023-04-12,27.313960457156856,27.4117593746922,26.39384737924561,26.440752029418945,446259000
2023-04-13,26.67925655636213,26.831943139385213,26.275087085274208,26.408811569213867,353615000
2023-04-14,26.449729310820583,26.82795296952223,26.166310441978037,26.703208923339844,395660000
2023-04-17,26.510607005107396,26.950704014318593,26.378877313961777,26.946712493896484,321471000
2023-04-18,27.476625156577658,28.05244337278638,27.30098493529646,27.610349655151367,604812000
2023-04-19,27.304973482039863,27.942664953460447,27.176237922113327,27.87380599975586,358660000
2023-04-20,27.614346258085867,27.972612403132796,26.944720527403287,27.048507690429688,427713000
2023-04-21,26.896812971013922,27.127340875735126,26.66728437395246,27.0634708404541,345103000
2023-04-24,26.957691440868356,27.309967410410923,26.61639072563291,26.986631393432617,339282000
2023-04-25,27.02254939224183,27.19120394213977,26.171297410505957,26.18726348876953,378527000
2023-04-26,26.946709851264895,27.27403733509567,26.65031712353252,26.900802612304688,406337000
2023-04-27,27.306972360442714,27.43870204664904,26.57048262204744,27.170251846313477,377161000
2023-04-28,27.1692571711631,27.70116489389645,27.015571252856407,27.692184448242188,292216000
2023-05-01,27.782994624988884,28.998501044313812,27.7231180146928,28.85080337524414,570329000
2023-05-02,28.621275795478528,28.776956510510566,28.025498077141993,28.152236938476562,402730000
2023-05-03,27.782995617159955,28.30891697061435,27.415749094927655,27.745073318481445,383387000
2023-05-04,27.594382208198148,27.80195650009337,27.184224452575453,27.505565643310547,321850000
2023-05-05,27.76902351276572,28.696120235561477,27.67421872062941,28.621274948120117,361494000
2023-05-08,28.463593110285768,29.16016372715801,28.291946345488952,29.091304779052734,344979000
2023-05-09,28.83982442392339,28.91367230214077,28.391744423620203,28.512495040893555,314869000
2023-05-10,28.94560847700235,29.053389041510602,28.402723651406696,28.825855255126953,369350000
2023-05-11,28.8368313012262,28.890721581405018,28.188162647959096,28.519481658935547,322149000
2023-05-12,28.470583157825374,28.72107056378974,27.988572349830026,28.281970977783203,274222000
2023-05-15,28.449628270125718,28.90968479771039,28.09435819789657,28.89371681213379,293926000
2023-05-16,28.781946830273363,29.808841156723194,28.77296638486964,29.15318489074707,449405000
2023-05-17,29.52342540212538,30.13716594058163,29.369741392303435,30.116209030151367,432535000
2023-05-18,30.34773114084469,31.76282685759254,30.25791527609372,31.613134384155273,748725000
2023-05-19,31.471424084571897,31.515334611569322,30.852694703812897,31.199981689453125,473908000
2023-05-22,30.837727010931786,31.455460948812917,30.617180758045432,31.112165451049805,372000000
2023-05-23,30.936525465603022,31.223935873295638,30.568281535055462,30.625164031982422,356253000
2023-05-24,30.14814207840876,30.544330458079507,29.744969965607368,30.47547149658203,721419000
2023-05-25,38.44412056648187,39.39916178020132,36.55998587698389,37.9022331237793,1543911000
2023-05-26,37.81242284228532,39.089800933075296,37.47311881105836,38.86626052856445,714397000
2023-05-30,40.51188361880298,41.852132355940626,39.867206384616175,40.028873443603516,923401000
2023-05-31,39.40714336242504,40.21249015793831,37.74455429743757,37.75653076171875,1002580000
2023-06-01,38.41018533563602,39.967989732477896,38.261492175606385,39.68856430053711,635873000
2023-06-02,40.01489905431234,40.41707376526735,38.97802500871207,39.24647521972656,482731000
2023-06-05,38.829332843104154,39.483987893521245,38.62774678025024,39.090797424316406,396094000
2023-06-06,38.75049794421731,39.07982029424169,38.06989131464503,38.57485580444336,388729000
2023-06-07,38.83934443613163,39.42220868882802,37.283373442319295,37.40214157104492,511998000
2023-06-08,37.650652361661095,38.78843525380602,37.43208020342754,38.435123443603516,417772000
2023-06-09,38.961101220453585,39.633790585447805,38.49201760502022,38.69462203979492,427717000
2023-06-12,39.12378209838564,39.45313848189554,38.542912981212005,39.40523147583008,388701000
2023-06-13,40.10786106340082,41.021082803319786,39.66272914194445,40.94223403930664,613208000
2023-06-14,40.744627187256896,42.91639507972652,40.47315286932789,42.91340255737305,740465000
2023-06-15,42.51917264005908,43.20483722073351,42.06505544214176,42.570072174072266,568622000
2023-06-16,43.365526905874255,43.63599994649347,42.578059387999325,42.60900115966797,655709000
2023-06-20,42.914401391724816,43.90447325497645,42.591030025374586,43.72282409667969,451153000
2023-06-21,43.41642607769267,43.530206665673255,41.9981911201456,42.96131134033203,551603000
2023-06-22,42.170843097037455,43.3415626918256,42.15188284213235,42.94134521484375,417737000
2023-06-23,42.38144316710673,42.72576983708017,41.93331479288893,42.12693786621094,358140000
2023-06-26,42.378439961624785,42.680852228000454,40.02203048498169,40.55299758911133,594322000
2023-06-27,40.71967665079335,41.85845711307234,40.36936115095312,41.79458236694336,462175000
2023-06-28,40.58094379252524,41.76364114383004,40.43922159164072,41.03705596923828,582639000
2023-06-29,41.47720297369155,41.51912113593417,40.52106530278883,40.74263381958008,380514000
2023-06-30,41.59897225706065,42.467279866613445,41.420319389366554,42.21976089477539,501148000
2023-07-03,42.434329951938,42.814589668673115,42.11994379587202,42.33053207397461,198209000
2023-07-05,42.05306919611313,43.09304290319191,42.003167179746235,42.234718322753906,323618000
2023-07-06,41.76263816259273,42.096985857789875,41.26560540265061,42.02113342285156,303582000
2023-07-07,42.239712723775206,43.129980526432945,42.097990517388034,42.42036056518555,355881000
2023-07-10,42.57405415164483,42.72775402565993,41.5680109980779,42.09798049926758,353908000
2023-07-11,42.398400353937646,42.67486219078261,41.98520766702778,42.322547912597656,298244000
2023-07-12,42.94933285605686,43.84957954428274,42.69383007327396,43.81664276123047,481277000
2023-07-13,44.43144838419821,46.065262910266576,44.40549795947818,45.887611389160156,478204000
2023-07-14,46.49243252940778,47.994507542631396,44.97239476607481,45.38059997558594,772075000
2023-07-17,46.1990038397671,46.40559830268811,45.1740001632929,46.37066650390625,510488000
2023-07-18,46.6101959109385,47.80287207706954,45.64507706670889,47.40165328979492,569164000
2023-07-19,47.37171457968649,47.725026374946644,46.65111827083296,46.98546600341797,427502000
2023-07-20,46.416580046967034,46.9954542258262,44.974389752029424,45.43149948120117,537865000
2023-07-21,45.698975360580505,45.77682663388391,44.014257511133955,44.22285079956055,963769000
2023-07-24,44.64402138745575,45.021288544388135,43.95436692767747,44.52525329589844,382516000
2023-07-25,44.85362300335587,46.093204951452925,44.835656447425045,45.590187072753906,348081000
2023-07-26,45.93152233751283,45.96346161310325,44.54322798421179,45.36362838745117,364237000
2023-07-27,46.42855262404122,47.30284884094631,45.66104681024001,45.81075668334961,455976000
2023-07-28,46.57726209617673,46.93556524542494,46.29082136263418,46.65910339355469,331194000
2023-07-31,46.66309836248381,47.038366761861774,46.41557944946755,46.638145446777344,251055000
2023-08-01,46.36966307349115,46.808809981833214,45.9375063312931,46.41657257080078,237858000
2023-08-02,45.741897261987354,45.75087863735261,43.302648610435476,44.18293380737305,530142000
2023-08-03,43.71483776411609,45.03027593449394,43.71483776411609,44.42844772338867,324176000
2023-08-04,44.897535492129286,45.55325576078865,44.30668747221976,44.5931282043457,362666000
2023-08-07,45.02329239286848,45.45145915668349,44.47635751419299,45.328697204589844,322154000
2023-08-08,44.765791580742274,45.154035175235585,43.97034032891443,44.5771598815918,353843000
2023-08-09,44.18792110075107,44.22584923169371,42.052082281111176,42.47126770019531,586449000
2023-08-10,42.07802662294512,43.489278793199354,41.75365777083557,42.30558395385742,492705000
2023-08-11,41.669820039034846,41.93630299373014,40.55998266636193,40.77556228637695,533085000
2023-08-14,40.40728424676243,43.714840105511556,40.23262525589616,43.667930603027344,690286000
2023-08-15,44.473365790467945,45.17998944739272,43.62501611478745,43.85456848144531,676512000
2023-08-16,44.43344112151487,44.58813853982079,43.32160482572684,43.401451110839844,527451000
2023-08-17,43.88450979004493,43.97632996907339,42.91739206244817,43.259727478027344,452395000
2023-08-18,42.55209903416188,43.49326626137414,41.57899634242321,43.21480941772461,583768000
2023-08-21,44.407491420923556,46.97349186656967,44.13602090022551,46.87568283081055,692573000
2023-08-22,48.041406896438666,48.09330773941367,45.24485683130546,45.57920455932617,755293000
2023-08-23,45.77682161070316,47.10822748349232,45.12010004821166,47.024391174316406,779046000
2023-08-24,50.11836604551162,50.16826807045973,47.06731047667301,47.0713005065918,1156044000
2023-08-25,46.92059855717943,47.71205604609622,44.93646092899701,45.928531646728516,925341000
2023-08-28,46.39161656752957,46.88864932841683,44.80071805996093,46.74393081665039,685192000
2023-08-29,46.57526237156326,48.98556752704201,46.30079556232575,48.689144134521484,701397000
2023-08-30,48.94863563426867,49.829918115562,48.33083976005429,49.168209075927734,735206000
2023-08-31,49.283989932424504,49.64728061160453,48.86280955740575,49.259037017822266,528570000
2023-09-01,49.66524637506185,49.7031706927899,48.0483934780796,48.41468048095703,463830000
2023-09-05,48.129240595849275,48.75602175102256,47.76694740479326,48.453609466552734,382653000
2023-09-06,48.350797071158595,48.45859385625443,46.49326248710991,46.973365783691406,468670000
2023-09-07,45.440229441727205,46.25770462589442,45.067922908266546,46.1548957824707,433330000
2023-09-08,45.8564505879392,46.51921177692775,45.18669865684588,45.48713684082031,473069000
2023-09-11,46.06206706824175,46.077038527672016,44.22948732817348,45.093875885009766,473966000
2023-09-12,44.654695251427476,45.58795561962286,44.44807996157311,44.78644943237305,349256000
2023-09-13,44.51694497475434,45.8444700948222,44.42012548496772,45.400299072265625,398355000
2023-09-14,45.864436629731664,45.90136648262812,45.04696145729557,45.496124267578125,370097000
2023-09-15,45.256567267439614,45.514086250608685,43.7264210191702,43.81825256347656,506831000
2023-09-18,42.66839815481211,44.15961559349167,41.921789942113186,43.88412857055664,500271000
2023-09-19,43.751381753727316,43.88413352477652,42.92192782259573,43.43896484375,373064000
2023-09-20,43.51880097319224,43.82123808898184,42.14436649552886,42.160335540771484,367108000
2023-09-21,41.505568360727295,42.021603947761406,40.903690569058845,40.94062042236328,450736000
2023-09-22,41.494589042058344,42.0365810200349,41.154224400495224,41.53252029418945,479236000
2023-09-25,41.51355366859355,42.4567936946112,41.1003231092512,42.14337921142578,419091000
2023-09-26,41.92278314195725,42.740258203916966,41.57742680988832,41.832950592041016,402282000
2023-09-27,42.2511801171412,42.79217068875673,41.55148521974545,42.388919830322266,444935000
2023-09-28,42.38093579889095,43.36509986355093,42.03658080053992,43.008766174316406,424663000
2023-09-29,43.74538760189782,44.06179864340564,43.22635545841842,43.417999267578125,397830000
2023-10-02,43.94800231209444,45.09087045109625,43.779318317844606,44.698604583740234,433298000
2023-10-03,44.72456684968937,45.04596969701848,43.16547499563003,43.435970306396484,470850000
2023-10-04,43.660548982906214,44.06080325905543,43.21138616245394,43.95899200439453,361821000
2023-10-05,43.96797721587723,44.81639678263096,43.80628011216114,44.60478973388672,393483000
2023-10-06,44.11070969679084,45.70373848025028,43.9440208476475,45.676788330078125,434436000
2023-10-09,44.7584930492937,45.52007265706839,44.285376719881796,45.188690185546875,409675000
2023-10-10,45.225636261945006,46.17286677038151,45.00404949375793,45.71272659301758,368582000
2023-10-11,46.109980599288626,46.77174808079545,45.96425254771436,46.71884536743164,378137000
2023-10-12,46.68989946190785,47.52035097000379,46.243733198035265,46.85758590698242,481325000
2023-10-13,46.87256376174886,47.02827534455717,45.19569146704418,45.3763542175293,474115000
2023-10-16,44.97908693457242,46.13892190023753,44.82836714020883,46.0091667175293,375099000
2023-10-17,43.91807074145932,44.67066838631244,42.40090056802487,43.85618591308594,812333000
2023-10-18,42.51168892025405,43.13852165493323,41.74711648202066,42.11742401123047,627294000
2023-10-19,42.73128289845607,43.21637798376251,41.8040119269262,42.022605895996094,501233000
2023-10-20,41.81199826924351,42.39092011000652,41.00150997673177,41.3099365234375,477266000
2023-10-23,41.15222663549808,43.16746801501632,40.86875508234883,42.89497375488281,478530000
2023-10-24,42.99677688897868,43.61562118996056,42.61149796470392,43.58168411254883,401463000
2023-10-25,43.31718712471628,43.56872058494652,41.477620479123594,41.701202392578125,398379000
2023-10-26,41.77506880872993,42.177318286010724,39.80574303401105,40.250911712646484,541001000
2023-10-27,41.053411354619094,41.1292700454015,39.94048596248548,40.424583435058594,416784000
2023-10-30,41.01049469201982,41.68822738791205,40.405620307517786,41.084354400634766,388028000
2023-10-31,40.37467987980174,40.802881903079644,39.1569503913023,40.704063415527344,517969000
2023-11-01,40.80786677095721,42.30208077870125,40.79289531240805,42.246185302734375,437593000
2023-11-02,43.24732164549146,43.802286120371775,42.81413164942189,43.424991607666016,409172000
2023-11-03,43.93802957100558,45.22462694220357,43.64158173973637,44.92119598388672,424610000
2023-11-06,45.20067395834923,45.849465106470674,44.815391150878824,45.66580581665039,400733000
2023-11-07,45.63386992886557,46.13193749816825,45.073913725971586,45.86943054199219,343165000
2023-11-08,46.01415398971753,46.779727832903724,45.8823998221808,46.487274169921875,346719000
2023-11-09,47.37861498022088,48.14019475321026,46.662950986381574,46.862579345703125,540496000
2023-11-10,47.411554622346145,48.38174487246118,47.19495962235481,48.244998931884766,421245000
2023-11-13,48.23002031531456,49.02453947075824,48.009431181663935,48.52946090698242,384136000
2023-11-14,49.58749116388393,49.74120373030796,48.948683517262864,49.563533782958984,416954000
2023-11-15,49.8420139297863,49.86696509098912,48.11024418489581,48.79696273803711,475497000
2023-11-16,48.588356005845505,49.432781344923285,48.240006851203624,49.38786315917969,339756000
2023-11-17,49.43178439121729,49.62442581647781,48.9157487529458,49.206207275390625,325205000
2023-11-20,49.22017851068948,50.453877068941594,49.08942192234672,50.31513595581055,414120000
2023-11-21,50.03265822480747,50.42292897370047,49.130342262240724,49.85099792480469,565747000
2023-11-22,49.75918016105982,50.24127874618094,47.60120309903,48.62529373168945,899420000
2023-11-24,48.37974638442562,48.829906801279186,47.656094105123046,47.68703842163086,294645000
2023-11-27,47.71098998988454,48.4396301867081,47.5632667713432,48.15216827392578,395662000
2023-11-28,48.146180818273855,48.233020614585215,47.38460109717888,47.73195266723633,401491000
2023-11-29,48.288911166313994,48.67119737228817,47.77087663297862,48.05035400390625,382005000
2023-11-30,47.934569759213595,48.0204119586937,46.33555556358415,46.68290710449219,526247000
2023-12-01,46.43836652084653,47.11210883022558,46.10099466756543,46.67791748046875,369317000
2023-12-04,45.99120422189831,45.99120422189831,44.926189637223715,45.42525863647461,437543000
2023-12-05,45.385328820380614,46.51731562556562,45.19067511548695,46.48337936401367,371718000
2023-12-06,47.13122440124437,47.30292009715476,45.331422145943435,45.42226028442383,380590000
2023-12-07,45.618910872891085,46.54626331215597,45.52308054469381,46.51332092285156,350823000
2023-12-08,46.51233553243195,47.656302285632755,46.46741338825399,47.42171859741211,359224000
2023-12-11,47.406746578668496,47.44667271999739,45.748694086196686,46.54427719116211,509728000
2023-12-12,45.96429952454466,47.58142400474077,45.96429952454466,47.57244110107422,372387000
2023-12-13,47.54449647259797,48.507784486050255,47.523533822968744,48.002681732177734,447792000
2023-12-14,48.30413587026834,48.58363781796952,47.33785498826681,48.26420593261719,391232000
2023-12-15,48.10848518903452,49.31633726064535,48.034615184125286,48.80324935913086,479948000
2023-12-18,49.31235079913167,50.34351507731144,49.062794375670336,49.9881477355957,412587000
2023-12-19,49.33630646675969,49.61181773302037,48.80824574504592,49.515987396240234,464444000
2023-12-20,49.5668939044448,49.91028529819524,48.012657344636494,48.025634765625,397894000
2023-12-21,48.72440052942188,49.007897053711915,48.333093912374395,48.90308380126953,300425000
2023-12-22,49.10770498591239,49.29537111268927,48.380996155276534,48.74335479736328,252507000
2023-12-26,48.881117433977685,49.51199608268566,48.87313220671744,49.191566467285156,244200000
2023-12-27,49.42316162638553,49.591860515513005,48.997914916430645,49.32932662963867,233648000
2023-12-28,49.55491912329638,49.79548883206165,49.324326187941345,49.43413162231445,246587000
2023-12-29,49.72461566156116,49.90829110638661,48.664499712290464,49.43413162231445,389293000
2024-01-02,49.156625856562634,49.20753405733888,47.510553413556266,48.08253479003906,411254000
2024-01-03,47.40074566328975,48.09850289557728,47.23603751691528,47.484596252441406,320896000
2024-01-04,47.68224884044641,48.41395003873669,47.42370949212884,47.912841796875,306535000
2024-01-05,48.37601228101952,49.459086175725254,48.220287041681374,49.009883880615234,415039000
2024-01-08,49.42414836733732,52.18224626703925,49.391205977221674,52.160282135009766,642510000
2024-01-09,52.308031854280586,54.22861810717389,51.598290954841644,53.045719146728516,773100000
2024-01-10,53.52087170860792,54.50312317370562,53.39409433002728,54.25356674194336,533796000
2024-01-11,54.9014155282273,55.247799966123495,53.46496957614301,54.724727630615234,596759000
2024-01-12,54.52308221048439,54.872463461679565,54.23359967517569,54.61292266845703,352994000
2024-01-16,54.92038130782368,56.73415487746208,54.80259064863885,56.281959533691406,449580000
2024-01-17,56.24702551752996,56.370806056804064,54.64287831771136,55.953548431396484,474394000
2024-01-18,57.15840468720761,57.49780159403606,56.00745052096862,57.00567626953125,491650000
2024-01-19,57.88611068736901,59.394431360297894,57.12346628511491,59.38544845581055,543501000
2024-01-22,59.94245635666948,60.223957503871716,58.96519328035112,59.54815673828125,452955000
2024-01-23,59.46430561582059,59.803702511682395,58.48105267598879,59.76676940917969,294654000
2024-01-24,60.197006547482026,62.73748925623283,59.83165479543139,61.25312805175781,560271000
2024-01-25,62.23936480631996,62.60771334377325,60.74202640224238,61.507667541503906,482777000
2024-01-26,60.85184105783135,61.67338271174931,60.46553046315559,60.92271423339844,390309000
2024-01-29,61.12335395532468,62.37812361839996,60.79893365210522,62.35416793823242,348733000
2024-01-30,62.788396424260334,63.38034275629544,62.14952879417416,62.66261672973633,410735000
2024-01-31,61.33098018068535,62.158511588509604,60.5922953608444,61.41782760620117,453795000
2024-02-01,61.98981538927627,63.07888305643791,61.54061686379006,62.9151725769043,369146000
2024-02-02,63.8604917267368,66.48183193924027,63.57699522405565,66.04261779785156,476578000
2024-02-05,68.10395378778126,69.3737001755538,67.08576682117494,69.20899200439453,680078000
2024-02-06,69.50645284574946,69.630233381063,66.18236704818828,68.1019515991211,683111000
2024-02-07,68.19778404882926,70.09541214076467,67.48005798042527,69.97462463378906,495575000
2024-02-08,69.94966354395652,70.66838724943909,69.33176617612584,69.5174331665039,414422000
2024-02-09,70.40783795325798,72.05690694381363,70.08740841333696,72.0050048828125,436637000
2024-02-12,72.47117717433613,74.4786104438433,71.12357413495056,72.11980438232422,613710000
2024-02-13,70.27507712375814,73.31966034659938,69.4964624478568,72.00000762939453,602580000
2024-02-14,73.0721231436502,74.10428513350574,71.81036588559786,73.76888275146484,504917000
2024-02-15,73.73794078168315,73.84374789733648,72.27154539670707,72.52908325195312,420122000
2024-02-16,73.9685224984471,74.2699886080868,72.37236058649458,72.48416137695312,495327000
2024-02-20,71.81934960299229,71.82833631589585,67.61382690331146,69.32878112792969,704833000
2024-02-21,67.88533642606332,68.76577530674938,66.13045996080022,67.35228729248047,673755000
2024-02-22,74.89189108055353,78.43558804957509,74.08831901858908,78.3986587524414,865100000
2024-02-23,80.64665337566204,82.24780364536768,77.4323654765101,78.67715454101562,829388000
2024-02-26,79.55858308487059,80.5029113343283,78.36570371037314,78.95166778564453,503973000
2024-02-27,79.24014935736925,79.33898034064636,77.0250924240117,78.56135559082031,391705000
2024-02-28,77.48227691873889,78.7929431019633,76.98815248522881,77.52519989013672,393110000
2024-02-29,78.95366810218512,79.84807446200602,78.2109848648127,78.97163391113281,507289000
2024-03-01,79.85805518730493,82.15397732028299,79.29405523547015,82.13301086425781,479135000
2024-03-04,83.98071640863849,87.5393930852347,83.57045019844777,85.08575439453125,615616000
2024-03-05,85.12269695886387,85.94827183043155,83.27290109267872,85.81549835205078,520639000
2024-03-06,87.86995321567885,89.56900902315816,86.87966241798968,88.5467758178711,582520000
2024-03-07,90.00224735235656,92.60674140930558,89.44720809741612,92.5089111328125,608119000
2024-03-08,94.97366362310085,97.23175738749909,86.35657035243665,87.3768081665039,1142269000
2024-03-11,86.27968352904108,88.64358872381372,84.02059266805003,85.62581634521484,678364000
2024-03-12,87.89691045320731,91.80115020297974,86.00118865594371,91.75423431396484,668075000
2024-03-13,90.89769886633881,91.34592070136199,88.28222228746216,90.73098754882812,635713000
2024-03-14,89.42226608746894,90.48941971581641,86.4504036300163,87.79208374023438,602318000
2024-03-15,86.77983369344113,89.39131202190967,86.10799973550625,87.68526458740234,642086000
2024-03-18,90.23183642945372,92.24534993666983,86.93454164712968,88.30217742919922,668976000
2024-03-19,86.5502309225731,90.38759254394184,84.86315541638959,89.24357604980469,672171000
2024-03-20,89.64188526910227,90.25383297742074,88.07060663291891,90.21589660644531,479063000
2024-03-21,92.14054972284487,92.48794810720764,90.24881917443113,91.27703857421875,480372000
2024-03-22,90.9835495525749,94.61426754269417,90.67708069798141,94.12611389160156,586719000
2024-03-25,93.77872640232121,96.59884339661212,93.3484711637127,94.837890625,552136000
2024-03-26,95.68541767838448,96.20851455285562,92.34220396856466,92.4011001586914,513648000
2024-03-27,92.95114873658731,93.0789259717654,88.96904130951937,90.0940933227539,586067000
2024-03-28,89.8445328106342,91.14229021994063,89.03892762518525,90.19992065429688,435212000
2024-04-01,90.14301673764523,92.06568455405531,89.0499070749777,90.20690155029297,452441000
2024-04-02,88.29519159294945,89.93835161134503,87.46862677190417,89.2974624633789,433064000
2024-04-03,88.33115142365672,90.21788597554938,88.24729689318218,88.81031799316406,370067000
2024-04-04,90.24981545155312,90.47742601324012,85.73163346290652,85.756591796875,434965000
2024-04-05,86.71592408668658,88.3281394307162,85.77755324791968,87.85595703125,399678000
2024-04-08,88.54676191015398,88.67654220104028,86.58216705957724,86.98247528076172,283220000
2024-04-09,87.29094090122678,87.4836082761363,82.87857850073121,85.20654296875,501700000
2024-04-10,83.78101275251376,87.24901012884979,83.56438477591776,86.88863372802734,431929000
2024-04-11,87.26897200773683,90.58223837088431,86.77582976459976,90.4594497680664,431637000
2024-04-12,89.54403999734934,90.01922323878227,87.37878828439109,88.03365325927734,426805000
2024-04-15,88.94408228829708,90.45646450816476,85.78055803275619,85.85243225097656,443077000
2024-04-16,86.28369399477991,87.96578088273147,85.91533573267348,87.26399993896484,370453000
2024-04-17,88.18740329983429,88.62165708680426,83.804986923223,83.88984680175781,495400000
2024-04-18,84.82322159070304,86.04111534612193,82.25965683585832,84.52473449707031,447260000
2024-04-19,83.00636595540483,84.17833393456459,75.47539894537725,76.06836700439453,875198000
2024-04-22,77.9690792079323,79.93467971860302,76.26802794241385,79.3806381225586,596341000
2024-04-23,80.62946711947102,82.62601207910251,80.12534225900131,82.28060913085938,438559000
2024-04-24,83.80496541021976,83.93674114541149,79.04620255838257,79.53935241699219,512208000
2024-04-25,78.73176709382612,83.17907377580835,78.08788455699533,82.48927307128906,424641000
2024-04-26,83.67320200791968,88.17840611614359,83.24294682053755,87.58343505859375,551011000
2024-04-29,87.44368500312586,87.8399947565515,85.11870586410434,87.60540771484375,388971000
2024-04-30,87.08928102561724,88.66555550305353,86.15091015960982,86.25273132324219,363709000
2024-05-01,84.93003072487383,85.85143274518,81.11462711525115,82.89754486083984,559863000
2024-05-02,84.30312143328865,86.0880348767794,83.05627839074917,85.66876220703125,377898000
2024-05-03,87.63734759857738,89.12676696706856,86.88964093377092,88.6356201171875,398341000
2024-05-06,89.23558536447402,92.06069859527176,88.90116496394158,91.9808349609375,376203000
2024-05-07,90.94062670307744,91.62244547206083,88.85723403089521,90.39756774902344,437342000
2024-05-08,89.32841761603471,91.03646035901207,89.26552291616532,90.25581359863281,325721000
2024-05-09,90.37260819958134,90.91466942223298,88.07858152551931,88.59368896484375,378013000
2024-05-10,90.14898917811553,91.24309639621146,89.07284860877868,89.72272491455078,335325000
2024-05-13,90.32170192056742,90.84080791917694,88.37607119051684,90.24284362792969,289680000
2024-05-14,89.44422763754103,91.49268500657907,88.78037543030777,91.19819641113281,296507000
2024-05-15,92.31226052004403,94.69813133508781,91.44076747625896,94.4665298461914,417735000
2024-05-16,94.74603446168919,95.653460635576,93.94042183353292,94.19598388671875,323952000
2024-05-17,94.20597874528181,94.57633241179128,91.64740285082287,92.3192367553711,359691000
2024-05-20,93.5880298154939,95.03552163015486,93.27856783409227,94.61624908447266,318764000
2024-05-21,93.43731390021196,95.23520530836203,93.01903897023965,95.22122955322266,328946000
2024-05-22,95.29408831779949,95.85411617010452,93.0879071432018,94.78596496582031,548648000
2024-05-23,101.85175314144693,106.1363388077003,101.34462744914427,103.61969757080078,835065000
2024-05-24,104.26856517672162,106.29106630104066,102.82207077624999,106.28507995605469,429494000
2024-05-28,110.0535586136133,114.74044777454472,109.69318217417998,113.70423889160156,652728000
2024-05-29,112.85469764744549,115.29247256775368,110.70940819239908,114.62662506103516,557442000
2024-05-30,114.45193707992216,115.61891628592592,109.47355289556607,110.3091049194336,484553000
2024-05-31,112.3256250740568,112.52229098316289,106.75526997887016,109.44361877441406,613263000
2024-06-03,113.42472260342709,114.80133819580078,111.80951385006522,114.80133819580078,438392000
2024-06-04,115.51611513617264,116.39858317577006,113.84799638822281,116.2358627319336,403324000
2024-06-05,118.16651413530396,122.2374646244509,117.26507420610801,122.22848510742188,528402000
2024-06-06,123.83369734866147,125.37004011083056,118.11559592598994,120.78897094726562,664696000
2024-06-07,119.56310374577737,121.48178833918006,117.81812979264019,120.6791763305664,412386000
2024-06-10,120.16206756268633,122.88734731323206,116.80787124184927,121.5796127319336,313434100
2024-06-11,121.56962216023484,122.66781818606155,118.54460929253459,120.71104431152344,222551200
2024-06-12,122.85750238613136,126.6712162731191,122.36831081363356,124.99398040771484,299595000
2024-06-13,129.177104537848,129.58643359087407,126.95077798576432,129.39674377441406,260704500
2024-06-14,129.7461556011969,132.62140615970972,128.10885485479358,131.66299438476562,309320400
2024-06-17,132.77118307637525,133.5099557271365,129.3667902512595,130.7644805908203,288504400
2024-06-18,130.9242214788469,136.10568428406987,130.474964956118,135.35691833496094,294335100
2024-06-20,139.56996619369176,140.52837801062054,129.30688285479897,130.56480407714844,517768400
2024-06-21,126.91083052082259,130.4150570517715,124.09547105255645,126.36173248291016,649445800
2024-06-24,123.03720520530106,124.25519890170064,117.84576490444155,117.9156494140625,476060900
2024-06-25,121.00055473590018,126.29183629953359,119.12365113611966,125.88250732421875,414192600
2024-06-26,125.92244899462368,127.90917229563556,122.39825886605338,126.19200897216797,362975900
2024-06-27,123.89579983596734,126.20200405764365,122.71774114608809,123.78598022460938,252571700
2024-06-28,124.3750052910358,127.49985213027985,122.54801473015355,123.33671569824219,315516700
2024-07-01,123.26682297750608,124.63456367500987,118.63445902087864,124.095458984375,284885500
2024-07-02,120.93068793490033,123.20694278300529,120.83085399993702,122.46815490722656,218374000
2024-07-03,121.45983599496338,128.06893920898438,121.16032653936864,128.06893920898438,215749000
2024-07-05,127.17039258704797,128.63798252741702,125.47319299554034,125.6229476928711,214176700
2024-07-08,127.28020581947078,130.55481479101948,126.83094936680692,127.9890365600586,237677300
2024-07-09,130.1355144487565,133.59980576329167,128.43829962119838,131.163818359375,285366600
2024-07-10,133.8094467425138,134.87769332438475,132.20209545632153,134.68800354003906,248978600
2024-07-11,135.52662745493282,135.92596317348227,126.84094609019272,127.19036865234375,374782700
2024-07-12,128.04894535138322,131.70292655352904,127.01066335258953,129.02734375,252680500
2024-07-15,130.3451595951711,131.1737956487568,126.97072416574117,128.22865295410156,208326200
2024-07-16,128.22864817880884,128.82765170945768,124.37499938694933,126.15206909179688,214769500
2024-07-17,121.15031675281162,121.64949400158038,116.52793817127537,117.79584503173828,390086200
2024-07-18,121.64949865015035,122.19859669151471,116.36820224234275,120.8907470703125,320979500
2024-07-19,120.15196272062997,121.39990584738524,117.176870571876,117.73594665527344,217223800
2024-07-22,120.15196240961751,123.86584236392231,119.66277083791101,123.33671569824219,258068900
2024-07-23,122.57796493987696,124.48482570104972,121.89908357161131,122.38827514648438,173911000
2024-07-24,118.97392242332243,119.75263783562606,113.25335451488178,114.06201934814453,327776900
2024-07-25,112.85399693651604,116.43808604158575,106.12508953993542,112.09524536132812,460067000
2024-07-26,115.99880916186419,116.00878722251285,111.3963944118867,112.87395477294922,293399100
2024-07-29,113.50292255867154,116.08865698961546,111.1168559757427,111.4063720703125,248152100
2024-07-30,111.33648541055072,111.80571322284378,102.37126667488353,103.55931091308594,486833300
2024-07-31,112.71423011638636,118.14527368402075,110.6975496617802,116.82744598388672,473174200
2024-08-01,117.33660563582859,119.9622829008677,106.63424395188704,109.0302963256836,523462300
2024-08-02,103.58926418951675,108.54110155423277,101.20319756374683,107.0934829711914,482027500
2024-08-05,91.90851250035082,103.239842127859,90.5407717150732,100.28470611572266,552842400
2024-08-06,103.66912407688663,107.53275860175525,100.38454458708775,104.07845306396484,409012100
2024-08-07,107.6325946135043,108.62097103799087,98.52760658313275,98.74724578857422,411440400
2024-08-08,101.83215026963444,105.32639072006307,97.35951914167633,104.7972640991211,391910000
2024-08-09,105.46617163856445,106.42459107060563,103.2598090475883,104.57763671875,290844200
2024-08-12,106.14505996593543,110.88724428013212,106.08516112777683,108.84061431884766,325559900
2024-08-13,112.25498947976828,116.03875418683985,111.39640394640423,115.94889831542969,312646700
2024-08-14,118.3349528711921,118.40483737868666,113.88229289564154,117.88569641113281,339246400
2024-08-15,118.56458490618095,123.03720888953038,117.27670666159618,122.6578369140625,318086700
2024-08-16,121.73933737686731,124.79429938850936,120.9805859038701,124.37499237060547,302589900
2024-08-19,124.07548340044629,129.78607177734375,123.21689800857207,129.78607177734375,318333600
2024-08-20,128.18870516059542,129.66628071339343,125.68284097768198,127.04060363769531,300087400
2024-08-21,127.11051541152283,129.13718177592708,126.45160529458104,128.28857421875,257883600
2024-08-22,129.80605728559254,130.5348518103843,122.89743830728821,123.53638458251953,376189100
2024-08-23,125.6529157045682,129.38676754540884,125.0139693437825,129.15713500976562,323230300
2024-08-26,129.35680584239554,131.04401222890846,124.1653576328901,126.25191497802734,331964700
2024-08-27,124.84424526829238,128.98741074794592,123.67616460225028,128.08889770507812,303134600
2024-08-28,127.90916927864866,128.11883041927797,122.4381910717034,125.40330505371094,448101100
2024-08-29,121.16030028839229,124.22524823697073,116.51795043355128,117.39649963378906,453023300
2024-08-30,119.33330147051217,121.5496494805563,117.02710521960448,119.17356872558594,333751600
2024-09-03,115.81910218205195,116.01877002584149,107.11345013644421,107.82228088378906,477155100
2024-09-04,105.23655349888746,113.0836130103624,103.94867525541761,106.03523254394531,372470300
2024-09-05,104.817243866478,109.4695798052194,104.58762658147727,107.0335922241211,306850700
2024-09-06,107.86221523834789,107.97203483673319,100.78387825686288,102.6607894897461,413638100
2024-09-09,104.70741977949132,106.37467762407766,103.51938307487873,106.29480743408203,273912000
2024-09-10,107.63259542371279,109.21998302790867,104.77730096516093,107.922119140625,268283700
2024-09-11,109.21000549756162,116.9971741685222,107.24324578146685,116.71763610839844,441422400
2024-09-12,116.6577172050991,120.60155948017247,115.19999582839206,118.95413208007812,366052700
2024-09-13,118.89422675312926,119.77285113489948,117.4165323291377,118.91419219970703,238358300
2024-09-16,116.60780299971084,117.99563392468083,114.18159360974668,116.59781646728516,248772300
2024-09-17,117.98564481894722,118.61466685067687,114.65085910577872,115.40966796875,231925900
2024-09-18,115.70919560695407,117.51636932909096,113.04336298957726,113.19313049316406,310318900
2024-09-19,117.16692604230532,119.47332749554481,117.06708357128667,117.68611907958984,293506400
2024-09-20,116.87738233881377,118.43495389707196,115.2099893901744,115.81903839111328,382462400
2024-09-23,116.36816938577523,116.80747774675662,114.68080357526898,116.07862091064453,206228500
2024-09-24,116.33821493002908,121.60998405209612,115.19999404233639,120.68143463134766,354966800
2024-09-25,121.82962567540989,124.74507579152808,121.42026930294443,123.31730651855469,284692900
2024-09-26,126.60217747362803,127.47081527785902,121.6099781665842,123.84648132324219,302582900
2024-09-27,123.7765997601264,123.83650371853182,119.07394858799772,121.21060943603516,271009200
2024-09-30,118.1254274144435,121.31045327548797,117.96568098439478,121.25054931640625,226553700
2024-10-01,121.58002164337385,122.24898215671047,115.60935538711523,116.81746673583984,302094500
2024-10-02,116.25834508658102,119.19375323018366,114.96037016184738,118.66458129882812,221845900
2024-10-03,120.73135113827638,124.16598683922703,120.15225416683853,122.65834045410156,277118000
2024-10-04,124.7450859792245,124.84492844767553,121.63993722019764,124.72511291503906,243678100
2024-10-07,124.79500006476454,130.43618698242878,124.7550615549546,127.52074432373047,346250200
2024-10-08,130.0567764001493,133.27175410957346,129.2180905372518,132.68267822265625,285722500
2024-10-09,133.9007832398008,134.31014727855833,131.1750464230449,132.44305419921875,246191600
2024-10-10,131.70420101079952,134.78937641455914,130.79561711338704,134.59967041015625,242311300
2024-10-11,133.8009151704973,135.5681579226704,133.45147037350253,134.58969116210938,170209500
2024-10-14,136.2570891265267,139.3822107684187,136.0873561782587,137.85459899902344,232347700
2024-10-15,137.65492238931424,138.35384259997033,128.53917525345673,131.39471435546875,377831000
2024-10-16,133.7709642153392,136.40684475827754,131.37471471629812,135.5082550048828,264879700
2024-10-17,139.12261346955344,140.6701983777905,136.65646567187503,136.71636962890625,306435900
2024-10-18,138.45366668655112,138.6833036103306,137.06583575895257,137.7847137451172,176090200
2024-10-21,137.91451267760561,143.48580932617188,137.78471061125512,143.48580932617188,264554500
2024-10-22,142.6870350476968,144.19467365659466,141.55879320187643,143.365966796875,226311600
2024-10-23,141.80844872502473,142.2078186781856,137.24558530846375,139.34230041503906,285930000
2024-10-24,140.6003278006047,141.1294997806309,138.24400879643727,140.1909637451172,172354900
2024-10-25,140.71013437273555,143.90515439009727,140.5803475394567,141.31918334960938,205122100
2024-10-28,142.77687691949686,142.91665786792092,139.83148285521668,140.30075073242188,173586700
2024-10-29,140.0711387385227,142.03806672701694,138.6833077693045,141.02964782714844,157593600
2024-10-30,139.32228929215535,140.1110653014331,136.59655278062618,139.1226043701172,179418100
2024-10-31,137.38533225522045,137.39531116933003,131.90389188236236,132.55287170410156,270039600
2024-11-01,134.48984636430032,137.09577501351765,134.36005954202903,135.18875122070312,207127800
2024-11-04,136.99593186321135,138.7432015157854,135.3584911981984,135.83773803710938,187528200
2024-11-05,137.23555788662173,140.151000495864,137.11574997671616,139.6917266845703,160537400
2024-11-06,142.73696823952852,146.26145970555473,141.73852838547052,145.38282775878906,242043900
2024-11-07,146.1616447939007,148.69767593000637,145.94198675435769,148.64776611328125,207323300
2024-11-08,148.5378942315628,149.53633403774526,146.03180056765603,147.39967346191406,175665800
2024-11-11,148.44804913905642,148.61779734270107,143.3460354590936,145.03338623046875,182325600
2024-11-12,146.5510310353953,149.416549137237,145.78222792210133,148.0586700439453,198634700
2024-11-13,148.83744386134128,149.09703275189045,145.6723759576151,146.04180908203125,191903300
2024-11-14,147.40965302668107,148.76753177848803,145.32291747893564,146.53102111816406,194463300
2024-11-15,144.64398997756967,145.0134231170618,139.86146934373124,141.7584991455078,250132900
2024-11-18,139.28237084466085,141.3291757571169,136.93603090489682,139.9313507080078,221205300
2024-11-19,141.0995149233474,146.90044752125365,140.77002797265112,146.78062438964844,227834900
2024-11-20,147.18003223590216,147.32979212988033,142.50732548898966,145.6623992919922,309871700
2024-11-21,149.11700420524105,152.65147472524168,140.4804899844899,146.44117736816406,400946600
2024-11-22,145.70233282975542,146.93042492260167,140.8798813363258,141.72854614257812,236406200
2024-11-25,141.76848775116036,141.82839170792872,135.60811535874635,135.80780029296875,344941900
2024-11-26,137.48518763604767,139.08269776121745,135.45835561529256,136.70640563964844,190287700
2024-11-27,134.7993734587721,137.00593247284488,131.59438972010054,135.1288604736328,226370900
2024-11-29,136.56660913585418,139.1326070072914,135.83775227020575,138.03431701660156,141863200
2024-12-02,138.61342701841852,140.2308949431091,137.6050081030844,138.4137420654297,171682800
2024-12-03,138.04428850809262,140.3207301527637,137.7347745914462,140.04116821289062,164414000
2024-12-04,141.77844351730124,145.56252344018102,140.07110485324333,144.91354370117188,231224300
2024-12-05,144.89360218968224,146.32146235801875,143.73532840807314,144.8436737060547,172621200
2024-12-06,144.38436733563313,145.4827177885172,141.09926510716357,142.2275848388672,188505600
2024-12-09,138.76276188244717,139.74129618907318,136.9255094433844,138.60299682617188,189308600
2024-12-10,138.80267178561354,141.6084936848826,133.59045579547387,134.86856079101562,210020900
2024-12-11,137.155160163518,139.96096726526153,135.00837248215075,139.1022491455078,184905200
2024-12-12,136.8755708420711,138.23354324797214,135.59748095840345,137.1351776123047,159211400
2024-12-13,138.73281333743972,139.3918327936691,132.34234795745746,134.0498046875,231514900
2024-12-16,133.9798879813558,134.19956111084232,130.22550081237128,131.8031463623047,237951100
2024-12-17,128.89747709842524,131.39374870651014,126.67080709010266,130.19554138183594,259410300
2024-12-18,133.66035727519176,136.49611794642954,128.08867764771298,128.71774291992188,277444500
2024-12-19,131.56349862817564,133.8301176053825,129.3568029702355,130.485107421875,209719200
2024-12-20,129.61640819653473,135.07825184796977,128.02878306565836,134.49911499023438,306528600
2024-12-23,136.0767567466981,139.58151660116854,134.91848306333998,139.46170043945312,176053500
2024-12-24,139.7912064019445,141.68836668012935,138.44321367436993,140.01087951660156,105157000
2024-12-26,139.49166074428362,140.63995487774488,137.52459740894255,139.7213134765625,116205600
2024-12-27,138.34337590905767,138.81267619141968,134.50910636621433,136.8056640625,170582600
2024-12-30,134.628921256616,140.06081067569033,133.82013169900247,137.2849578857422,167734700
2024-12-31,137.82416524884428,137.8641141320975,133.63043143330796,134.08973693847656,155659200
2025-01-02,135.7971917031726,138.67290181477085,134.4292395740467,138.10374450683594,198247200
2025-01-03,139.8011917981673,144.6838985290199,139.52161059265686,144.25454711914062,229322500
2025-01-06,148.3684248105369,151.93310868099036,147.5995839740372,149.20716857910156,265377400
2025-01-07,152.80179213743568,152.90164910642062,139.80120400217487,139.93101501464844,351782200
2025-01-08,142.36737985085435,143.73533196712347,137.3548616440079,139.90106201171875,227349900
2025-01-10,137.24501786219508,139.71133557177419,134.0198390250661,135.7073211669922,207602500
2025-01-13,129.79615256902926,133.29093305056014,129.31685741876072,133.03131103515625,204808900
2025-01-14,135.84711813885167,136.1766278538369,129.85606565410438,131.56350708007812,195590500
2025-01-15,133.45068552943664,136.2465130176968,131.09420431967888,136.03683471679688,185217300
2025-01-16,138.43325045720013,138.5430870275282,133.2909365646461,133.37081909179688,209235600
2025-01-17,136.4861555399997,138.29345383465838,135.25799411499426,137.504638671875,201188800
2025-01-21,138.95247218370304,141.6184885428412,136.88555189361048,140.61997985839844,197749000
2025-01-22,144.4442829463215,147.56960504936464,143.45575377479585,146.85069274902344,237651400
2025-01-23,144.83369562852502,147.0104373660888,143.50567717742842,147.00045776367188,155915500
2025-01-24,148.14874363197046,148.74785499769604,141.66843136501245,142.40731811523438,234657600
2025-01-27,124.61389107098998,128.20851331467108,116.52596435964819,118.24340057373047,818830900
2025-01-28,121.62835222502514,128.80763280108368,116.07664583818587,128.7976531982422,579666400
2025-01-29,126.31136108771855,126.70077890376498,119.87098248262683,123.51553344726562,467120600
2025-01-30,122.91641979157204,124.81358785050304,117.92387627755191,124.464111328125,392925500
2025-01-31,123.59541198682592,127.65934229890306,119.01226047612725,119.89094543457031,388161100
2025-02-03,114.57887527254843,118.39317826666118,112.84147223806173,116.48603057861328,371235700
2025-02-04,116.78557844108887,121.01925326141507,116.52596404203554,118.47306060791016,256550000
2025-02-05,121.57842315704723,124.8135892575584,120.57991444298676,124.64384460449219,262230800
2025-02-06,127.22996749994309,128.57796024161053,125.02326434711814,128.4880828857422,251483600
2025-02-07,129.0273069895586,130.17558600299384,124.81359867926386,129.64637756347656,228186300
2025-02-10,129.89599772289156,134.79867927002743,129.76620194780145,133.37081909179688,216989100
2025-02-11,132.38228609427233,134.27944654160947,130.82461495038982,132.60195922851562,178902400
2025-02-12,129.8261026458349,132.04279313100764,128.88750205027108,130.94442749023438,160278600
2025-02-13,131.36380821970238,136.29644386397356,130.9743904181038,135.08824157714844,197430000
2025-02-14,136.2764682668825,139.04234173663804,135.29793396994222,138.6429443359375,195479600
2025-02-18,141.05932980350207,143.226091877041,137.72429913092634,139.19210815429688,219176600
2025-02-19,139.30195061666387,141.14919790373787,137.01537227663152,139.02236938476562,167536000
2025-02-20,139.8211794831435,140.45024487315197,136.5860056380014,139.90106201171875,143903600
2025-02-21,139.83115735009994,141.24905316966826,133.83012530319377,134.22952270507812,228217600
2025-02-24,136.35634186179794,138.383313247837,129.88600993089565,130.08570861816406,251381100
2025-02-25,129.78615711570163,130.00583024952502,124.25442559786755,126.44115447998047,271428700
2025-02-26,129.79614381296275,133.53055638167015,128.29838085048883,131.08421325683594,322553800
2025-02-27,134.7986782828192,134.80865788512716,119.83103458283094,119.9708251953125,443175800
2025-02-28,117.8439993429124,124.90345590188022,116.22642004317107,124.73371124267578,389091100
2025-03-03,123.32581202011416,123.51552349340123,112.11255593535711,113.88990020751953,411381400
2025-03-04,110.4849986041218,119.132080722439,109.94580294596078,115.81703186035156,398163300
2025-03-05,117.40465751759531,118.10361057672029,114.3392360416895,117.12507629394531,284337900
2025-03-06,113.36069823382532,115.17798387118098,110.05563667803439,110.40511322021484,321181900
2025-03-07,111.08409477767312,113.31077256873955,107.39959517379882,112.5219497680664,341755500
2025-03-10,109.73610085349598,111.6831896506324,105.30272006245755,106.8204574584961,366487400
2025-03-11,106.83043665954975,112.0726069900584,104.61374627233778,108.5978012084961,354865700
2025-03-12,113.96030532134075,116.59661034457649,112.72203506897391,115.57803344726562,323857500
2025-03-13,116.86621875800482,117.59520049683546,113.63075517539951,115.41825103759766,299033100
2025-03-14,118.44401014075397,121.70943054003341,117.98465480860956,121.49972534179688,277593500
2025-03-17,122.56823120330081,122.71802281178023,117.86482345684047,119.36272430419922,255501500
2025-03-18,117.83486627342975,118.85343549406599,114.37970924440411,115.26846313476562,299686900
2025-03-19,117.10588726826337,120.28143743378797,115.51811599486,117.35553741455078,273426200
2025-03-20,116.3868956857552,120.03178155242583,116.30700581426807,118.36412048339844,248829700
2025-03-21,116.77634740953133,117.82487338576216,115.25847035053427,117.5352783203125,266498500
2025-03-24,119.71223179694545,122.04896105750126,119.17298658297102,121.24009704589844,228452500
2025-03-25,120.38129181712452,121.12025404464302,118.75356814650013,120.5210952758789,167447200
2025-03-26,118.5638454632065,118.6736845133834,112.55226594608844,113.60079956054688,293463300
2025-03-27,111.19415798749885,114.2898178421556,110.50512886142107,111.2740478515625,236902100
2025-03-28,111.33397028810096,112.71204388720727,108.9173588485005,109.51651763916016,229872500
2025-03-31,104.98287310192077,110.80471613819729,103.50494855407659,108.22832489013672,299212700
2025-04-01,108.36813339033893,110.04578269736857,106.32100673854832,109.99585723876953,222614000
2025-04-02,107.1398479774266,111.82328673498283,106.64054773013802,110.26546478271484,220601200
2025-04-03,103.36515315702636,105.48218161280622,101.45782230020173,101.65754699707031,338769400
2025-04-04,98.77159334909085,99.9898797349743,91.9811059228115,94.17802429199219,532273800
2025-04-07,87.33760304641297,101.60760579690213,86.49878224276449,97.50335693359375,611041300
2025-04-08,103.66472218207363,105.70186824827938,94.3278084260022,96.16523742675781,476243400
2025-04-09,98.75161045127601,114.9389248904037,97.39351305704149,114.17000579833984,612918300
2025-04-10,109.21694044618194,110.70485307181585,99.01124202201945,107.4194564819336,437812400
2025-04-11,108.34816524857224,111.39390013023589,107.32959598741144,110.77476501464844,313417300
2025-04-14,113.95031245540225,114.13006086401796,108.91736463288024,110.55506896972656,264705000
2025-04-15,110.81470199440513,113.46099492172469,110.3453585264742,112.04297637939453,228966900
2025-04-16,104.40369410395131,106.64055727885454,100.30942561460589,104.3437728881836,397016900
2025-04-17,104.30382580885471,104.32380208660638,99.90998942448081,101.34796905517578,292517500
2025-04-21,98.63177356997639,99.3008417327631,94.90699776234818,96.77438354492188,288501100
2025-04-22,98.6417555090913,99.67031279819463,97.14385476914264,98.75160217285156,241004800
2025-04-23,104.37371808015347,104.65333261230082,101.87721689778672,102.56625366210938,247526000
2025-04-24,103.33518320501399,106.39089830035945,102.96569827687256,106.28105163574219,220815000
2025-04-25,106.70046299579266,111.76336727797938,105.58203530029881,110.85464477539062,251064700
2025-04-28,109.53649833991803,110.21554702841466,105.8716284785824,108.57784271240234,207708500
2025-04-29,107.51932238432487,110.04578062718967,107.2896485179105,108.867431640625,170444300
2025-04-30,104.32379376082015,108.76756286621094,103.93434018163836,108.76756286621094,235044600
2025-05-01,112.92175572108304,114.77915341441685,111.14424790285813,111.45381164550781,236121500
2025-05-02,114.02021557227994,115.23850951002053,113.21135153306962,114.33976745605469,190194800
2025-05-05,112.75199823422925,114.50952981770942,112.50234808238875,113.66072082519531,133163200
2025-05-06,111.32399638135878,114.57942879752297,110.66491633937942,113.38111114501953,158525600
2025-05-07,112.89179643623137,117.51531428959993,112.12286973799952,116.89617919921875,206758800
2025-05-08,118.08451525459601,118.51391379663416,115.68787240644632,117.20574951171875,198428100
2025-05-09,117.18577270674557,118.06454606438504,115.04876814493281,116.48675537109375,132972200
2025-05-12,121.79930827024249,122.82786560058594,120.11167093091153,122.82786560058594,225023300
2025-05-13,124.8051066300396,131.03637225526788,124.29581818961599,129.7481689453125,330430100
2025-05-14,133.01359953083553,135.2504704050171,131.4957223220182,135.15060424804688,281180800
2025-05-15,134.10204362723803,136.10924022234616,132.47433530494334,134.64129638671875,226632600
2025-05-16,136.02937003025397,136.15919297953724,133.27323795943153,135.21051025390625,226542500
2025-05-19,132.20473687113784,135.6798627990254,132.20473687113784,135.3802947998047,193154600
2025-05-20,134.10205468200522,134.39165736048994,132.4343936724944,134.1919403076172,161514200
2025-05-21,132.87380141479636,137.20772462329396,130.4072565649854,131.61557006835938,270608700
2025-05-22,132.0449376190489,134.0621148614722,131.3658966044825,132.64410400390625,187344000
2025-05-23,129.8180590665907,132.49430097030302,128.97923834191374,131.1062469482422,198821300
2025-05-27,133.96224703921547,135.47014350181522,133.1234263008756,135.31036376953125,192953600
2025-05-28,135.83961638539918,137.0579101389624,134.60134635659116,134.62132263183594,304021100
2025-05-29,142.0509238917618,143.28919402135628,137.71700129433316,138.99520874023438,369241900
2025-05-30,138.5258751739265,139.42460961066672,132.73398869983464,134.94090270996094,333170900
2025-06-02,135.30038976970178,137.9266987725352,135.21050414256473,137.187744140625,197663100
2025-06-03,138.5857816307834,141.801276586457,137.75694135463795,141.02236938476562,225578800
2025-06-04,141.99101618842522,142.19073325311263,139.34471555965237,141.7213897705078,167120800
2025-06-05,141.97103980754113,143.79848066110154,138.63571759363617,139.79409790039062,231397900
2025-06-06,142.31057053380505,143.0695167658335,141.3119699021351,141.5216827392578,153986200
2025-06-09,142.98961854621228,144.7970831461155,141.74136782943543,142.43040466308594,185114500
2025-06-10,142.49031793007975,144.088069701399,141.33193761060437,143.758544921875,155881900
2025-06-11,144.4176611881815,144.79716064315863,141.6813000562032,142.64002990722656,167694000
2025-06-12,141.78117540604916,144.80714416503906,141.66133988719625,144.80714416503906,162365000
2025-06-13,142.29048989356696,143.3890329315276,140.6626682408541,141.7811737060547,180820600
2025-06-16,143.159329390418,145.98555166191812,143.00951976951112,144.49754333496094,183133700
2025-06-17,144.29781716982143,145.02684191909495,143.58875484653294,143.9282989501953,139108000
2025-06-18,143.81845298832403,145.45627108510786,142.9296373487004,145.2864990234375,161494100
2025-06-20,145.2565234707711,146.00552584195606,142.46024490398213,143.65866088867188,242956200
2025-06-23,142.31046402404658,144.58743022935184,141.84108794116847,143.97824096679688,154308900
2025-06-24,145.36637857516104,147.76319531946535,145.3064608232896,147.70326232910156,187566100
2025-06-25,149.0714471780808,154.24454949233478,149.06145072732096,154.104736328125,269146500
2025-06-26,155.77252682686714,156.51154803915952,153.79516469048193,154.81381225585938,198145700
2025-06-27,155.83244416127852,158.4989061985097,155.05348286000648,157.54017639160156,263234500
2025-06-30,158.18928922556665,158.4489531245615,155.7525477292889,157.77984619140625,194580300
2025-07-01,156.0820975676339,156.99089075003695,151.288494680634,153.09608459472656,213143600
2025-07-02,152.77652287552658,157.3903883520798,152.76654166200262,157.0408477783203,171224100
2025-07-03,158.15932560910457,160.76585430203724,157.56013289394807,159.12803649902344,143716100
2025-07-07,157.98955517353815,159.09807923203843,157.13069855849747,158.02951049804688,140139000
2025-07-08,159.11806346268276,160.00687898854957,158.17931139836438,159.78717041015625,138133000
2025-07-09,161.0055497766517,164.2012901564699,160.9456320255445,162.66334533691406,183656400
2025-07-10,164.10143771292147,164.28119097215313,161.3950357038234,163.88172912597656,167704100
2025-07-11,163.50223698698784,167.66668863474402,163.25256951238498,164.7006378173828,193633300
2025-07-14,165.15003478890583,165.2698855378492,161.80449980139463,163.85177612304688,136975800
2025-07-15,170.96229989605533,172.17068192225182,168.97494134085255,170.4729461669922,230627400
2025-07-16,170.83248932029585,171.52157406474134,168.6753584433782,171.14207458496094,158831500
2025-07-17,171.7911900263939,173.92834287299638,170.60277047944578,172.76988220214844,160841100
2025-07-18,173.40903901870553,174.01822826089457,171.03219980516573,172.18067932128906,146456400
2025-07-21,172.52022673163836,173.1493936504508,170.77255439137573,171.1520538330078,123126100
2025-07-22,171.1120956061046,171.1620321483939,164.3610926233022,166.80783081054688,193114300
2025-07-23,169.30451898143798,171.03221376466186,167.7465962646817,170.5528564453125,154082200
2025-07-24,172.21063723590794,173.59878776513457,171.07215417768242,173.5089111328125,128984600
2025-07-25,173.37908037175941,174.4876045602178,172.72995103806022,173.26922607421875,122316800
2025-07-28,173.78854323017163,176.7645753161742,173.73860668662087,176.51490783691406,140023500
2025-07-29,177.72328828972238,179.14139760883538,174.7871965738649,175.2765350341797,154077500
2025-07-30,176.27521653092245,179.65072563032518,175.80584046425426,179.03155517578125,174312200
2025-07-31,182.6567315862202,183.0562087176856,175.69600066981488,177.6334228515625,221685400
2025-08-01,173.85844036702034,176.3051785902702,170.66269971388826,173.4889373779297,204529000
2025-08-04,174.9270158880054,179.96030526461158,174.28786778877773,179.7605743408203,148174600
2025-08-05,179.38106446129657,180.0202125232638,175.66601158908324,178.0228729248047,156407600
2025-08-06,176.09546439011424,179.66070799076476,176.01556896990587,179.1813507080078,137192300
2025-08-07,181.32851054269395,183.6354356942093,178.5621905082108,180.52957153320312,151878400
2025-08-08,181.30852119793246,183.05619350177665,180.16004168373897,182.4569854736328,123396700
2025-08-11,181.80785936297346,183.59547178906817,180.01025048518693,181.81784057617188,138323200
2025-08-12,182.7166509044063,184.234618174838,179.22130626788388,182.9163818359375,145485700
2025-08-13,182.37709375214726,183.72530422356274,179.11145412417423,181.3484649658203,179871700
2025-08-14,179.51090820642335,182.7765629312542,179.22130065055427,181.77789306640625,129554000
2025-08-15,181.6380820439347,181.658044469753,177.8031781362909,180.20997619628906,156602200
2025-08-18,180.359785616326,182.69666946783065,180.3497891649352,181.7678985595703,132008000
2025-08-19,182.1873495042791,182.25726371442747,175.25659293377495,175.40638732910156,185229200
2025-08-20,174.93701244991922,175.76591033294957,168.57548977611862,175.1667022705078,215142700
2025-08-21,174.61742144674352,176.66468235557974,173.57879631630271,174.7472381591797,140040900
2025-08-22,172.38040151215634,178.35244288234992,170.97227338198675,177.7532501220703,172789400
2025-08-25,178.11278178635797,181.6680441727565,176.33515059315872,179.57083129882812,163012800
2025-08-26,179.82049655621498,182.14739921043056,178.57215920342722,181.52822875976562,168688200
2025-08-27,181.7379436715125,182.24727507184866,178.86178472902657,181.35845947265625,235518900
2025-08-28,180.5794881684096,184.22462699678687,176.17535050737845,179.9303436279297,281787800
2025-08-29,177.87308356836775,177.91302365652732,172.91967451951007,173.94830322265625,243257900
2025-09-02,169.77389508693435,172.15073449446965,166.997593786357,170.5528564453125,231164900
2025-09-03,170.83246833565184,172.18067877773825,168.6553752976972,170.39305114746094,164424900
2025-09-04,170.34313981864827,171.6314173426514,169.18467902530818,171.4316864013672,141670100
2025-09-05,167.8065026792569,168.80517258283567,163.8517783946414,166.7978515625,224441400
2025-09-08,167.32715219255022,170.73262035939155,167.12742125141602,168.0861358642578,163769100
2025-09-09,168.86509051949957,170.75257602974241,166.51822538667548,170.53286743164062,157548400
2025-09-10,176.40506201448144,179.05153132643002,175.23661998400823,177.09414672851562,226852000
2025-09-11,179.45110250300584,180.05034427267074,176.2551819566126,176.94430541992188,151159300
2025-09-12,177.5435664999128,178.37251110105626,176.22524055900428,177.593505859375,124911000
2025-09-15,175.44622258887705,178.62217970015598,174.28769658655634,177.52357482910156,147061600
2025-09-16,176.77453647764895,177.27389957504343,174.15787872389456,174.65724182128906,140737800
2025-09-17,172.42008695754546,172.97937117956877,168.1954794867923,170.0730743408203,211843800
2025-09-18,173.7583871307785,176.87442336525442,172.73969733735942,176.01551818847656,191763300
2025-09-19,175.54609885389235,177.8531538116004,174.95683884616588,176.4449462890625,237182100
2025-09-22,175.07671637070237,184.31493427279133,174.48747153493287,183.37612915039062,269637000
2025-09-23,181.73821238324945,182.18763613663097,175.9855548133895,178.2027130126953,192559600
2025-09-24,179.54100413716742,179.5509859124944,175.17656050171237,176.74456787109375,143564100
2025-09-25,174.25773588995062,180.0303718676576,172.90946471941734,177.46365356445312,191586700
2025-09-26,177.94304916264082,179.54101721374016,174.70717071687335,177.96302795410156,148573700
2025-09-29,180.2001578366391,183.76561762390497,180.09031258631592,181.6183624267578,193063500
2025-09-30,181.848063160254,187.11135435179565,181.2488213615314,186.3423309326172,236981000
2025-10-01,185.00405809785752,187.9003581593927,183.665753326035,187.0015106201172,173844900
2025-10-02,189.35850113919957,190.80665113886596,187.82045419605362,188.64939880371094,136805800
2025-10-03,188.94900408551683,190.11751186051177,185.1438598655547,187.38099670410156,137596900
2025-10-06,185.26372281570642,186.99151499327596,183.09648864167906,185.3036651611328,157678100
2025-10-07,185.99277739696944,188.8191743935438,183.76562222076905,184.80429077148438,140088000
2025-10-08,186.33235229407293,189.35849142592937,186.30237648821537,188.86911010742188,130168900
2025-10-09,191.9851285494953,195.05122522476873,190.816620752273,192.32470703125,182997200
2025-10-10,193.26350393527704,195.37081685366852,181.81811007166195,182.92669677734375,268774400
2025-10-13,187.73057886865314,189.86785248459339,185.72314454487463,188.08013916015625,153482800
2025-10-14,184.5346420566055,184.56460262310264,179.47109296765566,179.80067443847656,205641400
2025-10-15,184.56460739230218,184.63451030281777,177.06416377208902,179.60093688964844,214450500
2025-10-16,181.99786281424815,183.04652832403656,179.5410050089342,181.57839965820312,179723300
2025-10-17,179.9504818191574,183.86550198639478,179.52103686227596,182.9866180419922,173135200
2025-10-20,182.89672994644732,184.96408521149223,181.4985041529273,182.4073486328125,128544700
2025-10-21,182.55715836486127,182.55715836486127,179.5709767314294,180.9292449951172,124240200
2025-10-22,180.9092591258601,183.20633238125785,176.53483359319367,180.05035400390625,162249600
2025-10-23,180.19017423035882,182.7968501503985,179.5609718650331,181.92796325683594,111363700
2025-10-24,183.6058200325102,187.23120099697576,183.26625678365264,186.02273559570312,131296700
2025-10-27,189.74800438556454,191.75543864774096,188.18997864549505,191.24609375,153452700
2025-10-28,192.8040950113927,202.8912204382634,191.66554775855593,200.77392578125,297986200
2025-10-29,207.715080745974,211.9197249544373,204.51915980095313,206.77627563476562,308829600
2025-10-30,204.88867704045037,205.89740027142088,201.1534507471854,202.63156127929688,178864400
2025-10-31,206.18701808603035,207.70508615602077,201.81260775338424,202.23207092285156,179802200
2025-11-03,207.8149540137207,211.07079600988305,205.2981596683369,206.61648559570312,180267300
2025-11-04,202.7414122562426,203.71017785907821,197.67786326579136,198.43690490722656,188919300
2025-11-05,198.51681234435117,202.66152000582164,194.40205001057666,194.9613494873047,171350300
2025-11-06,196.16981228388872,197.3682807609907,186.14260723026618,187.84043884277344,223029800
2025-11-07,184.66444902638756,188.08010568481336,178.682089465448,187.91030883789062,264942300
2025-11-10,194.8614791513322,199.68532876518447,193.5431531870904,198.7964630126953,198897100
2025-11-11,194.91140808059743,195.17107140540628,191.05632435423007,192.91395568847656,176483300
2025-11-12,195.47068348463264,195.64046510157328,190.8865341091802,193.55313110351562,154935300
2025-11-13,190.8066439854392,191.1961465947379,183.61581837719615,186.62197875976562,207423100
2025-11-14,182.62706393415107,190.76667594021126,180.34996953708986,189.92774963378906,186591900
2025-11-17,185.73311754704963,188.75925679396335,184.08522536919267,186.36231994628906,173628900
2025-11-18,183.14641371605563,184.5646030780414,179.42115405263684,181.1289825439453,213598900
2025-11-19,184.5546024199349,187.62069907956393,182.5971076589588,186.28240966796875,247246400
2025-11-20,195.70039225393623,195.7503316108911,179.62090987236718,180.40989685058594,343504800
2025-11-21,181.00913979899244,184.32490281868388,172.70971237567008,178.6521453857422,346926200
2025-11-24,179.2613745727385,183.26626122561635,176.25519889972114,182.31747436523438,256618300
2025-11-25,174.68720886729724,177.9330691207534,169.3340356551,177.593505859375,320600300
2025-11-26,181.39863013804072,182.67699835309762,178.01294919921247,180.03036499023438,183852000
2025-11-28,178.7819702942556,179.0616124091028,176.27517303639212,176.7745361328125,121332800
2025-12-01,174.5373804488289,180.07033197943204,173.45875435362808,179.69081115722656,188131000
2025-12-02,181.52847225165078,185.4235136530611,179.7707195907086,181.22886657714844,182632200
2025-12-03,180.84935949817796,182.21760964702736,178.88186747602086,179.3612518310547,165138000
2025-12-04,181.39873533031871,184.29521152983364,179.7407692190929,183.15660095214844,167364900
2025-12-05,183.66598269849337,184.43504894381925,180.6896172324408,182.1877899169922,143971100
2025-12-08,182.41751577930148,187.7709870845105,182.17780264974235,185.323974609375,204378100
2025-12-09,185.33395229946427,185.4937610485011,183.09669077375298,184.7446746826172,144719700
2025-12-10,184.74467463147755,185.2540478736652,181.8182359713298,183.55612182617188,162785400
2025-12-11,180.060377409269,181.09911899111663,176.40483245042134,180.70957946777344,182136600
2025-12-12,180.88937065842447,182.59729422559735,174.40727135263347,174.80679321289062,204274900
2025-12-15,177.72322484137152,178.20263580820242,174.81676632707214,176.07522583007812,164775600
2025-12-16,176.04526619844617,178.27256047932946,174.686922405521,177.5034942626953,148588100
2025-12-17,175.88546784627562,175.91543007880585,170.10251312474713,170.73175048828125,222775500
2025-12-18,174.3173807251694,175.93540231223645,171.6106906687844,173.9278564453125,176096000
2025-12-19,176.4547863729682,181.22896236326454,176.12518653595592,180.76953125,324925900
2025-12-22,183.6959478478248,183.935660967629,182.1278683380167,183.4662322998047,129064400
2025-12-23,182.74711840334103,189.09937165158402,182.67719635774475,188.97952270507812,174873600
2025-12-24,187.71105179508496,188.67987134928,186.36269028434322,188.38023376464844,65528500
2025-12-26,189.68863982420257,192.45526970950266,187.7709805748158,190.2978973388672,139740300
2025-12-29,187.4813341773615,188.53004285167208,185.68352392965699,187.99070739746094,120006100
2025-12-30,188.01069817319677,188.75978454971104,186.70228116711607,187.31153869628906,97687300
2025-12-31,189.33906392286715,190.32784810299728,186.26281429981768,186.27279663085938,120100500
2026-01-02,189.60873357074172,192.69496568024334,188.03065649528438,188.6199493408203,148240500
2026-01-05,191.52640398377517,193.39413642527967,185.9232371396652,187.89083862304688,183529700
2026-01-06,190.2879203285983,191.935904267691,186.5924305704924,187.0119171142578,176862600
2026-01-07,188.34028795646717,191.13686475404677,186.3327268208183,188.87962341308594,153543200
2026-01-08,188.87962438445808,189.31909080925226,183.4862088297309,184.8145751953125,172457000
2026-01-09,184.8545293482555,186.1129888751533,183.44624341374129,184.63479614257812,131327500
2026-01-12,182.99680052530172,186.89204340473577,182.79704721562317,184.71470642089844,137968500
2026-01-13,184.7746378408776,187.88084992986475,183.17658082293008,185.58364868164062,160128900
2026-01-14,184.0954710990846,184.2352999433054,180.57975484984624,182.91690063476562,159586100
2026-01-15,186.2727952885624,189.46889382188115,186.10300422087673,186.82212829589844,206188600
2026-01-16,188.84966224271636,190.20800608356458,185.85331687968656,186.0031280517578,187967200
2026-01-20,181.67840938923754,182.15783564218773,177.39364202987932,177.85308837890625,223345300
2026-01-21,178.8318922054109,185.15418310637224,178.18267486272933,183.09669494628906,200381000
2026-01-22,184.52493568425237,185.94320399708803,183.70592730123704,184.6148223876953,139636600
2026-01-23,187.27158465782284,189.3690325020707,186.59242035942677,187.44137573242188,142748100
2026-01-26,186.93200550896393,188.88960930416175,185.76343263076708,186.2428436279297,124799600
2026-01-27,187.01190478720812,189.76853699604698,185.47377232125424,188.29034423828125,143711600
2026-01-28,191.0369866951896,192.1156727976695,189.60872088942648,191.28668212890625,148552700
2026-01-29,191.10690928022157,193.244301759811,185.83334250366076,192.27548217773438,171764400
2026-01-30,190.97707539362895,194.25307849059112,189.23918956869622,190.8971710205078,179489500
2026-02-02,186.97193993484487,190.06816944570554,184.65477420739685,185.38388061523438,165794100
2026-02-03,186.01312186532803,186.04308409913696,176.01530661894333,180.12030029296875,204019600
2026-02-04,179.241398362594,179.36124730830178,171.70059231104517,173.97781372070312,207014100
2026-02-05,174.7168961324724,176.60460839935587,170.8216531377948,171.67062377929688,206312900
2026-02-06,176.4747642750831,186.77220252110314,174.38731390455436,185.18414306640625,231346200
2026-02-09,184.03552934237337,193.42408742490235,183.7259094221984,189.80848693847656,196387400
2026-02-10,191.1468699498802,192.24552080983682,187.89083145679504,188.31031799316406,136764800
2026-02-11,192.21556708670826,193.02457795983298,188.54005713468442,189.81849670410156,144192700
2026-02-12,192.79485804306626,193.3741533411549,186.28279615580217,186.7122802734375,189932500
2026-02-13,187.25160463564347,187.27158453858374,181.36878053627944,182.58729553222656,161888000
2026-02-17,181.5285959992061,186.92201173748992,178.9617194034806,184.7446746826172,162276900
2026-02-18,188.52005804720127,190.13807962880853,186.53247684939709,187.75099182128906,164749100
2026-02-19,186.8321237354349,188.20044994409497,185.43383529156333,187.6710968017578,126554500
2026-02-20,186.342734664171,190.09814888521723,185.71349722992974,189.58877563476562,178422300
2026-02-23,191.1668239815537,193.71372053376285,189.34904909171755,191.316650390625,171584800
2026-02-24,191.2567378902843,193.53395924081437,187.171708627792,192.61508178710938,175123600
2026-02-25,194.2131137016724,197.38924768090467,193.5539140704845,195.32176208496094,250637100
2026-02-26,194.03334246429932,194.0533071271398,184.09546670933034,184.66476440429688,360807900
2026-02-27,181.0292033274304,182.36756729714082,176.1651407824763,176.97415161132812,311636500
2026-03-02,174.79680413295333,183.2365228635074,174.42725972943845,182.25770568847656,209095300
2026-03-03,178.27256086028186,180.67961330625172,176.70446619030554,179.83065795898438,178099400
2026-03-04,180.22019302825058,184.47499807110998,179.84065106191534,182.8170166015625,177731200
2026-03-05,180.94928366467312,183.83576224630102,177.6632984882966,183.11663818359375,198779700
2026-03-06,179.62092189230134,182.53736302725528,176.6046117177772,177.6033935546875,189021900
2026-03-09,176.61458806542097,182.68718325690133,175.34613090826778,182.427490234375,177213600
2026-03-10,182.17778352587916,186.21287029543888,181.78825925636124,184.54490661621094,179118500
2026-03-11,185.6935753620157,187.40157611978597,184.23526832414757,185.8134307861328,145280400
2026-03-12,183.83574790315467,184.72471123223085,181.53842231669145,182.9268035888672,155762700
2026-03-13,184.70472270189353,185.87335881208497,179.73052445930352,180.0401611328125,160988400
2026-03-16,182.7570048934839,188.66012868968363,181.19882333613754,183.0067138671875,217307400
2026-03-17,184.8445618023411,185.1841623368753,181.4684917186082,181.71820068359375,182497800
2026-03-18,182.26756764801692,183.16652908726184,180.12007659614625,180.1899871826172,156683100
2026-03-19,177.80276430906588,179.77047215436778,175.5853475010711,178.3521270751953,170968500
2026-03-20,177.79278016290237,178.05247199547227,171.52009228430225,172.4989471435547,241323500
2026-03-23,177.0536408486584,178.16234927411983,174.55655117338722,175.43553161621094,182836300
2026-03-24,174.6264683383626,176.01484951930743,173.777451794472,174.99603271484375,147667800
2026-03-25,176.89383761026875,181.00903649280792,176.64412864426953,178.47198486328125,162602100
2026-03-26,175.86504388946904,176.30451888215924,170.9407749866337,171.04066467285156,186152200
2026-03-27,169.80209026823204,170.77096223786808,166.81556566439232,167.32498168945312,196212700
2026-03-30,168.58352034150624,169.25273855906806,164.07877596313077,164.97772216796875,185627000
2026-03-31,166.77563225072552,174.41672082635512,166.7656493784466,174.1969757080078,226181300
2026-04-01,175.79511913229018,177.16351944386196,174.54657425208924,175.54541015625,168132000
2026-04-02,171.97954556798163,177.28337661769746,171.170490985778,177.18348693847656,143143200
2026-04-06,176.953760088437,177.58301630024127,175.55538077559635,177.43319702148438,107564300
2026-04-07,175.52541836668527,178.0225079733855,173.4578360976707,177.89266967773438,132534900
2026-04-08,184.28522303450282,185.0443328296099,180.09011531444295,181.8680419921875,147732700
2026-04-09,181.6283100364998,183.86570786090292,180.40972906189933,183.69590759277344,116428500
2026-04-10,184.09543736125556,189.77881591864653,184.08545448929232,188.41041564941406,160459500
2026-04-13,185.81343445538195,189.43921351677633,185.52377876103736,189.08961486816406,133648200
2026-04-14,190.61783708872017,196.28123474121094,190.54792650193752,196.28123474121094,161307000
2026-04-15,196.31119931453722,200.166706463506,195.5121427945441,198.63848876953125,185338400
2026-04-16,197.20015246424893,199.6173486077875,195.58204328148997,198.1190948486328,134012900
2026-04-17,199.66727910555997,201.46518667284232,199.03802288778024,201.44520568847656,160324400
2026-04-20,199.7471876833392,201.9346406188145,197.6096795882359,201.82476806640625,119381400
2026-04-21,201.89470437258373,202.51397775047528,198.76834314349978,199.64732360839844,107945300
2026-04-22,200.75603026628932,202.26426696777344,198.76834136586132,202.26426696777344,107501000
2026-04-23,202.22431724671497,203.59271751351986,196.99041179336916,199.4075927734375,113561800
2026-04-24,199.72721882416832,210.70441481695215,199.57738430538978,208.0275421142578,214134400
2026-04-27,209.4059296471886,216.5775789683675,207.13858324348888,216.3578338623047,187172400
2026-04-28,209.24613572912838,214.4800260296235,207.95762889823203,212.92184448242188,180275400
2026-04-29,212.4523894424142,212.47237042757808,207.33835459433345,209.00640869140625,123711800
2026-04-30,209.68560172993963,210.05518135667162,198.46867945247158,199.33767700195312,225239200
2026-05-01,201.0456862731779,202.76368521944246,196.89052532216473,198.21897888183594,128647000
2026-05-04,199.26774870200734,201.49514834231712,194.51329562325486,198.24893188476562,125368100
2026-05-05,199.06798360144137,200.00689171848026,195.80178617585554,196.271240234375,113406600
2026-05-06,199.65729931010404,208.0275486883452,198.37879062945476,207.5880584716797,188362800
2026-05-07,208.0974592073836,213.95063795079753,206.25960488465944,211.2537841796875,168307900
2026-05-08,212.7820061205359,217.5464575316693,212.642169707093,214.94947814941406,136421400
2026-05-11,213.79081709888328,222.04121091513153,213.64099781886503,219.18453979492188,160685800
2026-05-12,218.29558003818886,223.48952345691538,214.6698009927987,220.52297973632812,159176600
2026-05-13,224.6681467194947,227.57476278227756,221.3120728008497,225.56710815429688,150405400
2026-05-14,229.58243343997336,236.26463268418732,229.03307065698914,235.465576171875,180782900
2026-05-15,229.49252726355346,231.23050718880455,223.97896415639156,225.05770874023438,180977600
2026-05-18,229.60240180074675,229.7322553439391,218.1157890335498,222.0612030029297,146280900
2026-05-19,219.36432694236115,224.21866983705235,217.6563261548179,220.35317993164062,140948200
2026-05-20,222.9201831873553,225.8667612103758,220.2433103590018,223.20985412597656,184201600
2026-05-21,222.03121805596584,227.13526994336974,217.6762930684293,219.25445556640625,203381800
2026-05-22,220.64283833374193,220.75271088945502,214.54994865072538,215.07933044433594,169275700
2026-05-26,216.28791550863897,217.92600574795006,211.75320730356688,214.60987854003906,187202600
2026-05-27,213.87072806866348,213.90069192498567,208.53694826896,212.35250854492188,167601200
2026-05-28,211.03403615445995,215.2691056248748,210.97410844231206,214.00057983398438,143996000
2026-05-29,214.33020874183248,217.6063892667686,210.88422794322287,210.8942108154297,289410600
2026-06-01,215.47885750139108,224.60821672379726,215.44889364463796,224.09881591796875,212850700
2026-06-02,226.91551751623658,232.00958636747916,221.09231801448135,222.56060791015625,193362900
2026-06-03,221.46188713313538,222.56061267075634,214.2602739078757,214.5,160907000
2026-06-04,213.91000366210938,221.60000610351562,210.97000122070312,218.66000366210938,169022200
2026-06-05,214.52999877929688,214.8699951171875,204.3300018310547,205.10000610351562,219655500
2026-06-08,210.17999267578125,210.47000122070312,206.0,208.63999938964844,138372800
2026-06-09,210.6199951171875,211.39999389648438,199.33999633789062,208.19000244140625,180962500
2026-06-10,204.42999267578125,207.22000122070312,199.9199981689453,200.4199981689453,161746600
2026-06-11,201.49000549316406,205.66000366210938,199.5399932861328,204.8699951171875,158643200
2026-06-12,204.86000061035156,207.07000732421875,203.44000244140625,205.19000244140625,112001800
2026-06-15,208.9199981689453,212.7100067138672,208.33999633789062,212.4499969482422,149936700
2026-06-16,211.17999267578125,211.49000549316406,207.2899932861328,207.41000366210938,125694100
2026-06-17,208.52999877929688,209.2100067138672,203.0800018310547,204.64999389648438,128363500
2026-06-18,207.3300018310547,211.38999938964844,206.5,210.69000244140625,241272000
2026-06-22,211.44000244140625,213.99000549316406,207.72000122070312,208.64999389648438,122041400
2026-06-23,202.1699981689453,203.77000427246094,200.0,200.0399932861328,153496200
2026-06-24,200.1199951171875,201.6699981689453,196.5800018310547,199.0,151810700
2026-06-25,200.0800018310547,200.8000030517578,192.1300048828125,195.74000549316406,149550000
2026-06-26,193.1199951171875,195.5500030517578,191.22000122070312,192.52999877929688,179304100
2026-06-29,193.85000610351562,196.17999267578125,189.8000030517578,194.97000122070312,148835700
2026-06-30,197.24000549316406,200.6300048828125,195.11000061035156,200.08999633789062,166476700
2026-07-01,196.1999969482422,199.85000610351562,193.4499969482422,197.5800018310547,146147600
2026-07-02,197.13999938964844,200.05999755859375,192.35000610351562,194.8300018310547,142068700
2026-07-06,194.4199981689453,197.5500030517578,193.99000549316406,195.5500030517578,108999000
2026-07-07,192.3699951171875,198.41000366210938,191.13999938964844,196.92999267578125,124154600
2026-07-08,195.17999267578125,205.16000366210938,195.05999755859375,204.1199951171875,147419100
2026-07-09,204.4600067138672,204.58999633789062,198.9600067138672,202.77999877929688,132037400
2026-07-10,202.0,211.0,201.9199981689453,210.9600067138672,148421000
2026-07-13,208.5399932861328,210.57000732421875,203.0,203.52999877929688,121411000
2026-07-14,208.1999969482422,212.5500030517578,203.8000030517578,211.8000030517578,124379600
2026-07-15,211.9600067138672,213.80999755859375,206.0399932861328,212.5,124797200
2026-07-16,210.1699981689453,211.0800018310547,205.85000610351562,207.39999389648438,122986100
2026-07-17,202.63999938964844,206.64999389648438,197.97000122070312,202.80999755859375,144281900
2026-07-20,205.8699951171875,207.74000549316406,202.27999877929688,203.27999877929688,88701500
2026-07-21,207.5399932861328,208.64999389648438,204.00999450683594,207.2899932861328,108685600
2026-07-22,205.80999755859375,214.38999938964844,204.9499969482422,212.05999755859375,137645600
2026-07-23,209.4600067138672,210.8699951171875,205.9600067138672,208.75999450683594,110505300
2026-07-24,207.55999755859375,211.90989685058594,204.80999755859375,206.83999633789062,110844026
