date,open,high,low,close,volume
2021-07-23,714.3750773773264,722.9634093421909,709.8851429295086,714.70947265625,1069800
2021-07-26,724.3198855653557,725.0841259469538,714.9386847386445,720.3935546875,691800
2021-07-27,717.604009924008,718.5402583485928,700.3032678767839,712.2828979492188,881200
2021-07-28,716.4863080147662,727.0329654779338,712.0918819820643,725.9057006835938,716500
2021-07-29,727.5966219160728,733.5769035875271,725.9056955825428,731.4943237304688,634000
2021-07-30,726.7749473528991,734.3505876403552,722.9727543376615,732.4781494140625,488200
2021-08-02,736.3663795308616,741.1716421429263,734.0736001245663,735.2582397460938,499900
2021-08-03,736.0988211354681,745.5755286591364,733.2137514662331,744.6966552734375,533700
2021-08-04,756.6190448881279,762.8859089757678,752.597147734515,759.9339599609375,629700
2021-08-05,769.5158943931574,769.6400900238264,755.0046553361356,759.2366943359375,723700
2021-08-06,749.4446922683713,752.0144922070596,745.0502661530815,748.2792358398438,556900
2021-08-09,754.9090303962963,756.8483479344451,750.4954795324168,753.4378662109375,477100
2021-08-10,760.0391616238943,761.4243218645563,748.804646784283,754.0206298828125,589500
2021-08-11,755.7877987258771,757.8895030415931,746.5021081338197,753.9535522460938,421300
2021-08-12,753.4569659629848,753.4569659629848,743.7414285612049,746.1679077148438,764600
2021-08-13,744.3241222316294,754.30717536338,741.8402683165677,753.705322265625,454700
2021-08-16,752.6260103911225,755.6256558850915,744.8974845618076,752.1674194335938,426000
2021-08-17,746.8270858438152,748.3842540045491,735.974721116334,741.8594360351562,483600
2021-08-18,741.5345421440568,750.2852597342079,737.5318284809703,737.9330444335938,452500
2021-08-19,727.8259151940788,748.9766056362595,727.19543287951,746.5883178710938,514000
2021-08-20,749.9986909670121,755.5395061166269,743.2446071502482,752.9601440429688,507700
2021-08-23,759.504139441993,776.1934650976395,759.0646735355596,775.352783203125,724300
2021-08-24,770.0793620886594,771.6174634805076,765.7613781403172,769.6112670898438,453800
2021-08-25,772.295675218982,777.0244957585359,769.0285145021865,771.770263671875,471100
2021-08-26,772.152450353334,779.3746292025739,768.2260615081665,774.703125,450000
2021-08-27,777.8652135875112,797.4682954118841,777.40668106084,795.700927734375,658900
2021-08-30,802.4072128740431,805.3400366630864,799.369318438111,802.0728759765625,491000
2021-08-31,806.0756215649817,806.4385875780722,790.2460469253258,795.8154907226562,579300
2021-09-01,801.2416885397287,812.7054673912282,799.3024296040699,804.5375366210938,581900
2021-09-02,814.0811750465353,823.5292540457375,810.9382098020002,822.793701171875,746800
2021-09-03,810.6040025654911,824.4178218544613,810.6040025654911,819.7654418945312,698000
2021-09-07,826.6246325996083,830.0542396744412,819.4311397753643,823.261962890625,780900
2021-09-08,819.2877324494717,821.4754412480899,811.941357325157,819.6507568359375,714900
2021-09-09,817.2529554634535,824.2076774845015,814.0239857119395,815.3614501953125,641900
2021-09-10,832.0219912624544,836.2444669461358,819.0870480420477,820.4913330078125,1137400
2021-09-13,830.3789606657834,833.2354017845055,822.5644901688913,832.3087158203125,636000
2021-09-14,844.3265686840791,855.89542014022,840.3715503167084,848.3866577148438,978300
2021-09-15,847.3549300799783,850.2400003365957,840.1423127462413,849.5903930664062,799700
2021-09-16,837.9451062275969,850.0203031635713,836.3210588855314,847.66064453125,811400
2021-09-17,835.9961045201422,836.1967416540729,814.3200055808556,821.4275512695312,1670500
2021-09-20,801.3947587163328,807.7093777144026,792.6249728439742,803.171630859375,1122600
2021-09-21,821.5709671080104,823.8350591783233,806.7540209184765,816.5364379882812,905700
2021-09-22,813.7659694180321,832.7003191714809,811.5018775976441,826.0990600585938,669400
2021-09-23,838.1838242197612,849.0075009605604,838.0596286077486,840.467041015625,744500
2021-09-24,828.602045212378,834.333935494657,826.4621488362424,829.996826171875,510400
2021-09-27,805.5981445879783,809.9925707197949,795.825231476925,797.9842529296875,1063900
2021-09-28,759.3226188434376,763.6215364486739,738.5253921258312,745.30810546875,2390100
2021-09-29,749.9222595159725,751.0972782832152,715.6455533590772,716.887451171875,2216000
2021-09-30,720.5464751174692,728.2558756234525,709.1208845643039,711.8148803710938,1078800
2021-10-01,711.7098112814783,711.7098112814783,695.8229151247581,708.662353515625,1180400
2021-10-04,696.3291237133413,697.5327716294136,677.3470194127386,681.082275390625,1663500
2021-10-05,692.6416316580443,709.4456497416115,690.3297854671133,700.1217651367188,1201500
2021-10-06,692.9664717014739,701.8700154278262,686.8811191808649,699.768310546875,973000
2021-10-07,712.1013374385258,719.9922487668832,709.063442697306,713.4483642578125,1267500
2021-10-08,715.8748710851561,716.2378954683802,696.7399409748026,697.637939453125,1039700
2021-10-11,690.4825685193165,702.949416972781,689.1259793067956,689.63232421875,702500
2021-10-12,701.201203883858,701.201203883858,690.1195733036363,692.651123046875,868400
2021-10-13,709.9424900701467,715.9705264449241,706.9332239693153,711.1557006835938,1170000
2021-10-14,735.2105763999031,743.8466633810104,731.4657570310361,743.5122680664062,1370500
2021-10-15,746.0628105927184,754.3549376535378,741.171602541247,754.1256713867188,877400
2021-10-18,739.4996850279507,753.1033589260612,738.4488037265567,752.9982299804688,1014600
2021-10-19,752.9601746500118,765.799610666679,751.1641777735881,765.1691284179688,956600
2021-10-20,747.28564577148,750.0560827781159,724.3580842527422,733.3953857421875,1894900
2021-10-21,730.3670445972658,752.367919921875,729.7365040106588,752.367919921875,1083100
2021-10-22,762.522904444863,772.6587828969172,760.6887159174963,765.1786499023438,1294600
2021-10-25,763.9560365427792,767.2996398387272,751.8426464561111,753.208740234375,786000
2021-10-26,760.8129221116593,762.3318403747514,749.1485044681531,755.8739013671875,741400
2021-10-27,762.3987687259597,782.3553152204063,761.5772117312983,765.2073974609375,949800
2021-10-28,777.7409749376598,785.1924196227054,774.4928808993551,776.8525390625,687500
2021-10-29,771.158965087536,778.0659326910616,768.7898023730788,776.5565185546875,583800
2021-11-01,770.8533551751323,771.8946743888415,760.8894247291543,771.3692626953125,573600
2021-11-02,778.0296340122408,783.1729461281583,777.0430852264866,777.7423095703125,503800
2021-11-03,783.8530012683971,796.4766284768681,776.2672851986114,794.9824829101562,566900
2021-11-04,796.5339952570124,817.1360029945472,794.5800723621161,814.5882568359375,1058200
2021-11-05,816.2547514616317,818.5630507416838,806.1118204257019,811.2455444335938,735300
2021-11-08,819.3964704647249,820.7756862593736,812.2034798218747,814.052001953125,728100
2021-11-09,816.0441537802127,819.3485307942723,806.4566960568367,814.1668701171875,676500
2021-11-10,794.5898196603961,800.1737353675736,780.7019053530564,783.3262329101562,737700
2021-11-11,798.0953363292198,803.6217285653596,794.1971355201806,798.2102661132812,416000
2021-11-12,804.5412283114598,818.9080359598787,799.8480477628336,815.6802978515625,531200
2021-11-15,818.9079321768247,825.2293033575237,816.9827708425286,820.5552978515625,638000
2021-11-16,815.5749669533227,826.1967941563917,811.4756097188566,824.2237548828125,690900
2021-11-17,822.9306535110509,831.3591679459554,821.3981591400883,823.1796875,549400
2021-11-18,840.3815768288329,843.9254009420218,833.8111710721189,842.0098266601562,865800
2021-11-19,830.2576999667733,830.9281626088996,818.4002913389036,820.986328125,778200
2021-11-22,818.908036151439,823.3712986734349,789.9062123782087,790.8927612304688,880800
2021-11-23,777.3975253751278,784.7724984342445,759.6401719071137,773.3939819335938,1193000
2021-11-24,748.9894465067816,769.5626929035406,744.6219400521992,768.5187377929688,1246700
2021-11-26,753.7401374803646,762.3218722575915,743.2523573188633,749.0086669921875,786300
2021-11-29,761.450336969609,781.2956577581436,756.6422269877093,780.6060791015625,1410700
2021-11-30,773.0013107989433,786.6784814090532,753.9222064326508,758.09814453125,1144500
2021-12-01,778.2593841702719,797.5300534826412,768.5665846337791,770.0607299804688,1201200
2021-12-02,751.3264521471417,762.8294836082808,745.4648002626844,756.0579223632812,957100
2021-12-03,752.7918807915114,757.3605438552282,727.7649582534192,738.951904296875,1115600
2021-12-06,726.8453292526093,729.258970953707,710.10323290353,724.46044921875,1222900
2021-12-07,754.7360881706248,775.2327515120277,750.6367321188748,771.98583984375,983200
2021-12-08,769.3042004645897,771.0186183347664,762.5805162910898,769.9841918945312,551500
2021-12-09,752.973728425811,756.6612430897354,739.7562808125223,739.9957275390625,709100
2021-12-10,744.4688574840748,750.5699572271899,739.8714321904203,748.8363647460938,602700
2021-12-13,747.6197453527564,748.8361534515008,732.0748823023278,732.1993408203125,615100
2021-12-14,722.5735640478299,728.2149428199008,711.8751009310249,722.5448608398438,842400
2021-12-15,732.2952976574069,759.1420399503448,728.5503173207002,758.778076171875,910700
2021-12-16,765.2718409658268,766.0764077970474,721.8074606407853,723.1292114257812,1006900
2021-12-17,719.4513446475536,726.0026342456822,712.555324176285,718.2158203125,1656700
2021-12-20,716.0414897319381,724.7765019086584,713.0244959597469,721.0986328125,647100
2021-12-21,742.9840533540573,751.335985971602,732.7261925146465,749.9854736328125,838100
2021-12-22,744.9667338103384,758.6822509765625,742.2849418412288,758.6822509765625,534800
2021-12-23,761.0959602022249,771.7081992500807,760.559601761029,767.5801391601562,496600
2021-12-27,760.8660412740704,779.2459767485211,760.8276923792512,777.1771240234375,527500
2021-12-28,782.7993817563863,782.7993817563863,769.1892645377438,770.79833984375,548500
2021-12-29,764.4192849195092,771.2483101591713,760.8659329517677,768.1259155273438,404900
2021-12-30,769.7640429029082,774.1698409015513,766.1531662373003,766.4404907226562,411900
2021-12-31,767.6758430865236,771.2867186674179,762.2834977728847,762.5325317382812,236400
2022-01-03,762.1494342377857,765.6166185748395,751.8245205566845,763.8255615234375,720600
2022-01-04,760.1284187456972,760.1284187456972,731.0691386070199,746.2979736328125,874100
2022-01-05,733.5787174566698,734.1821280272719,713.5897046637729,714.193115234375,1193200
2022-01-06,708.3122106732709,731.5193697479443,699.0024911275991,730.9063720703125,2041200
2022-01-07,726.3761089375344,731.1362823458604,712.2104015603967,724.1827392578125,1363300
2022-01-10,686.2734816422089,696.943183176188,672.6537216577256,696.473876953125,1973400
2022-01-11,677.1458224063392,700.5637262698531,671.1309504392588,698.3799438476562,2120700
2022-01-12,708.1015632956442,717.8135383103338,703.9735033219946,710.8408203125,959700
2022-01-13,739.8041230711045,745.0815380249488,697.8818319460491,699.2610473632812,1628700
2022-01-14,704.5482273842488,715.0838863815911,697.4318756401777,713.101318359375,1313600
2022-01-18,709.748914749461,709.7872051835856,684.0897641091738,685.0379638671875,1178500
2022-01-19,705.8315123116934,707.6896213199841,669.21533617726,669.3206787109375,1593200
2022-01-20,694.290252534241,699.1653557683354,676.3987978719831,676.6382446289062,1536500
2022-01-21,677.4331222694649,690.7559717059889,665.3842043250767,665.4033203125,1689600
2022-01-24,637.9340723356212,659.5705081740671,621.2494377863189,658.4019775390625,2833100
2022-01-25,625.0901558845674,639.9549711853441,616.6424670676798,621.1919555664062,2095300
2022-01-26,633.7006326662735,650.7013523235064,617.4469564884218,625.6839599609375,1376700
2022-01-27,636.736794174702,636.9283632689248,604.7467430345986,607.8690795898438,1465300
2022-01-28,606.85386221031,617.7534837084334,594.4696824502137,617.743896484375,1339700
2022-01-31,623.2319291482663,648.9484832716487,620.6746545690856,648.61328125,1357400
2022-02-01,653.73754668968,654.8486124171254,638.1448037375989,652.7127075195312,945000
2022-02-02,658.9096100533013,662.0607083898308,645.634695624498,657.76025390625,713600
2022-02-03,631.2677770525687,636.6121857238685,617.2648791605973,618.6632690429688,1212000
2022-02-04,620.6938542100584,633.2983638781241,616.1443659560139,625.2529296875,863100
2022-02-07,626.5363485016005,633.4898325620361,621.1727065768019,622.5902709960938,520300
2022-02-08,609.966654826078,627.695302341764,608.7694210225733,625.8850708007812,745300
2022-02-09,642.4739203097399,653.4310059216893,635.8556378654231,651.6495361328125,842000
2022-02-10,626.9577510611992,649.0155529158034,625.4348441721035,629.1510620117188,961200
2022-02-11,629.7833678167518,632.4460442649089,598.8564404992711,601.72021484375,1116300
2022-02-14,599.7183965983401,608.1469111132485,593.8279827409045,601.404052734375,890200
2022-02-15,620.1479571967885,630.5590980351241,615.1962143828183,628.7009887695312,821400
2022-02-16,623.5193595804309,637.8861651007172,617.4565512824392,635.8364868164062,610000
2022-02-17,631.4786656082716,634.265800590403,622.5616692683298,622.9735107421875,1020600
2022-02-18,624.5921008265125,630.0036211677439,613.9319260365708,620.4832153320312,899400
2022-02-22,611.5470687168119,625.4349817886894,603.271774070105,613.2423706054688,934000
2022-02-23,623.5960199988701,626.8237577382143,604.373226547656,605.0628051757812,997000
2022-02-24,574.9498952977633,631.0474828158992,574.3656593004099,629.11279296875,2047800
2022-02-25,629.1798960363994,638.978097788559,622.56161291934,638.9589233398438,1295400
2022-02-28,620.310725377957,644.1787591812299,620.310725377957,638.3745727539062,1979000
2022-03-01,632.3405086517264,637.0240421519702,601.0879175092058,607.4380493164062,1097300
2022-03-02,615.4644069046601,630.6261338337281,611.1638939398127,627.7048950195312,1035700
2022-03-03,624.4963976118514,626.1054730123183,600.7145262570488,604.1625366210938,1020200
2022-03-04,578.2159796476622,583.6944928111324,557.0776151491239,569.23193359375,2025300
2022-03-07,591.3282468267943,594.4122935161414,549.5303998560253,550.0955200195312,1607200
2022-03-08,549.8462944347856,568.427324358342,535.1825800138029,548.8501586914062,1441800
2022-03-09,583.4360233481103,600.5324993479885,569.8833127783942,595.1114501953125,1593200
2022-03-10,574.2317245997831,582.8613967417461,571.0135735943971,574.7393798828125,735500
2022-03-11,588.081299019041,589.0390861509939,560.1905424132694,561.1195678710938,819000
2022-03-14,574.2412378449909,576.1089343613406,552.9400623268988,553.169921875,1621700
2022-03-15,566.9334066481508,572.9387513488408,559.2136438332453,571.5116577148438,1542500
2022-03-16,595.2071723720492,623.5193545506244,591.0982870715181,623.1649780273438,1815200
2022-03-17,615.9815688404997,628.6914212612289,612.4760356218707,626.4884643554688,854900
2022-03-18,621.8337543664126,654.5517979600793,620.0714586496349,651.1611938476562,1689800
2022-03-21,649.5902521531589,654.5420528891307,640.759484330621,654.082275390625,1293000
2022-03-22,658.9574457149197,668.631070880461,656.371409163547,659.6661987304688,1111100
2022-03-23,640.567983231418,650.6917996159842,635.5970659803147,637.273193359375,999100
2022-03-24,638.0777543649147,661.3998460131014,635.2043931700489,661.3902587890625,1176700
2022-03-25,661.3135346850619,661.5912718286199,643.9200926157305,658.3443603515625,768600
2022-03-28,651.4006102092592,665.6620750266052,647.4641190186835,665.499267578125,687100
2022-03-29,680.028822013074,684.4537936148305,668.2192910313732,679.2051391601562,1076200
2022-03-30,670.4508921363027,673.0848063554097,651.4100821229374,655.6626586914062,1031900
2022-03-31,655.595568412683,660.0109521437101,639.3227777744779,639.734619140625,780700
2022-04-01,646.7838964306785,648.6037149291415,633.8921221348538,639.5430297851562,739400
2022-04-04,644.1021192219711,652.7700791931709,641.707651911768,652.090087890625,731200
2022-04-05,645.567564910603,646.6498688176022,618.529200139663,619.1709594726562,1251500
2022-04-06,599.660870628178,612.322786329552,591.3376995086073,601.9786987304688,1110700
2022-04-07,598.1667185968848,605.4171144453936,586.9127218092101,598.9041748046875,713500
2022-04-08,595.1881086035304,596.1363085831548,584.2501950901132,585.1409301757812,840800
2022-04-11,581.4149753994105,584.8534563090839,571.9233323436101,572.507568359375,859600
2022-04-12,587.190544112087,596.2224694454309,567.0099629103536,568.925537109375,1067900
2022-04-13,576.022697377828,591.155779885741,571.2433492408743,586.8936157226562,934200
2022-04-14,588.579444410539,590.4854317003011,570.8412056880801,572.6322631835938,814200
2022-04-18,571.8466513257372,587.9470466179467,570.6207145043116,580.0166015625,576800
2022-04-19,572.3064313653083,592.9850176891816,570.8409893559597,591.0982055664062,1230800
2022-04-20,623.2896288510581,625.0040469523124,602.4385820902098,607.15087890625,1857900
2022-04-21,617.8300916411081,621.4217929594706,591.6633432880224,593.8087768554688,940700
2022-04-22,589.1157602668764,594.6613270431238,581.8269553338376,581.9610595703125,1093400
2022-04-25,567.7090208926077,575.0457014173809,559.0314737585635,574.499755859375,2074700
2022-04-26,560.449108999648,562.6807107092533,536.2649862758876,536.7725830078125,1803100
2022-04-27,528.7846577758854,543.4292001608294,521.036135118209,533.3724365234375,1904400
2022-04-28,550.6797635564402,570.3239884255192,540.7666309391788,565.6116333007812,1513500
2022-04-29,552.1163513136057,564.0408116622807,538.7169199673505,539.9716186523438,1225300
2022-05-02,535.1538407091181,547.3943852953913,530.1733371601243,546.9825439453125,1146700
2022-05-03,546.4407504440594,554.9368442545592,542.9593903191084,550.346435546875,825300
2022-05-04,558.4470187365775,573.0764852704697,544.540770353531,571.5238647460938,1112800
2022-05-05,561.5714384765643,563.7412690176412,538.204793307323,544.068115234375,1231800
2022-05-06,535.3697103728995,541.6670121170729,525.6295438543124,531.3675537109375,1214600
2022-05-09,511.31834663742916,516.7091388943687,492.17557776250675,494.39361572265625,1714700
2022-05-10,510.34424382906553,511.51109300795326,494.07533849481376,504.7219543457031,1232900
2022-05-11,512.350247023015,524.7905780336076,501.9253564089803,502.7257995605469,1302800
2022-05-12,496.36094213176204,510.19961948259663,491.39441617578944,503.74798583984375,1134800
2022-05-13,521.2995644620578,531.6472301611635,519.0333197251581,528.7830810546875,946800
2022-05-16,514.2500862843926,521.7046444147843,509.18714591309765,515.8895263671875,757800
2022-05-17,537.1055328221138,543.306420812909,529.2941056026204,541.6187744140625,895800
2022-05-18,527.683648094692,533.1323588197625,508.0973076802622,509.4763488769531,1037900
2022-05-19,505.1077758699316,517.9145708031414,503.70942847781987,507.25830078125,905500
2022-05-20,522.1482295297229,523.0643923357518,495.8498541727524,513.8546752929688,1205700
2022-05-23,529.6703995281197,537.9447079556548,526.2757993813452,534.8490600585938,977000
2022-05-24,535.7748010837004,537.6842339685016,523.2958566794515,526.96044921875,1085500
2022-05-25,522.3893610242595,532.196983188449,518.8597942541134,528.5516967773438,832600
2022-05-26,523.0739298627772,542.4384229531742,522.061295013307,540.1143188476562,933800
2022-05-27,552.2268402476628,563.0566895000957,551.7156962255959,562.5938110351562,843900
2022-05-31,563.7608454604775,563.9729785176173,552.4390970121472,555.7565307617188,822300
2022-06-01,556.865516783484,559.0932079354586,537.1538021906864,543.5764770507812,542100
2022-06-02,544.3092913818115,560.6071557234039,542.766324081257,559.8549194335938,669200
2022-06-03,546.9517206326425,549.5458766618061,540.9051645459706,543.5668334960938,531000
2022-06-06,558.9581012218162,562.6709585116292,549.1408283653878,551.3203125,483300
2022-06-07,544.5986081458246,557.4247670490594,543.0749470164988,556.4507446289062,479000
2022-06-08,553.1622299593192,557.3572719051821,542.4770600500957,547.2217407226562,605700
2022-06-09,539.4778362009504,544.5215279640922,523.0256973218928,523.0835571289062,658600
2022-06-10,513.1023804905768,516.1208614207118,500.8934897880008,502.9476013183594,928900
2022-06-13,480.30417114505497,484.5956267761552,474.1032829243857,475.9934387207031,1395100
2022-06-14,476.1959852182899,480.8538765781186,467.1887783467632,473.6693420410156,965400
2022-06-15,481.58675772914364,493.94997952610606,476.3984460571763,487.3247375488281,841700
2022-06-16,462.66588786012187,466.8030115313738,448.9139703496774,451.46954345703125,1223100
2022-06-17,450.8426560176105,461.5664381214301,445.393975258735,456.4842224121094,1328700
2022-06-21,471.557333748648,480.10163203398565,471.065495964157,476.7359924316406,1081400
2022-06-22,469.1078340160621,478.94441326399146,465.25035657455527,468.2013244628906,845800
2022-06-23,466.65832760024443,470.04327347283623,459.0976753465171,468.2013244628906,739100
2022-06-24,481.2684922411712,497.18058585146827,480.545215258885,496.90093994140625,907800
2022-06-27,496.62130672521823,498.6272116593614,487.64305894279886,489.9382629394531,696500
2022-06-28,489.94786229319857,493.19781189520415,472.09740469734555,472.9364013671875,847200
2022-06-29,473.6018468525713,476.10921333017103,464.84535569036905,467.35272216796875,847400
2022-06-30,457.25582438984475,467.36242804871625,447.59285192163463,458.9241943359375,866400
2022-07-01,439.07740932389464,441.64263565392946,427.6592782941848,433.80230712890625,1570200
2022-07-05,404.25397571562013,417.6201203018393,397.96629837348826,416.9932861328125,2778300
2022-07-06,417.81307529988885,421.99843529232817,410.1945623287625,413.5987854003906,1464700
2022-07-07,423.12666516445813,436.66638836043853,423.02056924234,435.7984619140625,1400900
2022-07-08,428.768320013981,439.0774325817584,424.95907805164944,436.8111877441406,739100
2022-07-11,433.54192531448734,434.13020597961736,422.3070271669368,423.4160461425781,745600
2022-07-12,424.8722634599409,428.6140217035587,416.4918904309716,419.0088806152344,848000
2022-07-13,415.14176847178805,435.8371284808119,414.0037901619323,431.0827941894531,1052500
2022-07-14,426.4441787166678,442.529853934364,419.0667289465173,440.6203918457031,1075900
2022-07-15,448.8078808610038,458.8276634372867,444.1017535675316,458.6830139160156,1630500
2022-07-18,466.3786872915359,469.4839580425047,453.7358181534468,456.6096496582031,1039500
2022-07-19,467.5937851395814,483.06227851867476,466.80299517023934,480.6031188964844,1415000
2022-07-20,475.33760434582354,498.34747028887836,473.11956681068006,496.0908203125,2294900
2022-07-21,511.11583679177073,523.8840795988602,505.90821792933764,522.9486694335938,2281900
2022-07-22,523.083574225064,527.3653766653003,510.3731927452774,515.2239990234375,1459900
2022-07-25,516.3424926408928,524.2985378021774,513.160086348463,519.7659912109375,1194600
2022-07-26,509.2351963077685,510.76856939099395,500.0640348612398,505.4934387207031,1029500
2022-07-27,514.6068213747154,530.2585187181835,513.6135514483072,526.7192993164062,1110900
2022-07-28,528.2815855591763,540.9534145614267,521.4924456587341,540.7316284179688,1216800
2022-07-29,541.4451425438708,556.363907011569,539.5646106809397,553.9722900390625,1210700
2022-08-01,552.8150238463054,562.2754839095835,548.6682478104309,557.5501098632812,895500
2022-08-02,542.0528469432531,552.4390668528201,538.8414798975697,545.4473876953125,876600
2022-08-03,549.6905559524489,566.7309467060525,548.9672789051431,563.0567016601562,825900
2022-08-04,563.7391874617254,573.0000054193773,561.7381512609738,568.8529663085938,680100
2022-08-05,552.5837837310095,560.2689083545317,547.1220132811968,558.0745239257812,767900
2022-08-08,558.7414556109505,563.1495173297585,546.1649300158674,553.6663818359375,700600
2022-08-09,532.7375725948319,533.8976009355669,515.9560141368764,523.0804443359375,1138500
2022-08-10,540.1037292000403,547.22821914316,532.1286146533151,547.1895141601562,1074800
2022-08-11,546.8899004813234,555.2226829488226,542.423840606687,543.6708374023438,833300
2022-08-12,543.8738633303037,558.7317402211019,543.3905230046395,556.7694091796875,811600
2022-08-15,550.1476818256631,558.3741446630358,548.9683596006194,555.783447265625,783100
2022-08-16,547.527944082998,553.2700295074392,540.3841599149305,547.798583984375,697000
2022-08-17,540.4712212282508,547.1316662182885,533.5207837933923,538.7119140625,667700
2022-08-18,538.7118232469423,547.07357550415,536.7977554307679,542.5978393554688,580600
2022-08-19,538.6247778913724,540.2294417625136,526.289923719928,527.09228515625,794400
2022-08-22,511.6544369658015,513.1624565876449,501.33029355448707,502.7416687011719,795800
2022-08-23,502.67403755423794,511.71247982119326,502.15205114040054,508.2324523925781,592900
2022-08-24,505.4387471200869,512.9015541407858,504.3367167644509,507.93280029296875,485200
2022-08-25,504.95536956253926,522.2202745255603,504.37538468195606,521.7562866210938,758300
2022-08-26,521.5725590348427,521.7465544803782,491.818128317355,492.94915771484375,1229700
2022-08-29,489.44982237032565,494.3122255411198,482.76037835466377,483.2243957519531,754100
2022-08-30,489.6720524983105,490.7354070722905,471.2181231443912,476.5928649902344,1006400
2022-08-31,484.1620294172601,484.86768744037676,470.48350355587127,473.61553955078125,936000
2022-09-01,461.9960803327917,463.05940556481136,445.53350822228714,454.26263427734375,1665500
2022-09-02,463.87136246923217,470.6768025042778,450.4828590696258,451.62353515625,1145400
2022-09-06,453.7212659127673,461.967081090114,446.89650212889495,454.26263427734375,996900
2022-09-07,453.26700167304836,464.944493457485,450.08661338998036,460.79742431640625,745400
2022-09-08,449.941536068461,467.28378989564084,448.70418597324516,466.66510009765625,943300
2022-09-09,479.0095862406947,486.4143635779173,478.7969153171439,484.3070068359375,1012800
2022-09-12,489.88479867946336,493.9738689191641,483.01171262844593,488.1061096191406,1041400
2022-09-13,467.8734337392519,472.1461751847223,452.9962044027605,455.40325927734375,1188200
2022-09-14,461.077659599674,465.4857208964342,455.40324904226463,462.1700134277344,663700
2022-09-15,456.79536322719787,462.42142318252235,447.4765459562368,450.1349182128906,853500
2022-09-16,446.63547472764003,456.45695400571697,444.58611640007047,451.6815490722656,914000
2022-09-19,444.3347807164744,457.2302977974343,444.3347807164744,455.4129333496094,646500
2022-09-20,443.6580908793828,450.9855171395345,442.1210427033693,446.5677795410156,906700
2022-09-21,446.1714582967059,460.3043546899879,439.7043621549341,439.76239013671875,783900
2022-09-22,435.6829873941964,437.12333214440355,424.4694857831757,426.3448486328125,952900
2022-09-23,419.15280728414115,422.38151766615016,413.11105219039126,421.6081848144531,1362300
2022-09-26,419.6263998286095,426.08381949058594,414.8219958179626,416.4556884765625,1164000
2022-09-27,424.2278616150956,427.76591677172206,412.28934821106026,418.8531188964844,876400
2022-09-28,411.9413552530626,428.64559768799893,409.07031220171,426.528564453125,957100
2022-09-29,411.4289622451941,414.42567834213827,405.261564104685,413.52667236328125,1141800
2022-09-30,400.2057480612503,413.7875980007104,400.15742583400635,401.5107727050781,1084700
2022-10-03,409.4858953516918,420.99906448046886,406.99184296067466,417.2966613769531,1452400
2022-10-04,445.8428656321303,452.1842896347543,440.5937957078341,449.6129150390625,1954600
2022-10-05,441.7151121135053,458.9316942168511,437.9547097688275,453.65362548828125,1193800
2022-10-06,449.7868595150542,458.3806353751087,446.1134552497323,446.7418212890625,926100
2022-10-07,431.6229966031925,433.76902925569556,418.32145875699257,419.79083251953125,1412400
2022-10-10,419.45246990268845,419.6071423709395,402.4872041446565,407.8329772949219,1383700
2022-10-11,398.7848299376039,398.9008269136845,380.88191211073655,386.2469787597656,2044200
2022-10-12,390.3553124487688,391.43799006089847,384.26523613016326,385.0578918457031,1277100
2022-10-13,352.7514709387877,397.04478934562013,351.05010340306586,391.8923645019531,2782200
2022-10-14,390.90633726440086,392.1050118648021,365.9853105672077,366.4976501464844,1727900
2022-10-17,381.31690587749057,386.285659425036,375.8744881710203,379.15155029296875,1417900
2022-10-18,393.8063257620819,395.53669220056526,380.0891264468807,385.69586181640625,1324800
2022-10-19,402.03287792659995,417.46109469153714,396.7161337136727,409.8919677734375,2435200
2022-10-20,416.8810325294486,433.9622926861167,414.49333013122083,422.700439453125,2090900
2022-10-21,425.80352185231504,447.4571634539755,423.1161507084597,446.8288269042969,2756600
2022-10-24,454.75562115368535,460.22703777500743,444.28648154219167,457.21099853515625,2389300
2022-10-25,462.54707008265893,479.23198953683055,462.4117501158706,469.8165283203125,2047200
2022-10-26,460.09174379281035,479.66703021543515,458.448374613818,467.96051025390625,1879400
2022-10-27,466.03677380812036,473.2868790960477,458.1969779497162,458.6029968261719,1075700
2022-10-28,454.2046104187712,473.5479019809823,453.26695839675267,472.8808898925781,1436100
2022-10-31,463.0787120260844,464.8574009019285,455.9349277821606,456.6792907714844,1063600
2022-11-01,467.27412559972123,467.5544712654003,457.10462566571266,459.5406799316406,760700
2022-11-02,454.38831951108284,461.10676318589765,431.3910034430491,431.4586486816406,1887400
2022-11-03,427.3959708905724,433.17475820471583,423.8278808586044,426.5427551269531,1615700
2022-11-04,448.29077241717573,455.3299887292242,440.5146272825308,454.505859375,1587800
2022-11-07,460.39124624620786,470.678630292755,455.32997603293654,468.69097900390625,1429400
2022-11-08,483.09905632392713,490.60368648585984,476.1276897521056,488.27667236328125,2316100
2022-11-09,479.4728417526093,488.8875696740248,474.0431218535982,474.5763854980469,1302600
2022-11-10,515.3380431265491,544.7360736854306,504.53677624164436,543.7373657226562,3518000
2022-11-11,543.727598734769,561.0250795119485,541.5071961251697,558.911376953125,1982800
2022-11-14,557.3020955332775,572.3501225203026,556.4294390970374,560.2496337890625,1806400
2022-11-15,588.2996565872043,589.8219223798327,568.7041906026413,579.3018188476562,1669400
2022-11-16,565.7760735432134,566.1929908033125,556.3516130148191,559.1634521484375,1418900
2022-11-17,551.6588800197761,572.4953948652795,551.6491746347215,571.1185913085938,917900
2022-11-18,581.3865078167383,581.687078844206,567.0171532685097,575.1229248046875,1115300
2022-11-21,563.5266486039093,566.0378577024381,557.6121043484945,562.644287109375,849800
2022-11-22,564.0308284560601,578.3905376611935,556.7685964375925,578.0802612304688,1082400
2022-11-23,577.0816318630762,591.4509892274486,577.0816318630762,585.4879760742188,874700
2022-11-25,578.7783279332688,579.7188625929664,573.8431396484375,573.8431396484375,408900
2022-11-28,575.7241628068072,579.9418628453374,562.7703732861964,565.6016235351562,1056200
2022-11-29,566.3288221925758,569.1503079015968,559.2314040964582,561.2190551757812,562900
2022-11-30,567.5020226125137,589.909273087626,559.3962500258571,589.6281127929688,1569700
2022-12-01,593.10905766479,597.8115545115741,583.0737464116953,592.6727294921875,1245900
2022-12-02,582.0457973593523,588.9784006341288,578.8461570706754,587.2913208007812,719800
2022-12-05,586.6998111507087,588.6971673354078,575.3362268247353,582.5208740234375,873900
2022-12-06,585.1485406159874,586.0696644875892,568.9757595526588,575.0162963867188,839200
2022-12-07,574.2019413821956,585.6334066073262,572.7281430110108,583.06396484375,878600
2022-12-08,573.8819653497691,590.9274047550073,569.7902574227835,588.435546875,1019300
2022-12-09,584.6542052513093,592.5854598231498,578.2646278259684,579.5250854492188,870700
2022-12-12,578.7201252346598,591.4508674939034,577.6826551360793,591.441162109375,819600
2022-12-13,623.4279990517474,623.7964486005949,598.7907020990413,609.1653442382812,1334000
2022-12-14,603.5707930923417,607.7012629281961,591.3830191327348,597.1326904296875,1167500
2022-12-15,584.663871850536,586.4091253038043,566.4937304759574,568.510498046875,1420500
2022-12-16,559.70655922568,567.9383839520646,548.5368430060055,556.85595703125,2097300
2022-12-19,556.5941002266501,558.3393534403958,545.5601420121814,551.3195190429688,906800
2022-12-20,545.1432095214637,551.6588962985029,544.0863877445101,546.0352172851562,845700
2022-12-21,551.7559612000059,566.2029041019064,550.0494699967584,563.2941284179688,797700
2022-12-22,553.685367700287,553.685367700287,530.1727673084631,539.0445556640625,1351800
2022-12-23,530.2407182804916,535.2826080026233,526.0327225695875,534.6038818359375,602600
2022-12-27,529.4454877047367,529.8818157658135,520.1956050341148,520.84521484375,802600
2022-12-28,520.3798866060821,525.3247806935452,512.9237239315117,515.4737548828125,609900
2022-12-29,524.7431372981924,538.4822376677851,523.7250776600185,534.7008056640625,841000
2022-12-30,524.4133967997212,529.8624978780464,520.4477995532718,529.7849731445312,703200
2023-01-03,544.2124606797739,546.9951841392566,529.1740838640302,532.8585205078125,675100
2023-01-04,553.4429907734173,558.009789482076,543.9991760560077,553.4721069335938,1087300
2023-01-05,548.1876897289296,556.1092363311511,545.4437289999039,548.1295166015625,710900
2023-01-06,557.8351604383918,580.4751009773885,550.0299597733332,577.7311401367188,1025800
2023-01-09,595.3195725594338,613.1600827362878,594.1657561193771,602.4364013671875,1348800
2023-01-10,603.6969435677414,614.507915744937,602.7079410003003,614.1297607421875,873900
2023-01-11,616.2240384093857,625.5224495349264,614.0424569239766,625.076416015625,806500
2023-01-12,631.6308588375571,636.3333552043847,615.5356592846692,632.716796875,1322200
2023-01-13,629.584867996762,640.6478810209271,629.0030775867365,639.6298217773438,649700
2023-01-17,631.3011665783174,642.8199213359511,631.3011665783174,638.1755981445312,902600
2023-01-18,653.0393653056138,655.5505744551759,631.7277013062396,632.4548950195312,1152700
2023-01-19,634.7043826902424,635.7418528685006,607.953381916825,611.0851440429688,1534100
2023-01-20,618.68681060773,630.816353391938,614.9150845898207,629.1195678710938,1033200
2023-01-23,638.0397850696748,655.7154814130095,636.8762632326436,655.4730834960938,1780900
2023-01-24,646.4461140074745,652.5739403135193,639.8529026485481,649.6361083984375,1066900
2023-01-25,636.9830312842778,662.2505904734803,635.1020208810644,660.805908203125,1569200
2023-01-26,661.1646981594811,664.1122360431866,647.5128285070551,663.1038818359375,1593300
2023-01-27,646.911722438903,657.4996493336354,646.4075157175182,647.095947265625,1249700
2023-01-30,630.2345851996105,638.2240110879338,627.926952291776,630.53515625,1209900
2023-01-31,631.4175889564779,640.7644687830432,627.6168053975691,640.7451171875,801800
2023-02-01,639.4748521431976,664.2576140092307,635.9455240979072,657.8970947265625,1274200
2023-02-02,675.7085943203857,677.3472069392342,664.1219596989943,675.3692016601562,1318600
2023-02-03,657.8194517873966,672.2954476905041,657.3152452035499,658.953857421875,1015800
2023-02-06,647.0720382549689,650.3952825837301,640.8240376340841,643.2338256835938,783100
2023-02-07,640.5810790610384,664.3390661896216,640.5810790610384,659.5097045898438,1236100
2023-02-08,652.4648336675078,655.7880774479814,642.6409990976897,644.030517578125,763900
2023-02-09,654.0681814857229,662.9689524355032,643.2823767277375,645.3326416015625,686500
2023-02-10,634.6050863744917,638.5695641004119,630.2810264977735,637.7727661132812,731800
2023-02-13,640.4742674763477,653.9711450138457,638.715499324562,649.812255859375,596000
2023-02-14,642.9811988010027,661.7057467196315,638.6085653233068,658.3048095703125,1013400
2023-02-15,643.0881493840856,658.3048896419659,642.291351180983,657.6538696289062,683500
2023-02-16,640.0563835286722,649.2874986506364,636.8983704606318,637.7048950195312,946300
2023-02-17,632.331310858562,639.376108405584,629.0664258154285,633.4779052734375,1149600
2023-02-21,619.9519362076896,625.7140878742418,611.7119709561473,611.9548950195312,1022700
2023-02-22,614.6562433726825,617.4158871136673,602.8695618529248,606.5426025390625,1017300
2023-02-23,623.95529443848,624.6840665987442,608.942576075513,620.0296630859375,1093000
2023-02-24,601.8978327312884,606.9895118603199,595.3777291995322,600.8775634765625,995700
2023-02-27,613.5388010781435,621.2735258138601,608.5346001762246,614.1898803710938,804500
2023-02-28,595.115445754285,607.5531472633627,592.8708295417391,600.2459716796875,1381700
2023-03-01,603.4913313212274,605.483296555068,594.6391936824808,597.5445556640625,794300
2023-03-02,589.1589069018944,607.3976654056115,586.1563392437699,606.503662109375,795800
2023-03-03,607.6503078248743,619.6216143495956,604.1716774841724,619.33984375,1024100
2023-03-06,609.5645331958165,615.1906334512603,602.3059309571827,603.3942260742188,1403000
2023-03-07,601.8201570186075,604.142525707875,588.1678341107482,591.8699951171875,1033000
2023-03-08,594.483785896707,602.9861285419908,591.792227468478,601.8687133789062,1081800
2023-03-09,599.6046901547668,606.2316665593141,587.448758995712,587.6236572265625,983800
2023-03-10,596.7187248131447,599.8767380564971,582.4639554869831,584.193603515625,1043500
2023-03-13,576.3324643099068,595.6206107897342,573.1939044593663,587.6624755859375,966900
2023-03-14,600.0126392496605,602.8888811712119,593.9784441846807,602.7431030273438,844600
2023-03-15,583.7173748465572,591.8505274681452,579.7237172738552,589.5184326171875,1047200
2023-03-16,583.7466227926469,613.1598923277857,582.036427608684,612.712890625,1063200
2023-03-17,615.7736032925307,620.3308607173155,609.0688759741467,615.754150390625,1109300
2023-03-20,628.0073806984965,629.9799528871874,621.011154654031,628.0365600585938,935600
2023-03-21,633.2641890140252,637.2675728483418,617.2214743213841,623.955322265625,848500
2023-03-22,624.8006830462812,642.6799176061171,621.4385927012255,622.2451171875,955500
2023-03-23,639.1235424967595,654.86503509866,636.4028046006918,645.36181640625,1171500
2023-03-24,637.4911148369063,640.2993315655339,621.6427494963773,629.2025756835938,842700
2023-03-27,636.8205930094888,638.8708579481256,624.849287596449,625.8209838867188,800300
2023-03-28,625.8695836592113,626.3748847302478,614.4813311169097,621.6038818359375,793200
2023-03-29,631.1848496396937,646.3432900442215,630.1159479948296,640.4645385742188,1101800
2023-03-30,656.0893133279197,661.3656167959602,654.4471443094678,657.5274047851562,892500
2023-03-31,655.9824918605393,663.8434818422671,654.5637938888698,661.4434204101562,681600
2023-04-03,655.7007069513078,656.6141039230266,648.5004628534226,654.9136352539062,657200
2023-04-04,656.7501935028718,662.3082686626177,647.2081273612665,649.7539672851562,877900
2023-04-05,644.8759959791568,645.9643504920451,638.7057476650656,645.1092529296875,850300
2023-04-06,639.6676516266278,646.3723797064616,636.7720156799688,638.5210571289062,679600
2023-04-10,631.5345021212889,643.2531558833563,627.2201686348367,642.9130859375,688700
2023-04-11,650.5603815504644,653.6989415353795,640.3186648710421,641.0960693359375,787400
2023-04-12,650.0744914432186,652.9798536241409,635.1880983776098,636.130615234375,897300
2023-04-13,643.5835733274843,651.891564138293,641.1737263752088,646.5763549804688,1118600
2023-04-14,646.5764381423168,653.601843038377,640.7074135755187,647.3441162109375,645900
2023-04-17,620.6613837845885,623.9262696374869,614.3842626461548,620.952880859375,1536500
2023-04-18,626.4428304992338,629.9215195288518,618.7372866892752,625.121337890625,910300
2023-04-19,607.0769689478211,610.1766824102617,599.4199976231897,605.9497680664062,2266100
2023-04-20,607.659986272891,621.7690355816364,607.659986272891,615.6376342773438,1692900
2023-04-21,617.522625872274,619.1064953313722,610.0308272523852,616.5120239257812,982000
2023-04-24,622.6921916020577,623.1585868738795,609.185588548379,609.6228637695312,1431400
2023-04-25,608.7386642720722,608.7386642720722,588.6148681640625,588.6148681640625,1404900
2023-04-26,596.3494619333495,597.7195870140127,589.0131662726723,591.8602294921875,844200
2023-04-27,604.1619063708067,613.4318678048144,595.4263660450429,611.43017578125,1127000
2023-04-28,613.0042950326899,619.3009271953258,608.7871664305897,618.83447265625,823000
2023-05-01,618.8326680674388,622.9355013429687,617.8873931726954,619.027587890625,469300
2023-05-02,616.7568497674018,621.2884825373005,612.5273813645927,617.9067993164062,738100
2023-05-03,617.7994819736147,628.2368198938458,614.6614343158119,618.5791015625,582900
2023-05-04,616.0356479862053,623.0620990700191,613.8136694145849,618.8812866210938,614000
2023-05-05,620.4698991349271,637.5633032353396,617.760709829798,633.7626342773438,801400
2023-05-08,635.1560395303259,638.3232925084211,632.680730923741,638.3135375976562,518900
2023-05-09,624.1924268947262,627.4766196048287,622.028978181504,626.677490234375,746100
2023-05-10,637.7191360872662,643.5858826657848,635.3022972623577,640.4088745117188,813600
2023-05-11,634.2109298471896,635.672739294229,628.7242669641405,633.6359252929688,560600
2023-05-12,632.8075329048032,634.425242374164,625.7518166506193,631.0241088867188,375300
2023-05-15,630.4100982078422,639.0055434859227,628.4610192644544,638.9957885742188,893400
2023-05-16,636.1598795261418,641.1202519298901,634.9904203104896,635.4484252929688,709600
2023-05-17,640.2626732553144,654.3058202480042,636.1501452661468,653.4287109375,1162700
2023-05-18,658.0772835024933,679.4976419072002,657.882363713278,678.2112426757812,1459000
2023-05-19,680.2285411296042,682.0509251560854,676.1744831593422,676.3303833007812,949700
2023-05-22,673.270288656818,681.7877536609043,671.2920045666835,680.8522338867188,856000
2023-05-23,673.260487738473,675.7261008507294,661.5757704214776,664.099853515625,958600
2023-05-24,651.0509167363304,653.7601653500757,644.3460795922493,649.813232421875,1159300
2023-05-25,683.1716245839265,692.8877537850047,676.0964590709733,690.441650390625,1929800
2023-05-26,698.4037798352963,723.4104380702767,697.4194853903756,717.19287109375,2349100
2023-05-30,724.2094748481996,728.1076324792451,707.0770554050285,709.7180786132812,1411100
2023-05-31,708.5582885758935,711.4526417156571,695.1194131827064,704.523681640625,1347600
2023-06-01,705.7614179126592,714.064452830368,700.2552467244573,708.2659912109375,992100
2023-06-02,711.4137742946698,713.8988379113838,701.434500183194,706.2000122070312,813800
2023-06-05,706.1903177246603,708.1296418131376,700.1092007601908,703.8124389648438,663700
2023-06-06,689.7303614448391,699.3685717990058,685.0525835354429,698.38427734375,845400
2023-06-07,695.197510437521,701.8146719674003,687.6058688509756,692.1277465820312,921200
2023-06-08,692.9950225651766,702.0777379465583,690.334548733793,701.7171630859375,762400
2023-06-09,702.2141363255488,707.1355486000426,694.466535883319,697.6337890625,864500
2023-06-12,703.6076816994664,712.1641660585116,701.6683578385378,711.5794067382812,1058900
2023-06-13,718.4498826733446,720.5744308341206,705.3715810395943,718.4986572265625,876100
2023-06-14,716.6860545016189,722.835396255643,709.6206432549923,721.3638916015625,821400
2023-06-15,704.8551265236503,725.4861088396495,703.9293022031288,719.8825073242188,820400
2023-06-16,712.7781839986752,714.493323482078,701.6684103752663,703.5005493164062,1337400
2023-06-20,702.2726678775725,706.2877659628252,692.4883124579753,702.0679931640625,799300
2023-06-21,700.3234798579808,701.2297943376376,686.9138085610239,689.2916870117188,820300
2023-06-22,684.1072706998985,699.4757788063598,682.5187664367659,699.1444091796875,699800
2023-06-23,680.3259531032229,683.7661058461923,678.2014642810251,680.121337890625,916900
2023-06-26,685.1792785323702,695.9381736736354,682.4018051461762,682.4115600585938,714000
2023-06-27,688.9019595634635,708.158809091198,686.5825509187981,706.6190795898438,1115800
2023-06-28,701.1127705337051,711.4136576180504,699.0565069768892,705.7515869140625,866400
2023-06-29,709.0944080610919,710.8096070541276,703.2179659568835,704.93310546875,768100
2023-06-30,704.1339754172341,708.9286925709065,697.4388350718605,706.2974243164062,963600
2023-07-03,715.3021923868896,718.4012206611502,707.6618365044925,715.1950073242188,531900
2023-07-05,702.8379629427417,704.2120375904578,696.2500658091778,697.44873046875,954800
2023-07-06,683.8634955824427,685.76385925714,675.5799109070839,681.505126953125,1218700
2023-07-07,680.1309871552501,687.7713417993258,675.9988906447845,679.00048828125,1352000
2023-07-10,685.7931478038752,694.6809424409893,685.5202482188403,691.75732421875,930900
2023-07-11,690.8704708508143,691.7086199599801,677.9773333231185,687.05029296875,623200
2023-07-12,710.9460503071876,711.9010799499432,703.841619531731,706.4046630859375,1311700
2023-07-13,722.2993225511233,732.366330819104,721.3540479205848,731.6256713867188,1209100
2023-07-14,741.2833438856748,752.3248313513014,732.8242904005881,734.8221435546875,1843900
2023-07-17,725.5446336725677,737.6483972061726,716.7542686403041,735.2802734375,1355200
2023-07-18,729.735115256642,740.6499687983243,723.5468136519121,737.755615234375,1220600
2023-07-19,720.3796065187146,723.9171896436578,694.9733547491991,697.555908203125,2406200
2023-07-20,679.2539143003692,680.0432887799224,656.1963398804776,658.915283203125,2918800
2023-07-21,677.6069676735967,680.0920311734246,671.7207712859507,675.7066040039062,2524100
2023-07-24,667.5595749974141,671.2140982182028,663.515212173939,667.0527954101562,1145300
2023-07-25,667.4816164872996,677.616851668949,667.4718615747452,669.801025390625,1061900
2023-07-26,662.6186474352894,672.5979225841172,660.1920535520932,666.8773803710938,752200
2023-07-27,696.7373092611393,702.0777669688662,685.656799320152,690.0909423828125,1488800
2023-07-28,696.2402072342607,703.1302082350944,691.6208997907008,700.0798950195312,949800
2023-07-31,702.9254957549799,704.3093845163108,694.0572110914422,698.1697387695312,789100
2023-08-01,694.8812575149402,695.906792444218,689.1088604212953,692.205078125,555100
2023-08-02,679.4004049357301,679.7325130314786,666.1953077543752,667.1524658203125,1025400
2023-08-03,658.1079764310949,666.9472006238191,657.0628883223602,665.1500854492188,920200
2023-08-04,669.3890243565687,673.1005747588157,659.5242646800024,662.249267578125,891600
2023-08-07,674.3605376300158,677.2808948150453,668.4807166560254,677.2711181640625,663500
2023-08-08,659.5827730768334,664.8472602332415,654.8457480692183,663.5482177734375,746700
2023-08-09,663.9196089907167,668.060856005841,655.0217819770785,656.8286743164062,685200
2023-08-10,672.1628639033329,679.1268193294131,660.3739529025925,662.0245971679688,913900
2023-08-11,651.2711537492635,654.4064188241954,645.8699706719708,646.3681030273438,806000
2023-08-14,637.7436066467355,651.2124329861537,633.6023605885919,651.02685546875,957400
2023-08-15,642.5782648642011,643.5256460288974,635.5947565631991,636.5226440429688,633100
2023-08-16,640.322124229966,643.6429065541384,631.2289453085472,631.3851928710938,665300
2023-08-17,640.4687023324745,640.4980322880788,627.9082084586969,629.334228515625,797100
2023-08-18,629.9983461172676,642.998371224756,627.9765465587731,640.0682373046875,937600
2023-08-21,638.6324064313926,649.1613823673686,634.7743850541502,647.0907592773438,1104300
2023-08-22,663.401902194555,664.6814513841649,648.2531581432257,651.9744262695312,760200
2023-08-23,652.6775074544239,665.0915287372488,650.9975927414231,661.3507080078125,908100
2023-08-24,662.220008476379,662.3762560473612,631.8052056454129,632.7330932617188,1336800
2023-08-25,628.68950558891,637.6850378818779,621.0613929248024,635.8488159179688,986200
2023-08-28,641.7579596122921,644.4439158346939,637.2943815726895,643.6430053710938,535800
2023-08-29,637.3040931162154,652.9705201665148,637.1673392333871,651.9645385742188,757900
2023-08-30,651.8473501066703,655.5881113564294,648.0772589041641,653.966796875,564100
2023-08-31,644.6294091621941,653.7323649421917,641.328120449205,645.1470947265625,1100100
2023-09-01,658.3033854003527,658.8307880167358,642.1876497043501,647.0907592773438,592800
2023-09-05,649.6400113236906,651.8864354586713,645.7722129981411,648.1065673828125,592100
2023-09-06,650.6361700586164,654.1913534127256,641.7773925887453,650.5286865234375,870800
2023-09-07,622.7803979381441,624.7728674234653,614.2146212153235,622.9366455078125,1236200
2023-09-08,613.7361694874136,618.2779015785162,610.6595045723137,613.238037109375,873200
2023-09-11,616.1388262861024,616.82253614128,603.9787582793903,613.0914916992188,1066300
2023-09-12,596.7705198414072,608.4812771328334,595.989162834735,604.3888549804688,1311300
2023-09-13,600.0621084054453,605.5219507278161,599.5151524694745,602.6796875,1077000
2023-09-14,606.3521065581464,610.249174893505,601.0290183419501,607.416748046875,1237000
2023-09-15,588.5856854148151,591.1348872825249,580.1859931281107,582.7644653320312,2841400
2023-09-18,574.4820502743171,584.4249642411035,574.3160260437173,583.8096313476562,1071700
2023-09-19,582.1589274026267,584.219833359518,575.409879180199,579.9418334960938,893500
2023-09-20,581.7486460195445,586.8373321838303,576.0153567754631,576.142333984375,1094500
2023-09-21,573.3197506000965,577.2168191091444,568.5631713867188,568.5631713867188,1313800
2023-09-22,580.0491311211279,580.918418214929,572.3916906818284,573.427001953125,837300
2023-09-25,570.0380798952499,574.2965272975132,567.0102983967905,572.4798583984375,607300
2023-09-26,562.9763813051028,565.2911821695568,554.6938294713493,559.372314453125,1471000
2023-09-27,564.5390001168583,568.621645247795,551.1385528117117,561.1498413085938,1477600
2023-09-28,553.0432215081742,574.5992470990313,550.8651743808977,567.12744140625,1112500
2023-09-29,586.4466536468741,586.8666322769902,573.0950292595828,574.9507446289062,1017400
2023-10-02,569.7742161331873,573.935015272446,562.9274612655427,568.6217041015625,811300
2023-10-03,561.5601924663715,566.1800179920679,554.3520580644148,557.3114624023438,1101300
2023-10-04,570.5654689077792,578.0568880977884,566.9419078487375,577.0996704101562,1325900
2023-10-05,570.1063876931869,572.9388146450718,561.999695968691,568.1431884765625,865500
2023-10-06,570.1942628217289,586.505353295872,564.1484175489671,583.4482421875,1042100
2023-10-09,573.9644407629752,577.9298864047768,568.8464232839755,577.5977783203125,738500
2023-10-10,586.2026784742073,592.668503587571,584.415279805789,588.1268310546875,1087000
2023-10-11,587.3453228619644,592.0726318359375,584.0733638165101,592.0726318359375,981800
2023-10-12,595.4423045328425,609.653442342368,595.4423045328425,602.396484375,1618400
2023-10-13,597.1026405741482,597.9425978838541,583.4286840183566,585.7825317382812,1098500
2023-10-16,587.042426964708,591.935759187936,584.0732466367232,589.7381591796875,1154100
2023-10-17,577.1289614114968,596.1357253887992,573.2709398066419,594.455810546875,1535700
2023-10-18,568.2311331097067,578.0079632225564,560.4955366321811,569.6668701171875,2401700
2023-10-19,586.456501843288,590.4609940989592,571.2393239670355,574.04248046875,1475500
2023-10-20,575.2342028328535,578.4963855925358,564.8322023625316,566.5902709960938,1035000
2023-10-23,564.1581610198571,579.6878934709827,560.4954938958863,574.10107421875,905100
2023-10-24,576.8651877149065,588.7224764740571,575.8982531256444,586.75927734375,1333900
2023-10-25,583.5360170027619,584.2587736270241,568.0258410717759,569.754638671875,1322700
2023-10-26,579.287497962227,585.0501189728951,571.9328922403895,574.5016479492188,1093000
2023-10-27,581.0162226230664,582.0905811638651,573.6518411816303,576.2596435546875,819400
2023-10-30,578.9651928568145,580.6060607338723,568.9147951409591,575.165771484375,746700
2023-10-31,585.6849045695158,588.1071293090101,579.7367070335342,584.8644409179688,1020300
2023-11-01,587.2048283149545,596.1450506080718,584.3749472742368,595.6260986328125,1005800
2023-11-02,623.7294085646795,624.2386185582221,614.054837052386,618.2654418945312,1527400
2023-11-03,629.7319949585465,633.5509504054301,625.6193472667414,629.0563354492188,906900
2023-11-06,623.6412792540477,625.5213517780015,618.0499506202475,624.1896362304688,651300
2023-11-07,620.6448986518642,628.0575495215776,620.3609483484463,623.0831298828125,529000
2023-11-08,626.2557646522491,629.3011032365265,623.9056889276275,626.0011596679688,727000
2023-11-09,632.9536671708689,635.881505226477,620.6742947622585,621.0758056640625,1221600
2023-11-10,631.0637458361638,649.4337348407669,627.4699904432024,647.5341186523438,1246700
2023-11-13,640.542581104529,644.0775266560286,634.7946040059944,640.9929809570312,641200
2023-11-14,660.6262704661682,664.3864160331884,655.583298112574,661.3704223632812,1166800
2023-11-15,666.1392512188285,668.019324016859,660.9787780118112,663.9066162109375,918500
2023-11-16,662.6434787957905,670.3498829766492,660.969002473606,666.7169799804688,854700
2023-11-17,666.9029589490007,673.2972500183935,665.0816366881053,671.8284301757812,627600
2023-11-20,671.0744457370557,682.4822444789621,671.0744457370557,679.8775634765625,674700
2023-11-21,679.4468161477098,680.1420791971442,665.7867768810049,670.1932373046875,705400
2023-11-22,675.1381558949759,679.6229694813474,669.6937324131794,670.5652465820312,522300
2023-11-24,675.7257096824954,677.6547311401654,673.600833617167,676.8126220703125,352100
2023-11-27,673.3657971560214,675.9607363290814,670.8100647658056,674.0708618164062,545500
2023-11-28,665.8649477852758,668.6556813804517,658.6677549768151,661.9382934570312,644300
2023-11-29,672.2396618501447,678.7024450477627,670.4378832693228,673.3167724609375,795500
2023-11-30,668.910362467981,670.105033735824,662.3202762867094,669.546875,753600
2023-12-01,673.8652040910652,681.1212081581139,668.8516367453949,677.8114624023438,857600
2023-12-04,672.4649804539058,676.3622305429992,665.0033793524619,675.9705810546875,748500
2023-12-05,675.9704475516825,682.9326388965501,673.630113714595,680.0929565429688,610000
2023-12-06,684.8910403391978,688.6512450995214,676.8516789321346,677.69384765625,657100
2023-12-07,680.9156880123921,685.9292563606386,677.7038988048198,685.1067504882812,780600
2023-12-08,680.8861822146566,688.2204800524663,679.6034152201904,681.9534912109375,920600
2023-12-11,690.0710427994917,698.6587610065739,687.9951157617099,695.476318359375,1585000
2023-12-12,700.0590714532216,705.993100946437,696.5241262095772,705.5818481445312,880100
2023-12-13,709.5868928973443,723.3252234719291,705.7581356887451,720.0056762695312,1037200
2023-12-14,728.8284767198894,740.2754830506107,728.8284767198894,738.0429077148438,1446600
2023-12-15,738.0428205625169,744.5252073239556,734.0378121792052,737.3084106445312,1507000
2023-12-18,731.8345684599274,732.2556229662324,721.014274494705,726.6349487304688,808900
2023-12-19,727.5554060110026,729.5921861971548,725.1367781001717,729.2396240234375,571000
2023-12-20,724.226117722162,734.2728555339952,714.4437866210938,714.4437866210938,1007600
2023-12-21,728.701131281002,740.2068873437072,728.0940238275188,739.5704345703125,868200
2023-12-22,737.1909438595042,740.1089802763729,733.5384377243228,736.8873901367188,597300
2023-12-26,734.5078355502706,749.8814955417821,734.4099381317599,746.8263549804688,509000
2023-12-27,745.0050194344435,748.5889135715873,742.5863316693126,748.1483154296875,486900
2023-12-28,746.2290517335571,747.2278683780108,742.057593708408,742.0967407226562,468000
2023-12-29,742.2730072256732,744.5447292446304,736.6914800583911,741.18603515625,517900
2024-01-02,714.8256425986783,715.5796558948966,699.2953354472588,702.0175170898438,1368700
2024-01-03,686.0367059689742,691.9511916194995,685.0574928232768,688.7491455078125,952000
2024-01-04,683.4908993736987,694.7616542827346,683.0110944081151,685.7332763671875,752100
2024-01-05,686.1934618046213,695.035726053643,685.0575410065186,688.7198486328125,579200
2024-01-08,697.8362601508205,705.8560180664062,697.1115922317053,705.8560180664062,835300
2024-01-09,695.8975348814282,704.1229509300316,695.8975348814282,701.0678100585938,587000
2024-01-10,701.5768771597751,705.0335285640951,693.3221167681425,702.8694458007812,506400
2024-01-11,705.5132747042277,709.1363753218768,693.899821059156,703.5940551757812,603900
2024-01-12,697.7970424892196,700.6759314336571,694.8692048423907,698.3943481445312,580500
2024-01-16,693.2731049374241,696.5142980565838,687.8972343342235,691.8140869140625,913100
2024-01-17,691.275598551277,698.3454894543481,681.6107686563084,697.4642333984375,835100
2024-01-18,709.616231558089,732.7158977952129,709.616231558089,729.0536499023438,2230400
2024-01-19,732.9410726411205,743.6830126464513,729.2984282625741,742.0771484375,1796100
2024-01-22,750.4690154468484,760.3884498788714,749.6171047497703,750.7431640625,1418600
2024-01-23,750.1262005675195,762.4838653926444,746.6891529447804,762.209716796875,1800700
2024-01-24,809.6722214332428,846.6179765313656,809.3197190211698,829.6971435546875,7754300
2024-01-25,850.9362946447038,864.9194882204238,845.0512135851648,851.0146484375,3449500
2024-01-26,845.5995727544368,855.049004329853,835.4745414261429,849.7122802734375,1614800
2024-01-29,849.5457876099695,865.0564909150904,847.2152554597861,864.2731323242188,1034500
2024-01-30,855.881334389976,859.4848319998164,844.6791323515102,849.9865112304688,895600
2024-01-31,843.3179881852996,865.6244942243532,841.5946231064842,851.7392578125,1251200
2024-02-01,863.9794600569687,875.2012656535612,858.4370794763666,872.028564453125,1040200
2024-02-02,860.9634584179659,874.4863911676706,860.8166122886119,872.1460571289062,896400
2024-02-05,868.7088420443881,884.7175762986973,864.2946709773515,881.4020385742188,950100
2024-02-06,881.6571101159352,888.4843830822194,873.8587290711727,887.6309814453125,1409500
2024-02-07,888.0233535517247,910.0942103378034,887.7977595077524,904.6402587890625,1492200
2024-02-08,900.0887349875092,910.0352881904549,893.5360906492404,905.336669921875,1150800
2024-02-09,918.8244192590556,936.1181652750945,913.9394224616153,931.4881591796875,1588800
2024-02-12,921.7376982404824,928.4276265471782,909.6624911024862,911.487060546875,1033600
2024-02-13,873.8587521457692,898.4212013667454,872.0538800799967,886.0909423828125,1297200
2024-02-14,897.3323171464368,908.0930562474313,895.9786332666965,906.8080444335938,1206400
2024-02-15,911.3596494948371,916.9214886718624,901.8054303503037,912.1051635742188,884300
2024-02-16,914.9398590850263,930.4287319821218,908.0733713043113,911.22216796875,1161300
2024-02-20,901.0794800239361,902.4331640161896,881.3726909577607,892.2217407226562,1044100
2024-02-21,880.3329116504383,891.3388833963455,875.604836521807,890.8876953125,867500
2024-02-22,928.8592890031125,941.1601507209818,923.2484158392631,933.6952514648438,1780800
2024-02-23,934.1171417807626,936.3536240868759,914.9988252930193,915.4500732421875,879000
2024-02-26,923.5524882562863,933.5677135125477,918.3437688512798,929.5165405273438,671300
2024-02-27,934.8234076831019,939.4926296660047,922.4244763433153,923.4152221679688,807500
2024-02-28,921.129501619912,925.5044568007521,917.2646475453732,921.5807495117188,519700
2024-02-29,921.580760726832,934.2837752038704,920.5213429820143,933.5284423828125,777600
2024-03-01,933.4304057008629,972.5399551335452,932.1453938987815,972.0396728515625,1698200
2024-03-04,973.668088374037,988.460483874398,968.9106165086635,979.0043334960938,1433000
2024-03-05,970.8332071975454,973.1187238225999,940.4048348659919,950.3612670898438,1259500
2024-03-06,968.1159231722496,990.3731552289133,962.7502223059479,984.7818603515625,1304500
2024-03-07,996.2980521502037,1036.1923341868473,995.4642881964651,1027.4130859375,1580300
2024-03-08,1019.0653322435691,1020.3699219000928,974.2859957679467,975.3650512695312,1638500
2024-03-11,960.8179157115427,962.3187626334427,939.2375235260869,944.3088989257812,1432100
2024-03-12,948.3601382049362,966.2032013483898,932.3514036197885,965.5165405273438,1165200
2024-03-13,964.4079796258196,964.4079796258196,940.767667368672,950.3023071289062,851100
2024-03-14,950.1160237559129,952.941038180291,932.4298827996984,941.4740600585938,876600
2024-03-15,936.5693945303746,936.5693945303746,914.0178352842269,922.2772827148438,1727400
2024-03-18,931.2527351092463,939.9339739821471,921.8260420938584,923.3857421875,821400
2024-03-19,920.6391618060052,938.344941221614,910.3002132649503,933.754150390625,817600
2024-03-20,937.8348695521048,955.7171493264664,928.8299670160701,952.401611328125,838600
2024-03-21,985.8413902987502,986.4789568850308,969.234304443822,971.892578125,1112400
2024-03-22,955.1383717956808,972.177067588005,954.0201007390413,961.2691650390625,692800
2024-03-25,960.4550474696505,973.3542613226128,957.835989173072,960.2588500976562,860900
2024-03-26,967.9198058183486,970.5192860681193,952.3132850843789,952.7742919921875,706000
2024-03-27,960.11171898222,960.5236915416755,945.6822618420096,955.4326782226562,572100
2024-03-28,951.0577689943107,953.3335268382612,943.30848155078,951.960205078125,685700
2024-04-01,961.0729246625251,1003.154651678862,961.0729246625251,974.0113525390625,1108500
2024-04-02,949.66481112361,955.2659255512438,938.8647958448696,948.2719116210938,964000
2024-04-03,947.4576294302341,967.6548797175818,943.7496972039855,961.5731811523438,892100
2024-04-04,973.0696394004589,977.7878952658755,935.2058860420198,935.2254638671875,1269700
2024-04-05,957.8750674109647,967.7824046308613,948.4777714399127,960.8668823242188,878400
2024-04-08,970.9704472186885,977.1993688228829,961.4358666930092,963.9666748046875,929000
2024-04-09,974.7862644421715,981.1230736164251,950.8712624091008,970.9508666992188,717500
2024-04-10,944.4462534197531,964.7219962633554,944.4462534197531,956.0211791992188,722800
2024-04-11,962.8287847649678,973.265861328813,944.9563254213656,973.2560424804688,964700
2024-04-12,951.3225284394903,953.608104868598,938.2565750143078,943.4947509765625,1031000
2024-04-15,966.6249821778636,969.8620290176742,932.9595633275725,936.608642578125,1077500
2024-04-16,940.0223746683826,959.9450005451795,938.9433788679636,958.2872314453125,1506500
2024-04-17,924.827712008961,924.8473497061952,878.7536030676212,890.299072265625,3774100
2024-04-18,883.9327973694479,886.3654767962081,869.4935828904512,872.0734252929688,1653700
2024-04-19,870.5137580907468,879.1165060395376,839.271260720629,843.1458740234375,2486800
2024-04-22,853.4064700696061,863.2157398405212,846.0103022159075,855.4173583984375,1143900
2024-04-23,862.5290064759363,890.7404735449242,858.3110328032228,884.374267578125,991300
2024-04-24,895.6353161954354,897.5481356718925,865.1480906264301,875.3007202148438,860600
2024-04-25,858.3110177075057,893.6832385109877,854.3873101979857,885.2963256835938,1114200
2024-04-26,896.731247298589,910.6107353473046,896.0234799216721,903.3170776367188,865100
2024-04-29,896.3183316384849,897.6945092780788,885.7318190656996,894.2738037109375,650800
2024-04-30,880.8365188991213,891.7278077604775,856.3803002982448,857.6090087890625,1093000
2024-05-01,856.2722401538207,865.5908067089096,834.6764872105383,838.3134765625,1458200
2024-05-02,860.0960570089717,863.0449577758595,847.6615014437118,855.4564819335938,876800
2024-05-03,879.3523954811038,889.5457575505195,873.5331881700603,886.2724609375,1038000
2024-05-06,893.7134656875862,902.7174155717622,889.6145107508752,901.3019409179688,642000
2024-05-07,909.0772470154475,910.6008336310435,892.1800444951444,892.7501220703125,655000
2024-05-08,889.0345374472757,901.1151783977898,887.9336193783445,895.9447631835938,555700
2024-05-09,899.1197673026026,902.5306333893021,891.9244429403293,897.9794921875,756000
2024-05-10,909.2442801149544,923.0058151653429,909.2442801149544,914.4441528320312,814100
2024-05-13,911.8786925661741,913.1762160252222,898.6872940591561,901.6165161132812,745700
2024-05-14,897.3505505042145,900.7712562834492,890.4501033331667,899.4442749023438,592000
2024-05-15,903.0025718035653,921.4528198242188,895.1388365589751,921.4528198242188,883000
2024-05-16,920.5484587783026,922.8191098112392,903.2875632217471,903.8773193359375,811100
2024-05-17,905.1159494301718,915.112706445208,900.604164757735,909.2149047851562,703700
2024-05-20,910.0110540895946,930.5943217651228,910.0110540895946,923.4383544921875,669300
2024-05-21,905.2535630725665,917.6782794139717,899.7489722861413,909.5098266601562,746400
2024-05-22,915.3486854967424,917.5996582393951,897.9304797473711,906.6199340820312,668600
2024-05-23,951.0989679178357,952.9764079790496,911.6131510729294,918.336669921875,1357200
2024-05-24,922.2785094794139,942.2425643052712,917.8256407390488,939.9325561523438,684900
2024-05-28,956.23018117069,975.9681731738501,948.8087931302911,974.9556884765625,1184000
2024-05-29,945.1717414796002,949.0544724493699,939.657311973359,941.5642700195312,902000
2024-05-30,940.699347902035,952.6424200475965,936.5708748149557,949.6640014648438,846500
2024-05-31,955.2570709282943,963.3075723254068,917.0393126470066,943.9922485351562,1040400
2024-06-03,952.829148855495,955.6993953674257,932.2359805691366,949.0348510742188,752800
2024-06-04,945.8501122136131,947.2951048336685,926.9378376180209,934.6148071289062,765400
2024-06-05,1001.987409041816,1023.8191881761704,991.7154516669195,1023.6028442382812,2586500
2024-06-06,1030.1493230705253,1036.4795723837526,1015.394980132223,1034.6807861328125,1370700
2024-06-07,1022.5312869110392,1025.9618316893736,1009.0351709793166,1010.90283203125,936200
2024-06-10,998.8320193445052,1028.301348373803,996.6498015869223,1023.9664306640625,1039500
2024-06-11,1009.9885678540509,1021.2140921304729,1002.3214386604102,1018.3634643554688,789500
2024-06-12,1041.1094819293212,1058.8716421387815,1037.6494190240796,1050.654052734375,978400
2024-06-13,1035.7816981765986,1042.9278867784503,1021.047033861833,1034.779052734375,1106300
2024-06-14,1004.0613535993521,1013.4388358751089,999.284089047989,1010.3916625976562,1047200
2024-06-17,1026.4042176222897,1036.4207133913421,1015.0805389776185,1034.543212890625,844400
2024-06-18,1024.4481539167716,1051.2046067066956,1024.25160851426,1043.301513671875,1025300
2024-06-20,1040.2050639947497,1045.0413044353427,1027.220109385664,1032.8426513671875,1150300
2024-06-21,1020.496584839176,1021.3025648661943,1005.7815397858218,1018.9434204101562,1626000
2024-06-24,1015.5719706537577,1017.085658108755,984.9426879882812,984.9426879882812,1027000
2024-06-25,988.0390319020636,1006.0568328731268,985.5619959879446,1005.909423828125,621600
2024-06-26,996.728367851679,1006.1648254425936,986.8004268446639,999.2840576171875,885100
2024-06-27,1011.9053312526308,1023.966353638536,1007.187162391592,1010.499755859375,784300
2024-06-28,1010.4899470101229,1030.9455452646716,998.1537247339608,1005.3096923828125,837600
2024-07-01,1017.9113829075771,1020.4277156813303,998.4977273690976,1015.8864135742188,791000
2024-07-02,1009.2810024173859,1030.1395324631842,1008.3864688883212,1030.041259765625,748700
2024-07-03,1040.3623957526306,1056.0014333914958,1037.433173465141,1053.16064453125,779800
2024-07-05,1061.3585999256998,1064.3468579512562,1051.1258800348623,1056.1783447265625,771100
2024-07-08,1064.700840536533,1069.2618222887752,1057.5054541548288,1059.0389404296875,881900
2024-07-09,1061.3093231808461,1063.0983901494374,1041.3059705897706,1041.9154052734375,925400
2024-07-10,1050.978340266766,1081.833686186663,1046.8597664807426,1080.2314453125,925400
2024-07-11,1091.0734659967422,1091.1815779454707,1043.4782904863357,1044.4022216796875,1151400
2024-07-12,1054.487572060129,1081.8730152567096,1048.1376443385727,1066.774658203125,1053800
2024-07-15,1078.7472351055033,1080.015300918806,1042.3087016094526,1045.51318359375,1365600
2024-07-16,1056.2176186350462,1058.704553704146,1042.67230587762,1049.995361328125,1197600
2024-07-17,961.9117832841074,963.2977402402612,912.8813886213057,916.1841430664062,5188400
2024-07-18,937.2589287070559,940.9057574638168,895.4828359225254,908.4088745117188,2242200
2024-07-19,899.6408504608926,904.663857328399,876.4723115285585,880.119140625,2133600
2024-07-22,912.3800326444057,926.5151012078439,906.3053045128371,925.2274169921875,1926800
2024-07-23,919.4475577446852,924.3918499143152,913.3531511377615,916.9213256835938,1056200
2024-07-24,902.5208376821433,904.005127259604,855.9282439009947,857.8843383789062,1912000
2024-07-25,858.1301298420118,871.2723928957336,835.6988173012013,847.936767578125,2075900
2024-07-26,878.6936486399186,880.3155678278279,867.2027645627907,873.2578735351562,1681600
2024-07-29,873.4972937907232,884.3398217118576,855.8006783255017,857.307373046875,1231500
2024-07-30,878.9234511257561,880.3415485099918,842.9786825362994,847.1541748046875,1682100
2024-07-31,911.4411257669117,927.9067543852578,903.0900815844368,922.4510498046875,2406800
2024-08-01,908.99888899068,913.647120603863,858.5482081559995,870.2672119140625,1808500
2024-08-02,811.662471360772,815.9857061170045,783.783118967783,797.038330078125,3624100
2024-08-05,763.2107934205982,826.119063369402,755.7362251387325,807.8709106445312,2815600
2024-08-06,827.5765666210219,846.9276780757231,822.8200830683257,830.186279296875,1995700
2024-08-07,863.6591627028661,865.0280325858926,821.9336957625757,823.6275024414062,1521600
2024-08-08,847.8730437614367,865.2644365421098,836.3412127333495,863.3145751953125,1447700
2024-08-09,842.2203922245918,852.1372166016554,835.6321567687951,847.45947265625,950500
2024-08-12,848.6411330485704,853.7816980059018,839.8469826540355,839.8863525390625,1151200
2024-08-13,847.7056164184646,859.3950467976384,843.2937847982744,856.263427734375,1526600
2024-08-14,874.0881752188725,876.8455701270397,857.2187487308864,866.2000122070312,887700
2024-08-15,886.6933356783733,916.650571630637,882.66552606644,914.1295166015625,1459000
2024-08-16,902.2234545130354,908.4276677333559,899.1411230060479,904.6854248046875,804200
2024-08-19,903.1887303411892,919.5066792234458,895.6157061241215,918.9552001953125,1024600
2024-08-20,921.7419144398631,922.1358537087948,903.3953079685284,912.0910034179688,921300
2024-08-21,919.5164116958272,930.6740788613482,917.4976079018038,929.2559814453125,646500
2024-08-22,928.6552528082956,929.6301834884454,890.8295652993936,893.902099609375,1092600
2024-08-23,899.0230018429115,908.1027806319249,889.3918041528553,893.458984375,1395900
2024-08-26,889.7956001527067,890.8789033482034,869.0264485372403,869.8733520507812,1251500
2024-08-27,866.6136709476142,882.1339435807489,861.177620504797,876.3433837890625,661600
2024-08-28,877.15084692603,883.808024662509,867.0271955500351,874.6199340820312,727300
2024-08-29,892.2772616949721,900.6184496364631,869.5581889867592,874.2064208984375,1173800
2024-08-30,886.3585245779437,893.1338715694726,875.4175431237462,890.1204223632812,991200
2024-09-03,879.0219016414105,879.1499289127954,828.8469921717578,832.5300903320312,1870800
2024-09-04,792.7545168634181,810.2049352653929,787.0722696015689,799.1359252929688,2350900
2024-09-05,783.5859718207129,795.7579371635941,778.4749196592894,783.497314453125,1672000
2024-09-06,780.7400694026529,780.8779541756368,739.4479075764712,741.3386840820312,3286800
2024-09-09,752.4570306363322,752.6540003097009,726.9214782637513,738.4139404296875,2539900
2024-09-10,738.5025253388674,740.5607592150186,723.080767890462,739.9501953125,1524000
2024-09-11,758.316427807574,789.406135981499,747.1882739234724,787.9683837890625,2559100
2024-09-12,789.199336486616,796.3882774732324,781.6459686110263,787.9978637695312,1318700
2024-09-13,791.8878528915341,806.1672812562695,791.6416558507628,803.941650390625,1069200
2024-09-16,796.6543305826897,796.9201825397076,780.0901848754692,790.8243408203125,1150100
2024-09-17,796.3981206201148,799.4214271941129,784.4230640834515,793.4338989257812,734600
2024-09-18,787.9191847352641,798.5745397238317,774.4078599356596,775.8555297851562,1249000
2024-09-19,820.0035379949389,826.8774002044912,809.712489731247,815.5621337890625,1644300
2024-09-20,797.2451170090675,797.8655383713246,777.6478081742467,783.182373046875,2748600
2024-09-23,795.3247476071675,795.3247476071675,785.870805359788,791.2772827148438,965600
2024-09-24,797.2352344242247,804.0795240847425,788.815307767151,801.6175537109375,881200
2024-09-25,803.9317686399503,814.6266134495189,801.6175405691924,805.7339477539062,878200
2024-09-26,847.242770928522,848.8873502412258,826.926587424538,839.4727783203125,1566400
2024-09-27,839.4827204769589,841.1568724529882,825.4494885038314,828.7386474609375,1038400
2024-09-30,823.824557106715,829.3492044859101,807.2308999709752,820.5747680664062,994700
2024-10-01,826.9069730123535,828.4728127435994,799.5495872629626,809.840576171875,1244100
2024-10-02,808.3141319129047,826.5032009832838,804.079554729911,819.5308837890625,898400
2024-10-03,813.3463744269206,824.769953310542,811.2586283063571,819.7474975585938,651900
2024-10-04,823.3320829089181,826.57207424165,813.3956045922952,820.3284912109375,862500
2024-10-07,799.3721472938953,810.4805856298036,798.6729862290116,804.8180541992188,898200
2024-10-08,809.9882598071957,818.1915619917145,807.5952317964963,811.7214965820312,1265900
2024-10-09,817.2067354323424,833.2489121309817,813.7993469279899,833.0322875976562,1004900
2024-10-10,812.450291881505,822.9185956024054,809.0035330674623,821.2838134765625,876300
2024-10-11,817.2954229613509,832.1460461533491,815.8083831316258,827.901611328125,964700
2024-10-14,839.5517134458297,859.9663550067481,839.207001488016,859.0012817382812,1769200
2024-10-15,854.0279332924986,860.3601738626268,706.5854833123248,719.3187866210938,9350700
2024-10-16,700.154823998984,706.5658046725772,666.967510393905,673.1224365234375,10296200
2024-10-17,682.1037509168107,693.1727612786029,666.819817975193,689.942626953125,7209100
2024-10-18,706.7529419970898,715.4092688821853,702.3312525252592,712.2579345703125,4537800
2024-10-21,712.9866710701555,713.823717014228,698.0080206099509,703.2372436523438,2184800
2024-10-22,712.001837209832,713.0949376380319,706.7233871161525,709.943603515625,2067000
2024-10-23,703.1879071270184,705.413537775215,689.4501015728464,697.8405151367188,1681400
2024-10-24,709.0376013049078,709.0474588033517,695.7035915652671,699.9972534179688,1854700
2024-10-25,705.0984990686238,712.2480710721236,700.4108975838664,700.873779296875,1380100
2024-10-28,697.6141236749598,700.6768005348941,693.2810315755632,697.8701782226562,1182800
2024-10-29,698.5916860273783,706.6857042151282,694.594048703333,705.8960571289062,1445500
2024-10-30,684.5850514881736,686.6283015719068,673.7963416180659,674.99072265625,3085200
2024-10-31,674.1518033459917,674.1715641054286,658.5955069565213,663.8566284179688,2398300
2024-11-01,669.7789913923474,673.9345942533198,664.7548189147398,666.0083618164062,1801700
2024-11-04,667.3112414559201,669.6604819583948,662.148864675491,662.4844360351562,1232500
2024-11-05,664.8042450267014,676.659013863438,664.7647235075987,667.7161254882812,1282000
2024-11-06,659.9082717041184,664.3402240631577,646.3064241149079,652.8803100585938,3208600
2024-11-07,665.3963945232189,671.0523691267981,661.1519886605122,668.4563598632812,1758300
2024-11-08,661.3394622247005,662.5634241273355,653.3343079693981,660.8162841796875,1726800
2024-11-11,663.0867051127971,663.3038324696539,653.3837510454881,662.6326293945312,1520100
2024-11-12,663.9455103394157,667.7950630266229,654.262316218303,660.5302124023438,1711000
2024-11-13,656.0290257372187,664.9719125224678,648.2904003923616,664.7053833007812,2453700
2024-11-14,696.5582975828129,702.796611816119,682.5912381445861,684.0027465820312,3925300
2024-11-15,669.5914657363386,671.0918374089839,649.020878495279,650.1165161132812,3063200
2024-11-18,642.6542840872909,660.2143090684416,639.6239596415419,656.6312255859375,2010600
2024-11-19,654.2523325929553,662.7312636945088,645.0231554383981,653.600830078125,1640700
2024-11-20,648.0436631013913,649.9684090290743,637.1068673087932,649.9190673828125,1677800
2024-11-21,645.4673395511991,664.3599482142919,640.6307136508779,663.4715576171875,2859000
2024-11-22,659.1680201438805,666.0775383010412,657.6084263194663,664.182373046875,1275600
2024-11-25,676.1456756857015,677.8335938786051,669.236157831979,675.6224975585938,1511300
2024-11-26,670.8056165920756,673.0363531268997,658.2105432680061,663.2840576171875,1424100
2024-11-27,661.1026291626333,663.994748478721,651.0838049146018,661.8132934570312,1231800
2024-11-29,670.0949805235441,690.6064089665767,669.7692292059401,677.7349243164062,1706500
2024-12-02,672.9376886464843,704.4549537286102,671.9012730124433,702.2734985351562,2325900
2024-12-03,693.5674774791275,712.006010104632,691.5636886088198,708.7782592773438,1647200
2024-12-04,714.434167797756,715.5693268358061,707.6628555738622,710.6141967773438,1529800
2024-12-05,719.7249169845712,719.793959136945,698.8482810990206,702.3030395507812,1801100
2024-12-06,702.5400075852306,707.9393334508998,697.940269460037,699.815673828125,1215400
2024-12-09,704.0304390501973,713.8617165018044,696.5287017231193,697.387451171875,1267500
2024-12-10,707.35695212,709.0152291801178,691.5144267590643,696.1536865234375,1214700
2024-12-11,702.6880444433169,708.71905143867,697.3578213507263,705.1951904296875,1217600
2024-12-12,704.1193946562163,710.5748369366356,701.4444024238255,703.8824462890625,868700
2024-12-13,709.29150390625,715.6087400414176,706.9619639648199,709.29150390625,1455700
2024-12-16,710.7425204720585,721.5509912826474,704.109413054507,713.0424194335938,1542800
2024-12-17,730.4347128722587,735.4885266064887,723.2093244288958,725.6868896484375,1753300
2024-12-18,738.8346608519186,747.4024546838488,706.2315825028035,710.1897583007812,2257000
2024-12-19,708.4722752623121,711.512479672606,699.6182515032327,701.0791015625,1620800
2024-12-20,691.0998013445513,711.0880474192966,687.2798302477411,696.5582885742188,2701800
2024-12-23,697.9599143076766,712.716680817634,697.9402137975588,711.7197265625,1232600
2024-12-24,707.1298898251204,710.8906389963165,705.7578426369873,710.406982421875,586800
2024-12-26,704.9780537076653,711.1867266906252,701.9180885485026,706.606689453125,734000
2024-12-27,708.2156409188473,708.2255212972136,699.4307193807957,704.3660888671875,942300
2024-12-30,690.9517608793201,693.72543625243,685.4932130501915,687.1515502929688,1202600
2024-12-31,692.3237977633323,693.8932115731145,678.544224021021,684.1212158203125,965000
2025-01-02,696.2226573883618,702.7570810945194,687.3389932293459,691.3662109375,1115100
2025-01-03,694.0708588739712,708.2946275489314,693.4983993877096,705.1260986328125,1062900
2025-01-06,741.3517799348684,770.9936404295058,739.9600321334192,758.5762329101562,2761100
2025-01-07,764.9822863666858,768.3284814074319,743.7503167534244,747.7874755859375,1490200
2025-01-08,743.2666460640125,743.5923973196725,727.4734636775262,734.3632202148438,1185400
2025-01-10,741.2925263917726,741.5886365235124,725.89419707919,729.45751953125,1515800
2025-01-13,711.8777555247,719.5769204015646,708.3144329705544,718.0074462890625,1321800
2025-01-14,728.0064253197692,729.960872509329,718.648984504676,726.7725830078125,1022600
2025-01-15,729.9017312343993,734.8469211609752,715.8161665640847,716.9118041992188,1864400
2025-01-16,748.9916769588008,761.586749792373,738.7853663841548,740.5818481445312,2407600
2025-01-17,757.9839227501669,759.2572866903312,741.7860659032477,746.5536499023438,1933600
2025-01-21,753.1373901367188,757.8062304324358,745.7244554646558,753.1373901367188,1332000
2025-01-22,767.6967124555706,774.6753320374922,755.9900306630077,756.7994384765625,1699900
2025-01-23,730.444603743004,738.0845464804183,726.4864275621369,736.5940551757812,1751100
2025-01-24,739.6736707590411,740.3054125034674,719.87297106913,722.7848510742188,1505700
2025-01-27,664.0934165330704,681.6731999921091,663.2544278303998,681.2290649414062,4947800
2025-01-28,670.025793295985,684.4864509364673,657.9834789114273,674.5169677734375,2811900
2025-01-29,717.7605616936131,719.043805837359,695.4921790577549,703.4381713867188,4971500
2025-01-30,730.5334085818873,735.952495191159,721.1365055159151,727.463623046875,2745600
2025-01-31,738.4202005762978,744.8460015824952,728.2335898680511,729.753662109375,2125700
2025-02-03,709.834565392202,725.9436210949635,708.6401841047525,721.6103515625,1647200
2025-02-04,727.3747747477348,733.0899108909073,719.8532765141716,721.9556884765625,1497000
2025-02-05,719.8137386377541,733.6031919166238,713.0621871112241,732.9912109375,1249700
2025-02-06,728.1545389256562,732.813498759329,725.5091881350812,729.575927734375,1120200
2025-02-07,729.4969660270006,732.7247170131276,714.3947471519933,718.293701171875,1312400
2025-02-10,727.1970653005328,735.9228252121848,726.3679569503125,734.4619750976562,985700
2025-02-11,736.59855538758,745.322963249621,735.8171398785845,744.8184814453125,1096700
2025-02-12,730.34707980227,748.5872130452354,725.6090198303558,747.9739379882812,1077800
2025-02-13,746.5891076750879,768.5682373046875,744.5909830274518,768.5682373046875,1674100
2025-02-14,769.7849637899259,769.9234608410619,740.5651650541149,743.404052734375,2047300
2025-02-18,749.2301213556736,750.703961607735,730.5943012751796,736.1533813476562,1715400
2025-02-19,735.8963113394342,744.7097101478919,733.6508963300552,736.7271728515625,1457900
2025-02-20,743.2061867764663,747.3211308637862,732.3946629300361,735.0357666015625,1185900
2025-02-21,736.084201319041,737.6272901039688,725.2528760144522,729.2194213867188,1472300
2025-02-24,738.0427838103285,742.7412990826766,726.7366795682264,727.9830322265625,1471200
2025-02-25,724.253834804025,730.9702166286079,718.3386710185266,722.2755126953125,1691200
2025-02-26,735.757769077712,745.5999334611047,730.9009545815035,738.8340454101562,1401400
2025-02-27,735.3621757962436,736.7272230327491,689.3562803888183,690.1377563476562,2342800
2025-02-28,699.1588344674338,705.7664231676048,689.9497473242974,701.3943481445312,1773400
2025-03-03,714.223779819689,724.4121273551232,684.9742780435668,692.2742919921875,2284100
2025-03-04,690.7015957402751,713.481946297063,685.1820594571616,700.543701171875,2044700
2025-03-05,723.6900489124022,732.5232504097019,711.5035767512129,731.73193359375,1754300
2025-03-06,711.058404083494,723.2448755918438,703.2935139091828,707.0919189453125,1427900
2025-03-07,718.289194477549,726.0442440299375,707.7447637648778,724.2835083007812,1426400
2025-03-10,690.4146309695719,691.423594590243,668.6728897610934,675.705810546875,2321500
2025-03-11,691.2455441337344,694.3910690821806,673.8758782109531,682.7288818359375,1616800
2025-03-12,696.5079502644744,700.622834105438,689.1881335670536,695.7462768554688,1306300
2025-03-13,690.2762361054972,697.6553395665517,680.8000554851309,687.0614624023438,1399500
2025-03-14,700.0095417720398,712.2257179610995,697.7146807038421,706.2610473632812,1367500
2025-03-17,710.2670748770383,726.5882320871268,709.4362134101037,722.4140014648438,1423300
2025-03-18,721.9887006004103,726.2321799235583,712.1860804319264,723.185546875,1007300
2025-03-19,721.2071532484334,738.6559675610312,717.201063322989,726.9442749023438,1080500
2025-03-20,717.1517412843543,727.4291402122748,716.3801666012854,726.1036376953125,1282400
2025-03-21,704.0749935630662,713.5412730179576,703.5013235647857,708.4569702148438,1967200
2025-03-24,720.1389317796869,724.0164261026079,718.4672472283852,719.9509887695312,1104400
2025-03-25,724.1252592398869,727.033395235774,717.5572151660518,718.8629150390625,1244300
2025-03-26,708.140397751077,712.1860325101411,694.6284244204231,698.1102905273438,1266500
2025-03-27,690.9191400467884,694.8658832500868,681.5320106913817,683.1443481445312,1285500
2025-03-28,677.7039480584541,679.9889077804154,664.7657039890306,667.268310546875,1393000
2025-03-31,653.103507998564,657.9503610935503,645.8034943573891,655.4478149414062,1685000
2025-04-01,657.366815888458,663.3710311602354,649.2358800491285,660.1068115234375,1212600
2025-04-02,657.1887476103661,669.0586806277933,653.6673365634734,661.7586669921875,1119000
2025-04-03,642.4897256897599,643.9140594655398,616.0692156034806,616.46484375,2877100
2025-04-04,615.2087779399056,619.5907545085353,591.2117192249166,598.9865112304688,4017000
2025-04-07,580.1429657590053,645.7737784008865,572.2395784939484,609.1649780273438,4179100
2025-04-08,625.1695856877113,630.9858574873863,576.5720985065249,588.9168090820312,2585200
2025-04-09,611.3213486774212,684.7863008782979,600.292178509502,679.8108520507812,3866700
2025-04-10,649.057824192936,654.4883089898179,620.8271880416352,642.5095825195312,2989900
2025-04-11,648.9489279170405,664.7161558136349,644.3295632031202,661.5607299804688,2163600
2025-04-14,669.108217091937,672.6593324309252,655.5467950510963,665.576904296875,1574000
2025-04-15,672.0162515786062,680.0779384366955,669.3554058892737,675.7552490234375,2105600
2025-04-16,639.987153903321,646.0507155391241,617.404591830843,628.0479736328125,4028300
2025-04-17,637.3758634117954,640.6400831284252,630.0264033203442,633.2213745117188,1439900
2025-04-21,625.149771063206,626.791751808894,607.4042197671325,617.9190063476562,1555100
2025-04-22,631.8859674452387,638.6122505052996,624.1606220656772,631.7672729492188,1967000
2025-04-23,657.0502650240104,659.2659762428998,647.6927792215764,650.8482055664062,1849700
2025-04-24,659.3056108867019,670.9677991212794,655.378609723366,667.6837768554688,1770700
2025-04-25,659.6715427024978,674.3605604641581,657.3865830423817,669.9291381835938,1280900
2025-04-28,666.9434915919164,669.1958604727745,655.9397563554638,667.5289306640625,1007600
2025-04-29,660.4345517998129,668.3922118726996,657.844860323125,660.9306640625,1104000
2025-04-30,652.4769504247936,664.2943178416095,646.3946092567672,662.8853759765625,1042100
2025-05-01,669.9003944888156,669.9003944888156,657.3090631785044,661.535888671875,1066300
2025-05-02,680.9835114594849,689.5960126669629,680.269078343352,684.9623413085938,1215500
2025-05-05,679.6737714772105,685.0516112230323,677.4214025193542,678.0465087890625,903700
2025-05-06,671.0513190252158,681.0330946243557,670.2476196387455,674.7026977539062,765100
2025-05-07,680.4477669888859,696.5019526107973,678.1457988129081,694.9441528320312,1041400
2025-05-08,705.5905976293526,711.2363567849262,700.2127584362811,702.524658203125,1040500
2025-05-09,703.6954842169295,704.985363816917,698.4267751076137,700.7188110351562,884000
2025-05-12,724.740591892713,744.6843403917577,723.7087002293858,744.3668212890625,2571500
2025-05-13,739.4651882081298,758.9226947410675,738.7507551272089,757.9602661132812,1815600
2025-05-14,759.0517034652263,767.6840682834162,758.3273989968588,762.9312744140625,1156100
2025-05-15,757.7320272676933,761.0361516365834,749.3378471961538,752.4633178710938,1511000
2025-05-16,747.0260043830644,747.5915796289452,736.4389856702348,742.2831420898438,1095100
2025-05-19,733.978180595587,744.1683451816585,731.5373471821591,743.3051147460938,977900
2025-05-20,739.8323816903862,743.1563096440881,735.5360325153787,742.9380493164062,777200
2025-05-21,743.1860749600608,749.9133255109009,729.771180475597,731.4381103515625,1058700
2025-05-22,730.5947258236785,741.4000647892782,728.4416156901525,734.940673828125,863500
2025-05-23,718.9658893791359,730.2673416116361,716.902105905339,726.7945556640625,1525200
2025-05-27,745.5277386294147,755.2912546298987,744.1187967568608,750.9055786132812,1385100
2025-05-28,746.2917340316775,750.5086880666481,739.0187116449903,740.7055053710938,1244000
2025-05-29,751.9375148145998,753.644111896922,739.048528163199,741.2611694335938,1166000
2025-05-30,739.2171181880728,740.1597434907128,717.3782492105203,731.0411987304688,1785400
2025-06-02,727.5882393131762,741.1420591055777,726.9631330698353,740.725341796875,812600
2025-06-03,726.9631163424854,742.7295768985026,726.5067318684085,741.439697265625,1085100
2025-06-04,745.3391657646558,746.9168293094169,734.6528889056347,737.0045166015625,1160000
2025-06-05,748.2662659926427,750.5781660313999,738.2150269767291,741.94580078125,1506500
2025-06-06,750.181196407484,756.1742101331923,746.9465350920146,747.1648559570312,1345100
2025-06-09,751.173399564762,776.1179354396919,751.173399564762,764.2112426757812,1769400
2025-06-10,773.0519733259216,782.1605864698386,770.4523501231306,778.8663940429688,1715500
2025-06-11,783.9069050237252,791.0509330884735,774.6196988198394,777.9932861328125,1365900
2025-06-12,779.3328305320848,783.4307226504247,776.2569587398924,780.0968627929688,999600
2025-06-13,760.9269798858172,766.9199934224849,753.9615452620501,755.082763671875,1742900
2025-06-16,760.4109939223738,773.1313177523936,760.0240118792977,769.2020874023438,1454500
2025-06-17,760.8178969913278,767.19789297237,752.3145261411619,753.95166015625,1422800
2025-06-18,758.7838966335667,762.0284904449259,748.3754703014276,755.7179565429688,1372500
2025-06-20,762.3954864375983,763.0305246123363,730.5252423398877,750.6475830078125,2303900
2025-06-23,755.3408017972351,774.6792468249538,753.9020642187145,773.6572265625,1302800
2025-06-24,779.9975879152422,807.1349643528487,779.9975879152422,807.0357055664062,2039600
2025-06-25,810.3993306414396,813.1676150930634,799.9511779707053,808.9010620117188,1400100
2025-06-26,793.5413972079722,794.652683693051,780.3844919514952,791.8843994140625,1705800
2025-06-27,796.6967480121452,799.2269083926864,782.3194245965059,789.7611083984375,1201000
2025-06-30,790.286896564243,796.2005759833454,787.8658665266853,795.1587524414062,1080400
2025-07-01,781.9224422584158,789.3145263013221,776.455276013199,784.3236083984375,1065800
2025-07-02,770.2043839223593,794.2757614738326,766.850660059672,793.3728637695312,1383000
2025-07-03,780.8508474718219,792.32102026849,780.4936612038455,788.3223266601562,910700
2025-07-07,779.3526528764896,787.3201838675226,777.7055263447587,778.9855346679688,1363700
2025-07-08,776.5743648579542,792.1820967073372,772.6749300193111,787.9254150390625,1327800
2025-07-09,786.7447245703969,794.6726494272644,786.3081433552538,793.6109619140625,1334300
2025-07-10,802.6401138160854,804.7932239068926,791.7951078888368,795.8533325195312,1498900
2025-07-11,790.8723835786598,796.944792628485,790.3266722198488,795.694580078125,932400
2025-07-14,791.4180641145248,806.4502888160928,783.7283245964145,800.4572143554688,1456900
2025-07-15,816.5808777310459,820.133058302743,807.879110280608,816.62060546875,2099600
2025-07-16,748.4944133881985,754.9835999790547,724.9191510241282,748.583740234375,10789600
2025-07-17,741.0130414244577,750.965020769034,736.2305124991755,739.1178588867188,4078500
2025-07-18,746.2322147867064,746.2421467213438,728.6202300091854,728.8682861328125,2567200
2025-07-21,725.3160328301433,727.201283405093,713.7268591624514,714.0840454101562,2650300
2025-07-22,712.7247017273243,713.4688700225064,695.7378249541447,699.9944458007812,3425100
2025-07-23,709.6488717624876,714.3718092807675,702.6239056888735,711.35546875,3379400
2025-07-24,717.3882267431204,720.9800744946886,712.774358714104,719.442138671875,2037100
2025-07-25,703.6260863968379,707.6049162746,701.1057974441294,705.7196655273438,2312100
2025-07-28,729.4338157943392,729.691743275914,722.8255671598076,724.3139038085938,2253900
2025-07-29,718.9294247326433,723.0973935816384,711.9364243384874,714.7117309570312,2292900
2025-07-30,713.1201099992725,720.2126203738521,711.7374050114223,717.6561279296875,1407000
2025-07-31,702.6852911281102,703.8192500875333,687.5751680832676,691.0567626953125,2892200
2025-08-01,686.3715510452078,689.7835066871638,679.8858178299772,686.1925048828125,1627100
2025-08-04,691.9221604880988,695.7718044065165,689.2562611281992,695.6822509765625,1025600
2025-08-05,691.0666169672794,691.9718655111564,680.6417480217498,686.00341796875,1261200
2025-08-06,684.0339464877637,688.7887787978997,681.8355461414992,687.3265380859375,1218700
2025-08-07,710.2652255668406,713.1300854611995,702.9041154216311,709.3699340820312,1723800
2025-08-08,708.6636250955381,719.6953328622245,706.7139709983563,718.5215454101562,1042900
2025-08-11,720.192702232529,728.0113542903326,715.7362806306809,717.516845703125,1179700
2025-08-12,721.7147168929212,739.4409542252636,719.6754485651294,737.88916015625,1461800
2025-08-13,746.6827159491323,752.2234326399786,743.6089384158755,751.5967407226562,2011900
2025-08-14,743.3502953348344,753.0191514657981,740.644567472852,751.2385864257812,1577400
2025-08-15,734.6164755781649,743.2210124078517,732.7861248083158,738.2572021484375,1635100
2025-08-18,735.7803296581639,744.0665422421993,735.5515585723804,743.618896484375,1086400
2025-08-19,747.5878764128677,751.7160772131951,737.8096128646732,739.6995849609375,1121300
2025-08-20,746.8517536901128,749.4778852857579,734.2981233783457,745.5486450195312,1368400
2025-08-21,735.4719125675261,737.6006735196901,728.2600381467336,731.5327758789062,952700
2025-08-22,737.7797334185819,757.5651528042047,736.4766247206226,750.9202880859375,1456000
2025-08-25,750.7809457763092,754.2724972191976,748.1349608101738,750.4924926757812,731100
2025-08-26,754.7799484095973,759.4850557837487,751.9349418744811,759.1866455078125,860100
2025-08-27,756.0033926034903,766.5277726215492,753.804992459995,765.9508056640625,1140700
2025-08-28,765.9508380241994,769.1041510976495,756.8688446590627,759.4452514648438,985400
2025-08-29,749.0402023130272,749.6370228100703,735.8996478230431,738.7147827148438,1317800
2025-09-02,713.4384401682114,723.3758961877257,712.4337417261006,722.032958984375,1867400
2025-09-03,728.3694659632006,734.4175102367324,725.7234807452637,732.9453125,1330300
2025-09-04,733.1740886228896,752.9197405458762,731.562612517756,749.4679565429688,1532700
2025-09-05,770.8051514113896,778.9818958395513,762.2105719186685,777.5892944335938,1887300
2025-09-08,785.4975365080395,794.4999336422378,782.6127622882836,792.0628051757812,1284500
2025-09-09,791.018283436309,801.6023452996695,788.949204559713,800.8960571289062,1324100
2025-09-10,802.5772317721636,805.3425811829995,786.8603304189487,788.9691772460938,1634300
2025-09-11,795.4846877907936,804.8949625253009,794.3109003201192,799.93115234375,1297800
2025-09-12,804.26824628101,811.4900777522547,802.0598890484076,809.590087890625,1019700
2025-09-15,830.5393640317703,864.1516514183313,829.534665583078,862.7391357421875,2702300
2025-09-16,875.3126854247781,876.8247116698689,863.0077400709183,873.8006591796875,1832400
2025-09-17,863.6642505797543,873.0148434222401,856.6513363049863,867.6830444335938,1553300
2025-09-18,923.7863795404029,933.7437495972807,911.2128957400749,922.9209594726562,3176100
2025-09-19,921.200124568274,933.71398768724,921.0011641564529,927.2481689453125,2410200
2025-09-22,955.8667715228939,959.4677300908647,948.5753616719096,952.76318359375,1885000
2025-09-23,959.3384680813189,972.3397446684373,950.9727201341327,958.4432373046875,1664800
2025-09-24,944.7257375998137,948.5853389432414,936.0018971368107,941.9603881835938,1400700
2025-09-25,933.2663505418556,947.650271664786,932.1920128794735,944.556640625,1272600
2025-09-26,941.2639722882104,950.1967294896816,937.7923349603046,946.5162353515625,955200
2025-09-29,958.6620180016125,966.9581871957705,957.3091843988358,957.5479125976562,1213800
2025-09-30,962.9493598707529,970.5094302866358,958.0055246823517,962.9991455078125,1303600
2025-10-01,960.5322073675213,1000.0731771400717,959.7463835360702,997.9942016601562,1963800
2025-10-02,1033.5362074843292,1034.7597198509816,1016.5161984656899,1024.752685546875,1689100
2025-10-03,1025.5781929070974,1034.3816283762515,1020.0672877176179,1026.791748046875,1352300
2025-10-06,1034.9685317900507,1053.4309877456997,1034.6303537637132,1037.8135986328125,1385400
2025-10-07,1037.346070895958,1039.3554678371459,995.7360842369202,997.0292358398438,1667800
2025-10-08,972.8072826706141,986.3755687998695,972.2800406300264,982.6154174804688,1947000
2025-10-09,980.1683091496377,982.336898597701,966.4011236491583,975.3836059570312,1496000
2025-10-10,965.5854833078719,971.066517859779,930.4909793425905,931.2669067382812,2933900
2025-10-13,966.6199962111515,979.999279561377,961.8850176532254,979.4819946289062,2223900
2025-10-14,962.3724611868238,988.2555890982037,960.9201169996737,978.009765625,2422100
2025-10-15,1024.7129072894331,1027.5678100944185,988.3152947365096,1004.499755859375,2900300
2025-10-16,1031.715901982806,1043.8616546829985,1005.7829276849442,1014.2283325195312,1938400
2025-10-17,1015.2230744692856,1027.3390165086362,1009.6624437544623,1023.857421875,1663700
2025-10-20,1026.3243438523195,1046.6370050625044,1026.0657013981395,1036.669677734375,1271700
2025-10-21,1030.8603673229106,1032.024136876048,1018.7642796730986,1019.6296997070312,1072200
2025-10-22,1021.0521833235019,1027.7468944330456,992.4235595936651,1006.25048828125,1328600
2025-10-23,999.2375250346631,1035.0282966821671,999.2176107806217,1030.9598388671875,1318200
2025-10-24,1032.471914631551,1037.913120524609,1026.7521520252888,1027.667236328125,1032700
2025-10-27,1044.4883419823477,1055.1519397782447,1043.84173583938,1054.4058837890625,1265600
2025-10-28,1051.2425403794327,1055.062312557142,1046.1991345356148,1046.9451904296875,856900
2025-10-29,1066.9193298224743,1073.9944992993178,1061.1195957936768,1067.0986328125,1530000
2025-10-30,1068.9322849907144,1082.315294646034,1066.8694491117226,1071.6925048828125,1283100
2025-10-31,1067.9358726873206,1069.5302583602927,1047.7266967207738,1055.529296875,1179400
2025-11-03,1059.306000933798,1069.6497397722576,1059.2760765543894,1063.0926513671875,868100
2025-11-04,1046.2816177774732,1059.5451734570925,1025.2354120664297,1026.5408935546875,1735100
2025-11-05,1027.4974446317535,1046.96921330609,1027.1985657795317,1040.103271484375,1169400
2025-11-06,1036.2468656493704,1037.891125197865,1022.8537591502354,1025.6041259765625,1073000
2025-11-07,1027.4974721951867,1031.7824973196452,993.3372728257399,1013.4069213867188,1841900
2025-11-10,1033.1476826801509,1039.1466690621185,1017.5025242321104,1035.16064453125,992900
2025-11-11,1028.1651471098974,1033.3569051105562,1014.2240361112204,1018.8477783203125,1026000
2025-11-12,1026.5609384065356,1035.0710192779943,1021.6481089470578,1033.705810546875,961900
2025-11-13,1037.3529328565705,1038.2198883459141,1005.9829385512718,1016.2967529296875,1406300
2025-11-14,985.8435697067855,1014.5130724917759,977.5725804261757,1003.4617919921875,1307800
2025-11-17,1001.2096360360291,1021.418810077742,1000.7612569232782,1016.436279296875,1691500
2025-11-18,1007.547494864725,1014.1642497367432,990.5171773286714,1000.552001953125,1414000
2025-11-19,1002.2560461225027,1041.0798882017332,1001.488716896297,1035.69873046875,1587800
2025-11-20,1038.5885791136777,1047.2780834958087,973.5865027963351,977.6123657226562,2055100
2025-11-21,959.9842116122073,975.121143036565,942.804454667404,963.1929931640625,2481800
2025-11-24,974.2043384743301,991.6631457028512,974.1744749171926,984.3687133789062,1628100
2025-11-25,990.3577579414194,1003.3621514791113,970.3379219418731,999.7149047851562,1193000
2025-11-26,1037.0341289451346,1051.3140186964108,1033.6759079881322,1037.3330078125,1572400
2025-11-28,1036.7650127666318,1056.575559702881,1031.8222595926163,1056.2965087890625,939700
2025-12-01,1052.3404229489468,1087.4872144617277,1050.7858149597544,1084.188720703125,2103100
2025-12-02,1085.803061074047,1109.320582092557,1084.8763784669172,1104.9061279296875,1426000
2025-12-03,1106.3609757541626,1137.7309698225404,1101.7571222172783,1136.933837890625,2059500
2025-12-04,1118.6081130309876,1125.5936310942916,1098.3192617744064,1106.2015380859375,1511800
2025-12-05,1118.010149915382,1125.4340717534508,1094.422806575865,1095.6285400390625,1054400
2025-12-08,1114.9109985846499,1130.2174406631016,1110.137816666853,1115.7779541015625,1118800
2025-12-09,1104.029213560164,1111.8417878973798,1101.7471754976311,1107.5567626953125,904700
2025-12-10,1105.524037791268,1120.0331052702206,1095.040772770634,1115.4093017578125,1093600
2025-12-11,1110.8552910563415,1123.8098717100597,1091.6426222461553,1118.9169921875,1403600
2025-12-12,1105.5140570960477,1110.66603807828,1073.4264836198781,1077.07373046875,1623000
2025-12-15,1085.5439707422804,1093.8747477168713,1075.8180608024916,1084.019287109375,1283400
2025-12-16,1077.7513617659674,1084.258576338321,1062.21574278265,1072.29052734375,956300
2025-12-17,1057.0638801520079,1061.3986577067783,1006.4812167174624,1011.8822631835938,2140900
2025-12-18,1044.3086284479293,1048.1353000418562,1031.533471811595,1032.689453125,1645400
2025-12-19,1038.9175104784988,1058.9672093574131,1038.9175104784988,1052.3304443359375,2319600
2025-12-22,1062.2756148094766,1063.4315960678514,1046.3315155252817,1053.287109375,703700
2025-12-23,1054.2437283796976,1061.029994103644,1052.0015893923924,1058.130126953125,543600
2025-12-24,1056.1170832295627,1063.0727982639987,1053.7453937518271,1061.7972412109375,229800
2025-12-26,1062.5246632668668,1072.3302495456803,1059.3656950365882,1069.001953125,363800
2025-12-29,1060.860552135792,1069.8989317078583,1057.3628055581064,1062.275634765625,424300
2025-12-30,1080.7906436988237,1082.2655750462116,1066.680203580531,1068.3941650390625,807300
2025-12-31,1076.4558343702645,1076.7648096702223,1065.185412907116,1066.1220703125,561300
2026-01-02,1129.7988543252966,1168.672570068307,1129.5198034008843,1159.7139892578125,2697900
2026-01-05,1206.9881239029075,1233.5350617663887,1206.9881239029075,1223.8988037109375,3290600
2026-01-06,1218.5476553982805,1242.0253998099452,1218.1491502341771,1237.8499755859375,1895800
2026-01-07,1223.1614007296037,1231.4424250597378,1217.7304909781028,1224.1778564453125,1351200
2026-01-08,1213.007132001847,1220.2617262441995,1171.8912769580213,1190.147216796875,1682300
2026-01-09,1228.542642761132,1277.5209467569025,1216.7240938415912,1269.4293212890625,2394500
2026-01-12,1251.6715583915086,1279.0754771932125,1250.8643300304996,1276.7535400390625,1488600
2026-01-13,1277.8398405215012,1286.9678718285218,1263.6895004340738,1265.722412109375,1374200
2026-01-14,1262.692955042844,1268.8214926169512,1245.2540962146347,1259.3048095703125,1536500
2026-01-15,1348.910667414011,1353.2554198495534,1325.353246244408,1326.9476318359375,2858400
2026-01-16,1350.9733711448657,1370.564716947318,1333.5644371585122,1353.8233642578125,2469100
2026-01-20,1314.5112203913432,1346.5389434455751,1306.7285704212084,1321.4368896484375,2970800
2026-01-21,1327.3461890598667,1366.2099288296376,1318.048830491334,1355.3380126953125,2387200
2026-01-22,1388.7808396403186,1393.912870713139,1368.4820139475407,1390.1260986328125,1844200
2026-01-23,1371.5113603986247,1388.491864981784,1358.507027467922,1384.18701171875,1556300
2026-01-26,1381.028016899876,1414.988903773872,1380.3205364370285,1408.4119873046875,2001300
2026-01-27,1412.677103958813,1468.4415525684983,1412.0493001804884,1449.5079345703125,3473900
2026-01-28,1487.783717255887,1488.2620207562265,1403.1305664620502,1417.9486083984375,5036800
2026-01-29,1454.2214281667987,1462.3629279143697,1394.2018769789643,1450.0760498046875,2818900
2026-01-30,1435.0088248591312,1461.3066380319676,1411.0627517172425,1418.0283203125,2358800
2026-02-02,1392.3582333686245,1448.0829006711476,1390.5246961259643,1436.35400390625,1766600
2026-02-03,1431.0227740170574,1440.7586588611439,1367.1168278116565,1391.0030517578125,2205100
2026-02-04,1390.883442442061,1401.1872820378842,1311.4619504428626,1334.4512939453125,2479400
2026-02-05,1324.4762211458667,1364.0773649758921,1314.9197614302143,1345.4427490234375,1790200
2026-02-06,1367.5750968674263,1411.0227393016842,1363.73857264028,1408.0731201171875,1971000
2026-02-09,1410.893271821639,1432.0690280864646,1403.6785768304467,1424.49560546875,1125100
2026-02-10,1436.1331836323307,1436.7518274930378,1407.7252621798193,1410.5390625,1200600
2026-02-11,1437.26072207045,1448.3265176914426,1406.268357806805,1432.5010986328125,1139300
2026-02-12,1432.1020100097699,1436.1132682257537,1389.1657612653646,1403.8038330078125,1518100
2026-02-13,1411.7663428902738,1433.5288669673369,1397.9465530047908,1403.5443115234375,1248900
2026-02-17,1389.5348893509054,1425.386634780744,1379.736345287416,1416.6856689453125,1097200
2026-02-18,1433.3392092163335,1473.2819937558563,1424.2690548195014,1465.5189208984375,1334400
2026-02-19,1435.9037011602354,1456.608477254225,1424.4685950062456,1455.7503662109375,1135200
2026-02-20,1446.2611221889601,1483.7691629928868,1445.1634221278275,1466.3870849609375,1102500
2026-02-23,1468.1931751187046,1489.7560624920507,1458.813637629454,1482.7513427734375,1284200
2026-02-24,1496.7507768836833,1504.0647575482915,1470.7176732570902,1494.53564453125,1538900
2026-02-25,1519.0820774956774,1543.8479307323335,1513.1749358042075,1523.18310546875,1306900
2026-02-26,1509.522801298568,1511.0295200439057,1423.4807564455737,1460.6097412109375,2177900
2026-02-27,1427.2226569048432,1458.5342716347366,1421.3954188121709,1447.398681640625,1358300
2026-03-02,1414.6600800573506,1439.5456660255334,1408.1342947046899,1420.4375,1492400
2026-03-03,1354.6212144325052,1370.5065618603583,1326.1335100552103,1357.973876953125,2012500
2026-03-04,1388.0981585343718,1402.4867752533096,1369.7182594660856,1396.3201904296875,1486700
2026-03-05,1378.1098852515224,1404.3126621085316,1336.530659925031,1365.377685546875,1804500
2026-03-06,1291.0400482919986,1335.0838608285183,1283.8657771920082,1289.982421875,1900100
2026-03-09,1281.9899555554916,1356.0381826054622,1273.3288192353316,1354.461669921875,1808900
2026-03-10,1371.5941520214087,1404.4724130966604,1366.9244199342036,1380.385009765625,1650900
2026-03-11,1380.9436724800764,1401.7183642869154,1369.0097778256663,1383.6578369140625,1164700
2026-03-12,1369.5486792433019,1369.5486792433019,1330.6635191977668,1348.63427734375,1780200
2026-03-13,1364.5595565814929,1383.7676022063956,1339.574090983475,1342.757080078125,1179000
2026-03-16,1376.513464303597,1387.130289878146,1365.2180671416106,1372.5621337890625,1310400
2026-03-17,1382.0314183949383,1388.0283297180936,1366.3257324902731,1386.1324462890625,1135600
2026-03-18,1370.3768384811872,1378.2796212862559,1351.0690347120487,1352.216552734375,1391400
2026-03-19,1312.3734436316327,1369.4687042332964,1307.5140625986141,1363.4119873046875,1619100
2026-03-20,1354.3019612791145,1367.0141856406576,1288.2861180337834,1314.379150390625,2645100
2026-03-23,1356.7665496717045,1397.3379683179937,1345.1718794733513,1366.635009765625,1983200
2026-03-24,1346.1796933897608,1410.1998957827925,1345.7407108014672,1396.3701171875,1801000
2026-03-25,1391.0515661623317,1402.7659692515529,1363.7112597197413,1390.85205078125,1610000
2026-03-26,1353.8529545917866,1356.457251602465,1323.9581681822713,1326.6024169921875,1721100
2026-03-27,1315.5566470141703,1330.873168627696,1295.6900050685902,1299.63134765625,1759700
2026-03-30,1315.8958607922098,1320.0368405443826,1245.3898247712086,1251.22705078125,2144500
2026-03-31,1281.530843297226,1319.5279283938517,1273.2290297844718,1317.9512939453125,1731500
2026-04-01,1342.7072872047179,1382.699891823817,1341.6296848380339,1356.7965087890625,1745000
2026-04-02,1302.6946672088832,1353.2441680832828,1295.350722648515,1314.359130859375,1883400
2026-04-06,1312.2437523545482,1317.1231093990611,1277.5694886790807,1301.16796875,1299200
2026-04-07,1287.6275437419702,1306.1471523591167,1269.4372938742695,1303.6026611328125,1368900
2026-04-08,1417.9030631783103,1426.1750348747119,1381.2131804714238,1417.9530029296875,2427300
2026-04-09,1409.0423618108182,1450.382121132025,1409.0423618108182,1445.4827880859375,1579700
2026-04-10,1479.119303681841,1499.2254126111575,1470.5081072550386,1475.0582275390625,1519600
2026-04-13,1461.966749599987,1497.5290876079605,1457.8457459734186,1496.9302978515625,1709400
2026-04-14,1523.0633008186835,1528.6410835033466,1493.7173647833106,1514.990966796875,1769200
2026-04-15,1470.318496025898,1482.9309619805308,1412.1654870471698,1478.54052734375,4251700
2026-04-16,1449.8332635230797,1450.7513022813846,1403.4346078081292,1407.755126953125,2626700
2026-04-17,1460.5698607897996,1469.2708270076114,1442.5391747128242,1456.6185302734375,1876500
2026-04-20,1458.3048076578168,1476.0760508722626,1448.8354999814808,1473.2821044921875,1091900
2026-04-21,1472.8729669050213,1476.944152884416,1443.0980344769132,1455.790283203125,1274600
2026-04-22,1473.7809754277337,1473.7809754277337,1375.2961343222796,1440.513671875,2621800
2026-04-23,1435.8138910695097,1446.8398573246232,1393.1870246439776,1414.7100830078125,1800500
2026-04-24,1456.3490387576403,1469.4404393413101,1438.5478326643472,1454.52294921875,1751800
2026-04-27,1457.8399658203125,1458.300048828125,1415.68994140625,1432.43994140625,1326200
2026-04-28,1389.72998046875,1398.6300048828125,1364.81005859375,1384.56005859375,1926900
2026-04-29,1386.7099609375,1399.699951171875,1374.9200439453125,1394.0799560546875,1256500
2026-04-30,1414.3399658203125,1446.6500244140625,1395.0,1438.989990234375,1414400
2026-05-01,1428.2900390625,1444.1500244140625,1414.0,1427.02001953125,707100
2026-05-04,1401.77001953125,1417.0699462890625,1366.7900390625,1386.2099609375,1755700
2026-05-05,1432.4200439453125,1454.800048828125,1414.3900146484375,1442.9200439453125,1621400
2026-05-06,1503.0899658203125,1545.52001953125,1496.0,1544.739990234375,2312400
2026-05-07,1548.739990234375,1550.0,1497.81005859375,1516.5999755859375,1726700
2026-05-08,1538.530029296875,1595.31005859375,1531.1600341796875,1592.02001953125,2288300
2026-05-11,1559.300048828125,1567.989990234375,1521.3599853515625,1565.81005859375,2191300
2026-05-12,1526.1400146484375,1535.1099853515625,1475.0,1520.93994140625,1846800
2026-05-13,1539.3900146484375,1602.5999755859375,1521.0799560546875,1581.5799560546875,1691200
2026-05-14,1573.739990234375,1603.489990234375,1563.280029296875,1584.510009765625,1412600
2026-05-15,1511.739990234375,1527.25,1486.6400146484375,1501.81005859375,1807400
2026-05-18,1521.25,1522.489990234375,1453.3399658203125,1472.3900146484375,1664400
2026-05-19,1449.9300537109375,1485.760009765625,1441.31005859375,1459.43994140625,1395400
2026-05-20,1502.3800048828125,1555.800048828125,1492.3199462890625,1550.1300048828125,1744500
2026-05-21,1548.6800537109375,1601.7900390625,1545.93994140625,1592.0,1358400
2026-05-22,1620.030029296875,1653.530029296875,1615.8499755859375,1632.9000244140625,1666700
2026-05-26,1641.8499755859375,1648.010009765625,1604.25,1632.030029296875,1651000
2026-05-27,1637.3499755859375,1639.1300048828125,1583.0,1597.8699951171875,1361600
2026-05-28,1617.0899658203125,1627.530029296875,1580.0,1605.77001953125,971600
2026-05-29,1633.469970703125,1654.199951171875,1604.8599853515625,1612.760009765625,1069400
2026-06-01,1594.469970703125,1646.530029296875,1585.6099853515625,1628.5699462890625,1058900
2026-06-02,1659.68994140625,1708.3199462890625,1647.5899658203125,1705.3699951171875,1484000
2026-06-03,1709.31005859375,1743.27001953125,1690.0,1726.3599853515625,1826900
2026-06-04,1679.800048828125,1779.2900390625,1672.4300537109375,1757.469970703125,2248200
2026-06-05,1685.3599853515625,1705.47998046875,1638.3800048828125,1641.739990234375,2744600
2026-06-08,1732.7900390625,1769.489990234375,1719.02001953125,1749.0400390625,2062100
2026-06-09,1776.6199951171875,1831.1099853515625,1676.280029296875,1777.77001953125,3151400
2026-06-10,1746.4599609375,1812.0,1723.2099609375,1734.18994140625,2586400
2026-06-11,1780.0,1903.5,1775.0999755859375,1899.47998046875,2965600
2026-06-12,1847.6199951171875,1892.800048828125,1839.0,1863.550048828125,2529600
2026-06-15,1894.5400390625,1913.699951171875,1865.0,1892.6600341796875,2339100
2026-06-16,1872.010009765625,1881.1600341796875,1802.6099853515625,1803.8900146484375,1797600
2026-06-17,1897.199951171875,1938.489990234375,1865.3199462890625,1867.8299560546875,2322900
2026-06-18,1924.1800537109375,1942.8699951171875,1909.530029296875,1929.6800537109375,2406100
2026-06-22,1953.52001953125,1959.0400390625,1886.43994140625,1929.25,1793300
2026-06-23,1777.699951171875,1812.949951171875,1755.969970703125,1778.4599609375,2415700
2026-06-24,1750.4200439453125,1779.6500244140625,1730.2900390625,1762.77001953125,2028200
2026-06-25,1855.5,1855.9100341796875,1777.0400390625,1841.1800537109375,2197000
2026-06-26,1781.6600341796875,1809.0,1767.6400146484375,1794.6199951171875,2840000
2026-06-29,1798.949951171875,1886.1199951171875,1772.52001953125,1883.1099853515625,1760500
2026-06-30,1915.5,1999.9599609375,1913.8800048828125,1989.43994140625,2712600
2026-07-01,1916.280029296875,1943.0,1832.6300048828125,1843.0400390625,2584700
2026-07-02,1843.97998046875,1858.4000244140625,1748.02001953125,1769.3199462890625,2699100
2026-07-06,1830.0,1868.5999755859375,1813.3299560546875,1825.0699462890625,1945000
2026-07-07,1737.1300048828125,1761.0400390625,1717.31005859375,1747.280029296875,1863900
2026-07-08,1733.6800537109375,1780.6600341796875,1729.3800048828125,1768.6500244140625,1424500
2026-07-09,1835.4599609375,1858.72998046875,1796.760009765625,1804.25,1547400
2026-07-10,1783.8800048828125,1815.1800537109375,1766.6600341796875,1797.3199462890625,1218400
2026-07-13,1773.5400390625,1775.7900390625,1718.0799560546875,1726.0400390625,1419800
2026-07-14,1787.449951171875,1798.27001953125,1749.8599853515625,1775.6400146484375,2529100
2026-07-15,1825.06005859375,1830.0,1735.6500244140625,1815.27001953125,4189300
2026-07-16,1796.9100341796875,1853.449951171875,1779.1199951171875,1784.8699951171875,2581400
2026-07-17,1733.780029296875,1790.9100341796875,1703.4000244140625,1747.5799560546875,2209400
2026-07-20,1778.68994140625,1798.3399658203125,1728.5999755859375,1739.02001953125,1639000
2026-07-21,1801.199951171875,1823.8800048828125,1785.5400390625,1801.510009765625,1681100
2026-07-22,1767.6500244140625,1817.199951171875,1767.0400390625,1801.8599853515625,1007400
2026-07-23,1782.1199951171875,1823.5799560546875,1780.239990234375,1803.0,1106700
2026-07-24,1788.4599609375,1797.8699951171875,1739.8800048828125,1757.0899658203125,1312955
