date,us_date,open_cn,high_cn,low_cn,close_cn,ret_clean_cn,intraday_ret,u_r1,u_r2,u_r3,c_r1_lag,c_r3_lag,c_gap5_lag,c_gap20_lag,c_rsi6_lag,c_volratio5_lag,SOXS下跌,SOXS跌幅≥2%,SOXS跌幅≥4%,SOXS跌幅≥6%,SOXS两日累计下跌,SOXS三日累计下跌,SOXS由涨转跌,159558前日上涨,159558前日下跌,159558站上5日线,159558站上20日线,159558前3日上涨,159558 RSI6<45,159558 RSI6>55,159558前日放量,score,signal,target_close_up,target_intraday_up
2024-06-19,2024-06-18,0.999,1.008,0.991,1.001,0.002,0.002002002002001957,-0.0378,-0.08234986000000011,-0.06904393297000011,-0.005,,,,,,1,1,0,0,1,1,0,0,1,0,0,0,0,0,0,1,1,1,1
2024-06-20,2024-06-18,1.001,1.028,0.998,1.006,0.005,0.004995004995005159,-0.0378,-0.08234986000000011,-0.06904393297000011,0.002,,,,,,1,1,0,0,1,1,0,1,0,0,0,0,0,0,0,0,0,1,1
2024-06-21,2024-06-20,1.0,1.004,0.98,1.004,-0.002,0.0040000000000000036,0.08220000000000001,0.041292839999999886,-0.006919018492000051,0.005,0.00197494999999992,,,,,0,0,0,0,0,1,0,1,0,0,0,1,0,0,0,0,0,0,1
2024-06-24,2024-06-21,1.003,1.007,0.97,0.973,-0.030899999999999997,-0.029910269192422678,0.030699999999999998,0.1154235400000001,0.07326053018799983,-0.002,0.0049959799999999,,,,,0,0,0,0,0,0,0,0,1,0,0,1,0,0,0,1,1,0,0
2024-06-25,2024-06-24,0.967,0.984,0.929,0.935,-0.0391,-0.033092037228541815,0.08539999999999999,0.11872177999999978,0.210680710316,-0.030899999999999997,-0.028002391000000237,-0.02368051374673885,,,0.27043300069131126,0,0,0,0,0,0,0,0,1,0,0,0,0,0,0,1,1,0,0
2024-06-26,2024-06-25,0.942,0.963,0.931,0.962,0.028900000000000002,0.02123142250530785,-0.0579,0.022555340000000035,0.053947788937999785,-0.0391,-0.07065422638000007,-0.04960357796300041,,,0.5216453324525518,1,1,1,0,0,0,1,0,1,0,0,0,0,0,0,1,1,1,1
2024-06-27,2024-06-26,0.964,0.964,0.937,0.939,-0.0239,-0.025933609958506243,0.0137,-0.044993229999999884,0.036564348158000026,0.028900000000000002,-0.041879893309000105,-0.014344262295082011,,32.38095238095234,0.49285077246354025,0,0,0,0,1,0,0,1,0,0,0,0,1,0,0,0,0,0,0
2024-06-28,2024-06-27,0.939,0.951,0.937,0.942,0.0032,0.0031948881789136685,0.015700000000000002,0.029615090000000066,-0.029999623710999845,-0.0239,-0.03495920323900015,-0.02451693330563054,,25.39682539682542,0.750025496725488,0,0,0,0,0,1,0,0,1,0,0,0,1,0,0,1,1,1,1
2024-07-01,2024-06-28,0.943,0.946,0.922,0.942,0.0,-0.0010604453870625141,-0.026600000000000002,-0.011317619999999917,0.0022273286060001674,0.0032,0.007523079727999926,-0.00862976215533584,,24.193548387096726,0.6912284492941263,1,1,0,0,1,0,1,1,0,0,0,1,1,0,0,0,0,0,0
2024-07-02,2024-07-01,0.942,0.942,0.924,0.926,-0.017,-0.01698513800424617,0.0013,-0.025334579999999884,-0.010032332905999808,0.0,-0.020776479999999986,-0.0021186440677966045,,24.590163934426187,0.5657919953682076,0,0,0,0,1,1,0,0,0,0,0,0,1,0,0,0,0,0,0
2024-07-03,2024-07-02,0.935,0.948,0.915,0.938,0.013000000000000001,0.0032085561497325887,-0.0449,-0.043658369999999946,-0.06909705735799998,-0.017,-0.013854399999999933,-0.017193801740606918,,28.037383177570078,0.29298827480865575,1,1,1,0,1,1,1,0,1,0,0,0,1,0,0,1,1,1,1
2024-07-04,2024-07-03,0.94,0.944,0.924,0.925,-0.0139,-0.015957446808510523,-0.0484,-0.09112684000000004,-0.08994530489199992,0.013000000000000001,-0.004221000000000141,0.0006400682739491348,,51.851851851851784,0.8683440520694312,1,1,1,0,1,1,0,1,0,1,0,0,0,0,0,0,0,0,0
2024-07-05,2024-07-03,0.925,0.925,0.903,0.917,-0.0086,-0.008648648648648671,-0.0484,-0.09112684000000004,-0.08994530489199992,-0.0139,-0.01806232810000019,-0.010271774020971458,,22.38805970149248,0.41742337422272213,1,1,1,0,1,1,0,0,1,0,0,0,1,0,0,1,1,0,0
2024-07-08,2024-07-05,0.917,0.935,0.913,0.913,-0.0044,-0.004362050163576936,-0.0048,-0.05296768000000007,-0.09548943116800002,-0.0086,-0.009671405980000158,-0.013554216867469826,,28.84615384615381,0.9368325801550533,1,0,0,0,1,1,0,0,1,0,0,0,1,0,0,1,1,0,0
2024-07-09,2024-07-08,0.913,0.946,0.912,0.945,0.035,0.035049288061336226,-0.0555,-0.06003360000000002,-0.10552797376000012,-0.0044,-0.026681985976000022,-0.011690842173630589,,22.6415094339622,0.8147261095700089,1,1,1,0,1,1,0,0,1,0,0,0,1,0,0,1,1,1,1
2024-07-10,2024-07-09,0.945,0.949,0.933,0.937,-0.0085,-0.008465608465608399,0.0015,-0.054083249999999916,-0.05862365039999995,0.035,0.021584164399999883,0.01875808538163004,,51.76470588235294,2.254378233771219,0,0,0,0,1,1,0,1,0,1,0,1,0,0,1,0,0,0,0
2024-07-11,2024-07-10,0.946,0.95,0.925,0.942,0.0053,-0.0042283298097252064,-0.0705,-0.06910574999999997,-0.12077038087499992,-0.0085,0.021687208999999985,0.010351520379555668,,57.14285714285719,1.8973960409257447,1,1,1,1,1,1,1,0,1,1,0,1,0,1,1,1,1,1,0
2024-07-12,2024-07-11,0.933,0.959,0.929,0.954,0.0127,0.022508038585209,0.1013,0.02365835000000005,0.02519383752500004,0.0053,0.03164137325000005,0.01203266007735282,,52.857142857142875,0.8413995405946028,0,0,0,0,0,0,0,1,0,1,0,1,0,0,0,0,0,1,1
2024-07-15,2024-07-12,0.959,0.968,0.957,0.957,0.0031,-0.002085505735140769,-0.0377,0.05978098999999992,-0.014933569794999935,0.0127,0.009413737865000105,0.016840758900021457,,71.01449275362322,0.9007246841948109,1,1,0,0,0,1,1,1,0,1,0,1,0,1,0,0,0,1,0
2024-07-16,2024-07-15,0.961,0.977,0.948,0.975,0.018799999999999997,0.014568158168574374,0.001,-0.036737700000000095,0.06084077098999985,0.0031,0.021223318661000024,0.010559662090813271,0.0043553549876684805,81.25000000000009,0.36005883983823694,0,0,0,0,1,0,0,1,0,1,1,1,0,1,0,0,0,1,1
2024-07-17,2024-07-16,0.976,0.994,0.972,0.979,0.0040999999999999995,0.0030737704918033515,-0.019299999999999998,-0.01831930000000004,-0.055328662390000116,0.018799999999999997,0.034937150156000074,0.023084994753410415,0.024536331634529285,89.74358974358984,0.692136742137197,1,0,0,0,1,1,1,1,0,1,1,1,0,1,0,0,0,1,1
2024-07-18,2024-07-17,0.979,1.0,0.963,0.996,0.0174,0.01736465781409602,0.2108,0.18743155999999983,0.18861899155999984,0.0040999999999999995,0.02614830894799991,0.01830663615560657,0.02993004050286663,84.00000000000016,1.1292110261873058,0,0,0,0,0,0,0,1,0,1,1,1,0,1,0,0,0,1,1
2024-07-19,2024-07-18,0.998,1.012,0.986,1.002,0.006,0.004008016032064132,-0.005699999999999999,0.2038984399999999,0.18066320010799974,0.0174,0.04077688119199996,0.024480559555646986,0.04836587548023785,,1.1647940466772113,1,0,0,0,0,0,1,1,0,1,1,1,0,0,0,0,0,1,1
2024-07-22,2024-07-19,1.002,1.012,0.997,0.998,-0.004,-0.003992015968063867,0.092,0.08577560000000006,0.31465709647999995,0.006,0.0277007680400001,0.02057445508250133,0.054792357492499555,,1.8321729215972495,0,0,0,0,0,0,0,1,0,1,1,1,0,0,1,0,0,0,0
2024-07-23,2024-07-22,0.998,0.998,0.956,0.956,-0.0421,-0.04208416833667339,-0.1255,-0.04504599999999992,-0.05048923779999992,-0.004,0.019410382400000037,0.008080808080808133,0.04920100925147186,92.3076923076923,0.6469895805355378,1,1,1,1,1,1,1,0,1,1,1,1,0,1,0,1,1,0,0
2024-07-24,2024-07-23,0.956,0.985,0.936,0.939,-0.0178,-0.01778242677824271,0.046799999999999994,-0.08457340000000002,-0.00035415279999995164,-0.0421,-0.040207189600000026,-0.03062259176637594,0.003938041480703536,49.450549450549445,0.5627009197763443,0,0,0,0,1,1,0,0,1,0,1,0,0,0,0,1,1,0,0
2024-07-25,2024-07-24,0.929,0.949,0.929,0.934,-0.0053,0.005382131324004336,0.1583,0.21250844000000013,0.06033863078000001,-0.0178,-0.06291401752000014,-0.04007360457984055,-0.012722111239617417,30.0,0.5191969559615786,0,0,0,0,0,0,0,0,1,0,0,0,1,0,0,1,1,0,1
2024-07-26,2024-07-25,0.939,0.952,0.929,0.948,0.015,0.009584664536741228,0.0676,0.23660108000000024,0.29447401054400024,-0.0053,-0.06413712171399999,-0.032926071650445254,-0.017720986485775803,25.274725274725313,0.4844668931318113,0,0,0,0,0,0,0,0,1,0,0,0,1,0,0,1,1,1,1
2024-07-29,2024-07-26,0.945,0.958,0.94,0.941,-0.0074,-0.004232804232804255,-0.0601,0.003437240000000008,0.16228135509200015,0.015,-0.008350744900000096,-0.00732984293193728,-0.003311780476265569,22.727272727272663,0.8384576014624832,1,1,1,1,0,0,1,1,0,0,0,0,1,0,0,0,0,0,0
2024-07-30,2024-07-29,0.941,0.955,0.926,0.952,0.011699999999999999,0.011689691817215797,0.0072,-0.05333272,0.010661988128000122,-0.0074,0.0021493083000001523,-0.0027554048325562075,-0.01061928293554848,15.730337078651601,0.5035434953879901,0,0,0,0,1,0,0,0,1,0,0,1,1,0,0,1,1,1,1
2024-07-31,2024-07-30,0.943,0.988,0.943,0.986,0.035699999999999996,0.04559915164369044,0.1084,0.11638048000000012,0.0492860131520001,0.011699999999999999,0.019276621299999963,0.009758167161646014,-0.0004199916001679238,26.041666666666615,0.9356945987643801,0,0,0,0,0,0,0,1,0,1,0,1,1,0,0,0,0,1,1
2024-08-01,2024-07-31,0.986,1.01,0.983,0.999,0.0132,0.013184584178498993,-0.2021,-0.1156076399999999,-0.10924001500799985,0.035699999999999996,0.04006383909400024,0.035496744381432466,0.03267700041893584,67.04545454545459,1.6934824909038386,1,1,1,1,1,1,1,1,0,1,1,1,0,1,1,0,0,1,1
2024-08-02,2024-08-01,0.989,1.003,0.973,0.978,-0.021,-0.011122345803842304,0.2157,-0.029992969999999897,0.07515579205200007,0.0132,0.06164888350800002,0.035018648984666445,0.04225352112676073,85.71428571428581,1.9351958247606145,0,0,0,0,1,0,0,1,0,1,1,1,0,1,1,0,0,0,0
2024-08-05,2024-08-02,0.97,0.978,0.93,0.939,-0.039900000000000005,-0.031958762886597936,0.168,0.4199375999999999,0.13296821104000012,-0.021,0.027334443960000065,0.007001647446458037,0.017107794706463286,71.99999999999997,0.8224047798670606,0,0,0,0,0,0,0,0,1,1,1,1,0,1,0,1,1,0,0
2024-08-06,2024-08-05,0.939,0.954,0.935,0.954,0.016,0.015974440894568787,0.0466,0.22242879999999987,0.4861066921599999,-0.039900000000000005,-0.04765491971999991,-0.032756489493201535,-0.024770213428883192,46.4,1.2542418575696601,0,0,0,0,0,0,0,0,1,0,0,0,0,0,1,1,1,1,1
2024-08-07,2024-08-06,0.945,0.956,0.94,0.945,-0.009399999999999999,0.0,-0.024700000000000003,0.020748980000000028,0.19223480863999987,0.016,-0.04502309360000012,-0.017710049423393714,-0.00965431329803812,54.88721804511278,0.5636759070332629,1,1,0,0,0,0,1,1,0,0,0,0,0,0,0,0,0,0,0
2024-08-08,2024-08-07,0.936,0.966,0.926,0.953,0.0085,0.018162393162393098,0.08689999999999999,0.06005357,0.109452066362,-0.009399999999999999,-0.03370773904000002,-0.01869158878504662,-0.019404378956106583,47.32824427480916,0.3009151066219267,0,0,0,0,0,0,0,0,1,0,0,0,0,0,0,1,1,1,1
2024-08-09,2024-08-08,0.96,0.981,0.946,0.948,-0.0052,-0.012500000000000067,-0.2069,-0.13797961000000003,-0.15927151363299996,0.0085,0.01500442160000004,-0.0008387502621094445,-0.011667098781436458,34.28571428571429,0.8723631023549708,1,1,1,1,1,1,1,1,0,0,0,1,1,0,0,0,0,0,0
2024-08-12,2024-08-09,0.94,0.942,0.933,0.933,-0.0158,-0.00744680851063817,0.0174,-0.1931000599999999,-0.12298045521399992,-0.0052,-0.006174804519999966,0.000211014982063773,-0.01654650137455249,23.711340206185568,0.9862340673528045,0,0,0,0,1,1,0,0,1,1,0,0,1,0,0,1,1,0,0
2024-08-13,2024-08-12,0.933,0.968,0.933,0.945,0.0129,0.012861736334405016,-0.0168,0.0003076800000001434,-0.20665597899199994,-0.0158,-0.012595641640000044,-0.014367208958377176,-0.030901064658530264,25.274725274725313,0.7009554868409279,1,0,0,0,0,1,1,0,1,0,0,0,1,0,0,1,1,1,1
2024-08-14,2024-08-13,0.941,0.943,0.926,0.926,-0.020099999999999996,-0.015940488841657663,-0.1206,-0.13537392000000004,-0.12032942620799991,0.0129,-0.008287680136000009,0.0002116850127009684,-0.016905071521456372,54.687500000000014,1.4396941733343207,1,1,1,1,1,1,0,1,0,1,0,0,0,0,1,0,0,0,0
2024-08-15,2024-08-14,0.917,0.938,0.917,0.938,0.013000000000000001,0.022900763358778553,0.009300000000000001,-0.11242157999999991,-0.12733289745599996,-0.020099999999999996,-0.023141433218000107,-0.015940488841657774,-0.03400792822866672,29.411764705882334,1.1397961163123507,0,0,0,0,1,1,0,0,1,0,0,0,1,0,0,1,1,1,1
2024-08-16,2024-08-15,0.94,0.94,0.921,0.926,-0.0128,-0.01489361702127645,-0.1456,-0.1376540799999999,-0.2416529979519999,0.013000000000000001,0.0054437392299997445,0.0,-0.018520456210107672,45.070422535211236,1.2405374696277112,1,1,1,1,1,1,1,1,0,0,0,1,0,0,1,0,0,0,0
2024-08-19,2024-08-16,0.925,0.933,0.918,0.92,-0.006500000000000001,-0.005405405405405461,0.009899999999999999,-0.13714143999999995,-0.1291168553919999,-0.0128,-0.020067075360000186,-0.008140531276778051,-0.02720874041390897,31.999999999999943,0.5640192078871324,0,0,0,0,1,1,0,0,1,0,0,0,1,0,0,1,1,0,0
2024-08-20,2024-08-19,0.916,0.918,0.9,0.906,-0.0152,-0.01091703056768556,-0.0504,-0.04099896000000003,-0.18062951142399997,-0.006500000000000001,-0.006466618400000068,-0.011815252416756183,-0.029535864978902704,31.578947368420984,0.4250786041168019,1,1,1,0,1,1,1,0,1,0,0,0,1,0,0,1,1,0,0
2024-08-21,2024-08-20,0.901,0.909,0.899,0.899,-0.0077,-0.002219755826859071,0.039,-0.013365600000000089,-0.003597919440000097,-0.0152,-0.03412470464000006,-0.01863084922010383,-0.04177683765203599,31.999999999999886,1.1846168743008185,0,0,0,0,1,1,0,0,1,0,0,0,1,0,0,1,1,0,0
2024-08-22,2024-08-21,0.898,0.898,0.881,0.883,-0.0178,-0.016703786191536785,-0.0412,-0.00380680000000011,-0.054014937280000064,-0.0077,-0.029134870759999987,-0.020483765526258524,-0.0471648118706941,17.142857142857068,0.5526980445164769,1,1,1,0,1,1,1,0,1,0,0,0,1,0,0,1,1,0,0
2024-08-23,2024-08-22,0.88,0.888,0.861,0.875,-0.0091,-0.005681818181818232,0.1005,0.05515939999999997,0.09631061659999984,-0.0178,-0.04017742331200003,-0.02624614027348915,-0.06158669429831565,17.91044776119392,1.061240017758094,0,0,0,0,0,0,0,0,1,0,0,0,1,0,0,1,1,0,0
2024-08-26,2024-08-23,0.878,0.886,0.873,0.874,-0.0011,-0.004555808656036442,-0.0776,0.015101199999999926,-0.02672096944000002,-0.0091,-0.03423213724600005,-0.024091010484050823,-0.06646751306945498,0.0,1.5835459465283948,1,1,1,1,0,1,1,0,1,0,0,0,1,0,1,1,1,0,0
2024-08-27,2024-08-26,0.87,0.882,0.866,0.866,-0.0092,-0.0045977011494252595,0.0757,-0.00777431999999989,0.09194436084000013,-0.0011,-0.027808608178000016,-0.015100292990759656,-0.06418973178435672,0.0,0.588820344888721,0,0,0,0,1,0,0,0,1,0,0,0,1,0,0,1,1,0,0
2024-08-28,2024-08-27,0.872,0.877,0.864,0.875,0.0104,0.0034403669724769603,-0.032799999999999996,0.040417040000000126,-0.040319322303999816,-0.0092,-0.019296242091999982,-0.015237662042301703,-0.06846662722529984,0.0,0.36889416252503976,1,1,0,0,0,1,1,0,1,0,0,0,1,0,0,1,1,1,1
2024-08-29,2024-08-28,0.865,0.896,0.865,0.886,0.0126,0.024277456647398887,0.054000000000000006,0.019428800000000024,0.09659956016000026,0.0104,3.1052480000681726e-06,0.0004573519323118891,-0.05313277783789627,18.367346938775512,1.7692075058067382,0,0,0,0,0,0,0,1,0,1,0,1,1,0,1,0,0,1,1
2024-08-30,2024-08-29,0.893,0.926,0.89,0.916,0.0339,0.025755879059350617,0.0097,0.06422380000000016,0.02931725935999996,0.0126,0.013718234431999932,0.012340036563071255,-0.035331264630627635,37.73584905660377,0.45284258337631095,0,0,0,0,0,0,0,1,0,1,0,1,1,0,0,0,0,1,1
2024-09-02,2024-08-30,0.916,0.922,0.879,0.879,-0.0404,-0.04039301310043675,-0.0739,-0.06491682999999993,-0.01442233881999977,0.0339,0.05781518225600002,0.03690287525469782,0.0007101108865463779,74.62686567164178,2.348434540765398,1,1,1,1,1,1,1,1,0,1,1,1,0,1,1,0,0,0,0
2024-09-03,2024-08-30,0.879,0.893,0.879,0.885,0.0068000000000000005,0.006825938566553003,-0.0739,-0.06491682999999993,-0.01442233881999977,-0.0404,0.004631283543999887,-0.006105834464043447,-0.03655395407464235,52.08333333333333,1.0028699171878555,1,1,1,1,1,1,1,0,1,0,0,1,0,0,0,1,1,1,1
2024-09-04,2024-09-03,0.883,0.888,0.871,0.878,-0.0079,-0.005662514156285381,0.2266,0.13595425999999988,0.146973016322,0.0068000000000000005,-0.001123073008000075,-0.0036027921639270044,-0.02629552205963237,55.445544554455445,0.6413979283985584,0,0,0,0,0,0,0,1,0,0,0,0,0,1,0,0,0,0,0
2024-09-05,2024-09-04,0.883,0.888,0.878,0.883,0.005699999999999999,0.0,-0.0096,0.2148246399999998,0.12504909910399986,-0.0079,-0.041507109712,-0.012151215121512182,-0.030423499530672027,55.99999999999999,0.7156134191197167,1,0,0,0,0,0,1,0,1,0,0,0,0,1,0,1,1,1,0
2024-09-06,2024-09-05,0.886,0.886,0.868,0.868,-0.017,-0.020316027088036148,0.0179,0.008128160000000051,0.2365700010559999,0.005699999999999999,0.004539703795999994,-0.00585453726638141,-0.02111856327254591,54.166666666666664,0.34767842347210387,0,0,0,0,0,0,0,1,0,0,0,1,0,0,0,0,0,0,0
2024-09-09,2024-09-06,0.863,0.873,0.856,0.857,-0.0127,-0.006952491309385911,0.1297,0.14992162999999992,0.138882382352,-0.017,-0.019206864489999975,-0.012064648304120129,-0.033461388564111294,41.0,1.0645155486520403,0,0,0,0,0,0,0,0,1,0,0,0,1,0,0,1,1,0,0
2024-09-10,2024-09-09,0.859,0.871,0.853,0.871,0.0163,0.01396973224679865,-0.0603,0.06157908999999995,0.080581355711,-0.0127,-0.023952159369999948,-0.019675131548844815,-0.04165501817165207,13.58024691358024,1.10405972474938,1,1,1,1,0,0,1,0,1,0,0,0,1,0,0,1,1,1,1
2024-09-11,2024-09-10,0.869,0.873,0.866,0.87,-0.0011,0.0011507479861909697,-0.0311,-0.08952467000000008,0.028563980300999825,0.0163,-0.013664690829999993,-0.00045903144365400106,-0.021952725843579768,43.10344827586207,0.6359275832389715,1,1,0,0,1,0,0,1,0,0,0,0,1,0,0,0,0,0,1
2024-09-12,2024-09-11,0.873,0.877,0.864,0.864,-0.0069,-0.010309278350515427,-0.1393,-0.16606776999999995,-0.21635388346900009,-0.0011,0.002289257711000081,0.00022993791676251263,-0.019994367783722766,35.84905660377359,0.8022866501550677,1,1,1,1,1,1,0,0,1,1,0,1,1,0,0,1,1,0,0
2024-09-13,2024-09-12,0.855,0.863,0.843,0.844,-0.0231,-0.012865497076023358,0.015700000000000002,-0.12578700999999992,-0.15297503398899992,-0.0069,0.008177313717000034,-0.002309468822170868,-0.02267971268593405,36.53846153846153,0.4183971883016665,0,0,0,0,1,1,0,0,1,0,0,1,1,0,0,1,1,0,0
2024-09-18,2024-09-17,0.849,0.859,0.839,0.852,0.0095,0.0035335689045936647,-0.0008,0.036969760000000074,-0.015812000783999913,-0.0231,-0.03090778532900007,-0.019972131908964186,-0.040854594011023426,20.895522388059703,1.3544498388508366,1,0,0,0,0,1,1,0,1,0,0,0,1,0,1,1,1,1,1
2024-09-19,2024-09-18,0.852,0.86,0.835,0.847,-0.0059,-0.005868544600938996,0.0319,0.031074480000000015,0.07004909534400006,0.0095,-0.02062409579500002,-0.009532666821669533,-0.028007529519137764,36.666666666666664,1.0599851228707173,0,0,0,0,0,0,0,1,0,0,0,0,1,0,0,0,0,0,0
2024-09-20,2024-09-19,0.848,0.848,0.832,0.836,-0.013000000000000001,-0.014150943396226467,-0.1276,-0.0997704399999999,-0.10049062364799988,-0.0059,-0.019637915245000026,-0.009819967266775809,-0.03044871794871795,40.74074074074074,1.5802630373313753,1,1,1,1,1,1,1,0,1,0,0,0,1,0,1,1,1,0,0
2024-09-23,2024-09-20,0.836,0.836,0.82,0.82,-0.0191,-0.019138755980861233,0.044199999999999996,-0.08903991999999994,-0.05998029344799993,-0.013000000000000001,-0.009502121349999948,-0.014847984916332768,-0.039577230168303945,15.686274509803923,1.8424671026518786,0,0,0,0,1,1,0,0,1,0,0,0,1,0,1,1,1,0,0
2024-09-24,2024-09-23,0.829,0.87,0.819,0.852,0.039,0.027744270205066313,-0.0088,0.03501103999999988,-0.09705636870399992,-0.0191,-0.03756377496999996,-0.02357704215289358,-0.05453706906491396,12.121212121212125,0.5604213129773451,1,0,0,0,0,1,1,0,1,0,0,0,1,0,0,1,1,1,1
2024-09-25,2024-09-24,0.861,0.88,0.845,0.854,0.0023,-0.008130081300813052,-0.0467,-0.055089040000000034,-0.013323975568000024,0.039,0.005906083699999787,0.012598050867601573,-0.016336662240951205,43.47826086956522,2.836989589386024,1,1,1,0,1,1,0,1,0,1,0,1,1,0,1,0,0,1,0
2024-09-26,2024-09-25,0.86,0.891,0.847,0.891,0.0433,0.03604651162790695,-0.0196,-0.06538467999999997,-0.07360929481599998,0.0023,0.021499156729999802,0.01449275362318847,-0.012887938507773367,56.75675675675676,1.0576722881532377,1,0,0,0,1,1,0,1,0,1,0,1,0,1,0,0,0,1,1
2024-09-27,2024-09-26,0.895,0.978,0.893,0.958,0.07519999999999999,0.07039106145251384,-0.106,-0.12352239999999992,-0.16445390391999992,0.0433,0.08648187400999974,0.0474958852574654,0.028393351800554134,68.93203883495146,0.6216501542959233,1,1,1,1,1,1,0,1,0,1,1,1,0,1,0,0,0,1,1
2024-09-30,2024-09-27,0.999,1.054,0.999,1.054,0.1002,0.055055055055055035,0.0479,-0.06317739999999994,-0.08153912295999988,0.07519999999999999,0.12433619916799987,0.09485714285714275,0.10045373614381692,83.63636363636363,1.0280682164247286,0,0,0,0,1,1,0,1,0,1,1,1,0,1,0,0,0,1,1
2024-10-08,2024-10-07,1.159,1.159,1.159,1.159,0.09960000000000001,0.0,0.0105,-0.030627350000000053,-0.03712214675500003,0.1002,0.23415612723199986,0.1434150574962032,0.1991580863530349,93.6,2.1885237865291294,0,0,0,0,1,1,0,1,0,1,1,1,0,1,1,0,0,1,0
2024-10-09,2024-10-08,1.275,1.275,1.2,1.271,0.0966,-0.0031372549019608176,-0.0316,-0.0214318,-0.06125952574000004,0.09960000000000001,0.300755369984,0.17880390561432047,0.3006396588486142,,1.3018797795588612,1,1,0,0,1,1,1,1,0,1,1,1,0,0,1,0,0,1,0
2024-10-10,2024-10-09,1.275,1.278,1.163,1.209,-0.048799999999999996,-0.051764705882352824,-0.0311,-0.06171724000000001,-0.05186527102000005,0.0966,0.3266446602719999,0.19163697731108176,0.39562973536839796,,2.918656418490157,1,1,0,0,1,1,0,1,0,1,1,1,0,0,1,0,0,0,0
2024-10-11,2024-10-10,1.172,1.172,1.09,1.105,-0.086,-0.05716723549488045,0.022099999999999998,-0.009687310000000005,-0.040981191003999995,-0.048799999999999996,0.14697727763199997,0.06972217306671413,0.30434782608695654,87.05636743215034,1.227874901514823,0,0,0,0,1,1,0,0,1,1,1,1,0,1,1,1,1,0,0
2024-10-14,2024-10-11,1.105,1.14,1.054,1.133,0.0253,0.025339366515837236,-0.0227,-0.0011016700000000546,-0.032167408063,-0.086,-0.04661946911999992,-0.047085201793722,0.17772448707700494,69.5970695970696,0.7260608012076285,1,1,0,0,1,1,1,0,1,0,1,0,0,1,0,1,1,1,1
2024-10-15,2024-10-14,1.134,1.169,1.112,1.115,-0.0159,-0.016754850088183337,-0.054900000000000004,-0.07635376999999999,-0.05594118831700001,0.0253,-0.10860746095999985,-0.03607282627190744,0.1916907704443862,67.25838264299804,0.5716601292317091,1,1,1,0,1,1,0,1,0,0,1,0,0,1,0,0,0,0,0
2024-10-16,2024-10-15,1.107,1.119,1.026,1.101,-0.0126,-0.005420054200542035,0.1551,0.09168501000000018,0.06690376027300005,-0.0159,-0.07777607477999993,-0.04423109891993837,0.1577198629425811,57.10955710955711,0.47893887685855335,0,0,0,0,0,0,0,0,1,0,1,0,0,1,0,1,1,0,0
2024-10-17,2024-10-16,1.11,1.12,1.09,1.091,-0.0091,-0.017117117117117275,0.0,0.15510000000000002,0.09168501000000018,-0.0126,-0.003715641397999847,-0.027900406145152767,0.12888342048600432,41.420118343195256,0.6786211866317706,0,0,0,0,0,0,0,0,1,0,1,0,1,0,0,1,1,0,0
2024-10-18,2024-10-17,1.083,1.2,1.083,1.2,0.0999,0.10803324099723,-0.023700000000000002,-0.023700000000000054,0.12772413000000005,-0.0091,-0.03714213309399994,-0.0162308385933273,0.10615431410321396,11.864406779661039,0.5330683720719019,1,1,0,0,1,0,0,0,1,0,1,0,1,0,0,1,1,1,1
2024-10-21,2024-10-18,1.21,1.311,1.205,1.234,0.028300000000000002,0.01983471074380172,0.0005,-0.023211850000000145,-0.023211850000000145,0.0999,0.07615828453400031,0.06382978723404253,0.19664938173115254,48.40989399293284,1.3613699366275078,0,0,0,0,1,1,0,1,0,1,1,1,0,0,1,0,0,1,1
2024-10-22,2024-10-21,1.226,1.241,1.144,1.211,-0.018600000000000002,-0.012234910277324595,0.0054,0.0059027000000000385,-0.017937193990000044,0.028300000000000002,0.12073482275300007,0.0747256575509494,0.20826397728385415,80.28169014084506,2.0552413087406074,0,0,0,0,0,1,0,1,0,1,1,1,0,1,1,0,0,0,0
2024-10-23,2024-10-22,1.207,1.219,1.188,1.198,-0.010700000000000001,-0.0074565037282520175,0.0113,0.016761020000000126,0.017269400510000033,-0.018600000000000002,0.1099900646380001,0.03734795271543612,0.16481508199874972,68.75000000000001,0.9638883595231807,0,0,0,0,0,0,0,0,1,1,1,1,0,1,0,1,1,0,0
2024-10-24,2024-10-23,1.185,1.214,1.185,1.197,-0.0008,0.010126582278481067,0.0263,0.037897190000000025,0.04350183482600012,-0.010700000000000001,-0.0016245377339999534,0.009437141894168999,0.13345002128766725,70.44334975369456,1.0030784918087396,0,0,0,0,0,0,0,0,1,1,1,0,0,1,0,1,1,0,1
2024-10-25,2024-10-24,1.207,1.231,1.193,1.227,0.025099999999999997,0.016570008285004212,-0.0152,0.010700240000000028,0.022121152711999992,-0.0008,-0.02987769921599992,-0.009105960264900625,0.11405835543766574,75.26315789473688,0.38095331937499094,1,0,0,0,0,0,1,0,1,0,1,0,0,1,0,1,1,1,1
2024-10-28,2024-10-25,1.227,1.227,1.198,1.209,-0.0147,-0.014669926650366705,-0.028900000000000002,-0.043660719999999986,-0.018508996936000055,0.025099999999999997,0.013320124855999982,0.011208175374979534,0.12157221206581381,82.38095238095241,1.033362666868556,1,1,0,0,1,1,0,1,0,1,1,1,0,1,0,0,0,0,0
2024-10-29,2024-10-28,1.209,1.228,1.196,1.197,-0.009899999999999999,-0.00992555831265507,-0.0015,-0.030356649999999985,-0.04509522891999995,-0.0147,0.009223005175999832,0.0004965243296923827,0.08581436077057791,53.78151260504206,0.649351295590301,1,0,0,0,1,1,0,0,1,1,1,1,0,0,0,1,1,0,0
2024-10-30,2024-10-29,1.197,1.203,1.181,1.191,-0.005,-0.005012531328320802,-0.07200000000000001,-0.07339200000000001,-0.10017097120000007,-0.009899999999999999,3.1722803000011623e-05,-0.007133377571333699,0.058636243035287805,30.927835051546438,0.8609787634152067,1,1,1,1,1,1,0,0,1,0,1,1,1,0,0,1,1,0,0
2024-10-31,2024-10-30,1.191,1.31,1.148,1.25,0.0495,0.049538203190595986,0.1059,0.026275199999999943,0.024735787200000026,-0.005,-0.02933219765000017,-0.01096163428002006,0.037863273931419084,37.5,0.7082071355584014,0,0,0,0,0,0,0,0,1,0,1,0,1,0,0,1,1,1,1
2024-11-01,2024-10-31,1.25,1.25,1.2,1.214,-0.0288,-0.028800000000000048,0.1161,0.2342949900000002,0.14542575072000008,0.0495,0.03391440025000003,0.028975963121501414,0.0725010725010724,70.63492063492068,1.8661069945177375,0,0,0,0,0,0,0,1,0,1,1,1,0,1,1,0,0,0,0
2024-11-04,2024-11-01,1.214,1.252,1.192,1.239,0.0206,0.020593080724876645,-0.0282,0.08462597999999999,0.1994878712820003,-0.0288,0.014178027999999898,0.001484903481273836,0.030297886786047723,55.27950310559004,1.345523893757758,1,1,0,0,0,0,1,0,1,1,1,1,0,1,1,1,1,1,1
2024-11-05,2024-11-04,1.244,1.287,1.22,1.278,0.0315,0.027331189710610992,0.015600000000000001,-0.013039919999999983,0.10154614528799999,0.0206,0.04027145263999987,0.017074372024298068,0.043324491600353676,53.846153846153854,0.8970905103193473,0,0,0,0,1,0,0,1,0,1,1,1,0,0,0,0,0,1,1
2024-11-06,2024-11-05,1.277,1.31,1.259,1.295,0.013300000000000001,0.014095536413469167,-0.0347,-0.01964131999999985,-0.04728743477599995,0.0315,0.022429731679999954,0.03532080362929357,0.07080016757436103,69.4915254237288,1.0260015061841645,1,1,0,0,1,1,1,1,0,1,1,1,0,1,0,0,0,1,1
2024-11-07,2024-11-06,1.288,1.319,1.26,1.31,0.0116,0.017080745341614856,-0.0859,-0.11761926999999994,-0.10385413061199988,0.013300000000000001,0.06675046037000021,0.031708094327597136,0.08395413074411961,76.9230769230769,1.048411944875431,1,1,1,1,1,1,0,1,0,1,1,1,0,1,0,0,0,1,1
2024-11-08,2024-11-07,1.326,1.425,1.321,1.365,0.042,0.02941176470588225,-0.0632,-0.14367112000000004,-0.17338573213599995,0.0116,0.05734348982000026,0.033775252525252375,0.09189414461346113,81.15183246073298,0.9095436131549561,1,1,1,1,1,1,0,1,0,1,1,1,0,1,0,0,0,1,1
2024-11-11,2024-11-08,1.397,1.496,1.369,1.473,0.0791,0.05440229062276303,0.023399999999999997,-0.04127887999999991,-0.12363302420799993,0.042,0.06810655976000035,0.0521042084168335,0.12554112554112562,80.74866310160427,1.8414726752866297,0,0,0,0,1,1,0,1,0,1,1,1,0,1,1,0,0,1,1
2024-11-12,2024-11-11,1.474,1.494,1.419,1.446,-0.0183,-0.018995929443690662,0.0768,0.10199712000000005,0.032350902015999994,0.0791,0.13746549752000004,0.09581907454247873,0.19780443179508023,,3.3576942754307577,0,0,0,0,0,0,0,1,0,1,1,1,0,0,1,0,0,0,0
2024-11-13,2024-11-12,1.435,1.456,1.411,1.444,-0.0014000000000000002,0.006271777003484358,0.032799999999999996,0.11211903999999984,0.1381426255360001,-0.0183,0.10384527373999997,0.04949920162578003,0.16023429350878593,89.65517241379305,1.8059058646752646,0,0,0,0,0,0,0,0,1,1,1,1,0,1,1,1,1,0,1
2024-11-14,2024-11-13,1.44,1.44,1.368,1.374,-0.048499999999999995,-0.04583333333333317,0.0658,0.10075824,0.1852964728319999,-0.0014000000000000002,0.05786937654199997,0.025859619210002904,0.14290237049348975,87.05357142857137,0.7690442833353404,0,0,0,0,0,0,0,0,1,1,1,1,0,1,0,1,1,0,0
2024-11-15,2024-11-14,1.371,1.383,1.303,1.304,-0.0509,-0.04886943836615609,0.0004,0.06622631999999995,0.10119854329599987,-0.048499999999999995,-0.06722017257000001,-0.03266685440720907,0.07545397620538519,64.25992779783397,0.620116169414653,0,0,0,0,0,0,0,0,1,0,1,0,0,1,0,1,1,0,0
2024-11-18,2024-11-15,1.304,1.324,1.273,1.286,-0.0138,-0.013803680981595123,0.0998,0.10023992000000015,0.17263570673600004,-0.0509,-0.09819564610999987,-0.07399517114046306,0.016526348612410535,49.09638554216867,0.57693277753882,0,0,0,0,0,0,0,0,1,0,1,0,0,0,0,1,1,0,0
2024-11-19,2024-11-18,1.28,1.335,1.27,1.331,0.035,0.039843749999999956,-0.040999999999999995,0.054708200000000096,0.05513008328000013,-0.0138,-0.10939369737000004,-0.061861686606361044,0.0004667807686322689,36.61016949152543,0.6207486585315798,1,1,1,0,0,0,1,0,1,0,1,0,1,0,0,1,1,1,1
2024-11-20,2024-11-19,1.33,1.336,1.308,1.326,-0.0038,-0.003007518796992459,-0.0054,-0.04617859999999996,0.04901277572000007,0.035,-0.031237495300000084,-0.012464757382400937,0.030664395229982988,19.396551724137908,0.9081878674954734,1,0,0,0,1,0,0,1,0,0,1,0,1,0,0,0,0,0,0
2024-11-21,2024-11-20,1.32,1.34,1.312,1.328,0.0015,0.0060606060606061,0.0275,0.021951500000000124,-0.019948511499999877,-0.0038,0.016838275399999825,0.001359311282283615,0.021729079981507082,21.428571428571416,0.6825535510805154,0,0,0,0,0,1,0,0,1,1,1,1,1,0,0,1,1,1,1
2024-11-22,2024-11-21,1.332,1.351,1.275,1.282,-0.0346,-0.037537537537537524,-0.0487,-0.0225392499999999,-0.027817538049999868,0.0015,0.03261360049999995,0.009885931558935468,0.01813163644727278,22.38095238095238,0.6221656539354063,1,1,1,0,1,1,1,1,0,1,1,1,1,0,0,0,0,0,0
2024-11-25,2024-11-22,1.282,1.308,1.257,1.286,0.0031,0.0031201248049921304,-0.0004,-0.04908051999999996,-0.022930234299999852,-0.0346,-0.036825922779999964,-0.021822066229208015,-0.01920281539285429,25.268817204301044,0.8233408497380843,1,0,0,0,1,1,0,0,1,0,0,0,1,0,0,1,1,1,1
2024-11-26,2024-11-25,1.29,1.29,1.262,1.268,-0.013999999999999999,-0.01705426356589146,-0.029500000000000002,-0.02988819999999992,-0.07713264465999992,0.0031,-0.03015467088999979,-0.01877002899435365,-0.019031999694877788,42.49999999999999,1.2290253689092572,1,1,0,0,1,1,0,1,0,0,0,0,1,0,1,0,0,0,0
2024-11-27,2024-11-26,1.266,1.296,1.227,1.296,0.022099999999999998,0.023696682464454888,0.04,0.009319999999999995,0.008916272000000225,-0.013999999999999999,-0.04516475835999989,-0.023112480739599373,-0.03537466717383053,42.49999999999999,0.5600680739127797,0,0,0,0,0,0,0,0,1,0,0,0,1,0,0,1,1,1,1
2024-11-28,2024-11-27,1.297,1.309,1.28,1.286,-0.0077,-0.00848111025443321,0.0406,0.08222400000000007,0.05029839199999997,0.022099999999999998,0.010914750860000044,0.003095975232198178,-0.017995832544042356,33.009708737864116,1.0319827720945862,0,0,0,0,0,0,0,1,0,1,0,1,1,0,0,0,0,0,0
2024-11-29,2024-11-27,1.284,1.328,1.26,1.318,0.024900000000000002,0.026479750778816147,0.0406,0.08222400000000007,0.05029839199999997,-0.0077,3.061238000001687e-05,0.0018697413524462192,-0.026900230789602908,31.48148148148148,0.6431127806830031,0,0,0,0,0,0,0,0,1,1,0,1,1,0,0,1,1,1,1
2024-12-02,2024-11-29,1.314,1.323,1.292,1.32,0.0015,0.004566210045662045,-0.038599999999999995,0.0004328399999999899,0.04045015360000015,0.024900000000000002,0.03948415276699979,0.02107220328478454,-0.006595063124175682,46.3768115942029,1.1945203780470295,1,1,0,0,0,0,1,1,0,1,0,1,0,0,0,0,0,1,1
2024-12-03,2024-12-02,1.325,1.338,1.29,1.298,-0.0167,-0.02037735849056599,-0.0765,-0.11214709999999994,-0.07610027226000005,0.0015,0.01853378240499981,0.017262638717632672,-0.008115419296663595,70.2127659574468,1.111057266477993,1,1,1,1,1,1,0,1,0,1,0,1,0,1,0,0,0,0,0
2024-12-04,2024-12-03,1.314,1.333,1.278,1.284,-0.0108,-0.022831050228310557,0.0169,-0.06089285000000011,-0.09714238599000002,-0.0167,0.009295846254999907,-0.004295796256520434,-0.025379186063973602,55.35714285714286,0.7544627401734929,0,0,0,0,1,1,0,0,1,0,0,1,0,1,0,1,1,0,0
2024-12-05,2024-12-04,1.273,1.282,1.268,1.277,-0.0055000000000000005,0.003142183817753441,-0.0401,-0.023877690000000062,-0.09855104671500015,-0.0108,-0.025860619459999956,-0.013218567476175891,-0.03549295774647887,57.407407407407405,1.0272995821755901,1,1,1,0,1,1,1,0,1,0,0,0,0,1,0,1,1,0,1
2024-12-06,2024-12-05,1.278,1.3,1.263,1.289,0.009399999999999999,0.008607198748043832,0.0572,0.01480627999999995,0.03195650613199996,-0.0055000000000000005,-0.03266938198000002,-0.01723872556564565,-0.039560770156438,39.080459770114885,0.7099031340464647,0,0,0,0,0,0,0,0,1,0,0,0,1,0,0,1,1,1,1
2024-12-09,2024-12-06,1.289,1.291,1.258,1.268,-0.0163,-0.016291698991466208,-0.0177,0.038487559999999865,-0.003155791156000065,0.009399999999999999,-0.006993261639999915,-0.003555967841682217,-0.02775682606728025,51.685393258426906,1.0688057194343954,1,0,0,0,0,1,1,1,0,0,0,0,0,0,0,0,0,0,0
2024-12-10,2024-12-09,1.325,1.327,1.274,1.284,0.0126,-0.030943396226415065,0.013999999999999999,-0.003947800000000057,0.05302638583999997,-0.0163,-0.012514427289999963,-0.011845386533665736,-0.03614457831325302,17.948717948717942,0.7065686012851834,0,0,0,0,1,0,0,0,1,0,0,0,1,0,0,1,1,1,0
2024-12-11,2024-12-10,1.285,1.296,1.266,1.268,-0.0125,-0.01322957198443575,0.0726,0.08761639999999993,0.06836558971999995,0.0126,0.005457909428000063,0.00281162136832247,-0.017935676316493954,30.434782608695656,1.1722732648932475,0,0,0,0,0,0,0,1,0,1,0,1,1,0,0,0,0,0,0
2024-12-12,2024-12-11,1.268,1.276,1.258,1.273,0.0039000000000000003,0.0039432176656151174,-0.0731,-0.005807059999999975,0.00811164115999996,-0.0125,-0.01635656274999997,-0.007203257124960727,-0.023601432256573962,32.55813953488372,0.7179374498446891,1,1,1,1,1,0,1,0,1,0,0,0,1,0,0,1,1,1,1
2024-12-13,2024-12-12,1.267,1.267,1.24,1.241,-0.025099999999999997,-0.020520915548539742,0.0233,-0.0515032299999999,0.0173576355020002,0.0039000000000000003,0.003842275750000068,-0.002663741773738848,-0.015924551638837436,42.85714285714277,0.69367295967514,0,0,0,0,1,0,0,1,0,0,0,1,1,0,0,0,0,0,0
2024-12-16,2024-12-13,1.241,1.241,1.201,1.206,-0.0282,-0.028203062046736616,-0.08449999999999999,-0.06316884999999994,-0.1316512070649999,-0.025099999999999997,-0.03353166637500005,-0.020366277233975216,-0.03831996590336706,32.35294117647062,1.034828497700835,1,1,1,1,1,1,1,0,1,0,0,0,1,0,0,1,1,0,0
2024-12-17,2024-12-16,1.208,1.214,1.197,1.199,-0.0058,-0.007450331125827714,-0.0545,-0.13439475,-0.11422614767499994,-0.0282,-0.04889728950200001,-0.038584183673469385,-0.06253643748299575,16.799999999999955,1.1554412110258625,1,1,1,0,1,1,0,0,1,0,0,0,1,0,0,1,1,0,0
2024-12-18,2024-12-17,1.198,1.228,1.198,1.217,0.015,0.015859766277128706,0.042,-0.014788999999999941,-0.09803932949999994,-0.0058,-0.058087145356000014,-0.031032810732180338,-0.0631714654061023,18.918918918918877,1.1733674244525054,0,0,0,0,1,1,0,0,1,0,0,0,1,0,0,1,1,1,1
2024-12-19,2024-12-18,1.207,1.229,1.191,1.221,0.0033,0.011599005799503015,0.1155,0.1623509999999999,0.0990028704999999,0.015,-0.01934398660000014,-0.008311603650586918,-0.04504080351537976,20.35398230088491,0.7782981465585598,0,0,0,0,0,0,0,1,0,0,0,0,1,0,0,0,0,1,1
2024-12-20,2024-12-19,1.219,1.266,1.212,1.247,0.0213,0.022969647251845693,0.0479,0.16893245,0.21802761290000006,0.0033,0.012443072900000018,0.0034516765285996787,-0.03786296836216063,26.732673267326717,0.8474731515510451,0,0,0,0,0,0,0,1,0,1,0,1,1,0,0,0,0,1,1
2024-12-23,2024-12-20,1.248,1.253,1.217,1.226,-0.0168,-0.017628205128205177,-0.0403,0.005669630000000092,0.12182447226499993,0.0213,0.040040344350000145,0.023809523809523725,-0.016018306636155555,39.34426229508203,1.3608824061227855,1,1,1,0,0,0,1,1,0,1,0,1,1,0,1,0,0,0,0
2024-12-24,2024-12-23,1.226,1.241,1.206,1.238,0.0098,0.00978792822185981,-0.1026,-0.13876522000000002,-0.097512074038,-0.0168,0.0074558291280002464,0.003273322422258529,-0.030293443011943366,43.2432432432432,1.2956633526421715,1,1,1,1,1,1,0,0,1,1,0,1,1,0,1,1,1,1,1
2024-12-25,2024-12-24,1.238,1.238,1.212,1.228,-0.008100000000000001,-0.008077544426494332,-0.028900000000000002,-0.12853486000000003,-0.1636549051420001,0.0098,0.013982753168000128,0.0066677508537973385,-0.019638897687678125,68.18181818181819,0.7031621034902207,1,1,0,0,1,1,0,1,0,1,0,1,0,1,0,0,0,0,0
2024-12-26,2024-12-24,1.213,1.232,1.211,1.223,-0.0040999999999999995,0.008244023083264551,-0.028900000000000002,-0.12853486000000003,-0.1636549051420001,-0.008100000000000001,-0.015206606416000024,-0.0032467532467532756,-0.024932507543274474,65.93406593406584,0.5009382334368843,1,1,0,0,1,1,0,0,1,0,0,0,0,1,0,1,1,0,1
2024-12-27,2024-12-26,1.222,1.252,1.212,1.224,0.0008,0.0016366612111293755,0.0,-0.028900000000000037,-0.12853486000000003,-0.0040999999999999995,-0.002486024541999976,-0.007627393703343088,-0.026467661691542244,53.846153846153854,0.8311844870235389,0,0,0,0,1,1,0,0,1,0,0,0,0,0,0,1,1,1,1
2024-12-30,2024-12-27,1.224,1.234,1.206,1.215,-0.0074,-0.007352941176470451,0.0263,0.02629999999999999,-0.0033600700000000483,0.0008,-0.011376523432000019,-0.003094966606939087,-0.02201270424673407,51.99999999999993,1.031114143256714,0,0,0,0,0,1,0,1,0,0,0,0,0,0,0,0,0,0,0
2024-12-31,2024-12-30,1.211,1.214,1.165,1.168,-0.0387,-0.03550784475639979,0.0552,0.08295175999999982,0.08295175999999982,-0.0074,-0.010678835728000102,-0.00864882506527409,-0.025114338441787787,22.41379310344817,0.655083306102359,0,0,0,0,0,0,0,0,1,0,0,0,1,0,0,1,1,0,0
2025-01-02,2024-12-31,1.166,1.167,1.105,1.125,-0.0368,-0.03516295025728977,0.030299999999999997,0.08717255999999995,0.1157651983279997,-0.0387,-0.045050270896,-0.03598547375371419,-0.05791256654299093,15.476190476190382,1.4967044867770267,0,0,0,0,0,0,0,0,1,0,0,0,1,0,1,1,1,0,0
2025-01-03,2025-01-02,1.119,1.135,1.104,1.104,-0.0187,-0.013404825737265313,-0.015600000000000001,0.014227320000000043,0.07021266806400006,-0.0368,-0.08092767878399987,-0.055415617128463546,-0.0867394569143971,0.8695652173912265,0.9687427681671824,1,0,0,0,0,0,1,0,1,0,0,0,1,0,0,1,1,0,0
2025-01-06,2025-01-03,1.099,1.118,1.099,1.107,0.0027,0.007279344858962755,-0.07730000000000001,-0.09169411999999999,-0.06417245183599996,-0.0187,-0.09139062179199997,-0.054146675805346045,-0.09744931327665118,0.7936507936507127,0.6344831144502522,1,1,1,1,1,1,0,0,1,0,0,0,1,0,0,1,1,1,1
2025-01-07,2025-01-06,1.114,1.135,1.112,1.134,0.024399999999999998,0.017953321364452268,-0.0872,-0.15775943999999997,-0.17089839273599994,0.0027,-0.05225983196799999,-0.03217345689805906,-0.08821349147516677,3.2258064516127263,0.8146943884048331,1,1,1,1,1,1,0,1,0,0,0,0,1,0,0,0,0,1,1
2025-01-08,2025-01-07,1.126,1.137,1.089,1.127,-0.0062,0.000888099467140524,0.0392,-0.05141824000000006,-0.12474361004800005,0.024399999999999998,0.007957878043999944,0.005675771550195163,-0.06079178399867491,19.999999999999915,0.8557331086366353,0,0,0,0,1,1,0,1,0,1,0,1,1,0,0,0,0,0,1
2025-01-09,2025-01-08,1.115,1.136,1.115,1.127,0.0,0.010762331838565009,0.031,0.0714151999999999,-0.022012205440000154,-0.0062,0.020797451543999923,0.006789351438270419,-0.060481013713475806,20.270270270270174,1.0662812337618939,0,0,0,0,0,1,0,0,1,1,0,1,1,0,0,1,1,0,1
2025-01-10,2025-01-08,1.122,1.149,1.112,1.112,-0.013300000000000001,-0.0089126559714795,0.031,0.0714151999999999,-0.022012205440000154,0.0,0.018048719999999907,0.006429719592784489,-0.05492662473794563,29.702970297029637,0.9751406958213605,0,0,0,0,0,1,0,0,0,1,0,1,1,0,0,0,0,0,0
2025-01-13,2025-01-10,1.102,1.123,1.092,1.119,0.0063,0.015426497277676754,0.0746,0.10791259999999991,0.15134277391999995,-0.013300000000000001,-0.019417539999999955,-0.008382379168895837,-0.06116763054582286,41.095890410958916,0.9472283592735566,0,0,0,0,0,0,0,0,1,0,0,0,1,0,0,1,1,1,1
2025-01-14,2025-01-13,1.124,1.169,1.119,1.167,0.0429,0.038256227758006967,0.006500000000000001,0.08158489999999996,0.11511403189999991,0.0063,-0.007083790000000034,-0.004271222637479921,-0.05036703865574743,62.71186440677968,0.48106977054593847,0,0,0,0,0,0,0,1,0,0,0,0,0,1,0,0,0,1,1
2025-01-15,2025-01-14,1.166,1.168,1.152,1.156,-0.009399999999999999,-0.00857632933104635,-0.0139,-0.00749035000000009,0.06655086988999992,0.0429,0.035512315408999795,0.03237791932059442,-0.00799047942876574,78.84615384615397,1.6242254424121085,1,0,0,0,1,0,1,1,0,1,0,1,0,1,1,0,0,0,0
2025-01-16,2025-01-15,1.159,1.191,1.152,1.163,0.0060999999999999995,0.003451251078516071,-0.0611,-0.07415071000000006,-0.06813268961500007,-0.009399999999999999,0.039605249461999836,0.017426509417356018,-0.01554183521396646,62.50000000000003,1.0734877503790599,1,1,1,1,1,1,0,0,1,1,0,1,0,1,0,1,1,1,1
2025-01-17,2025-01-16,1.16,1.191,1.155,1.178,0.0129,0.01551724137931032,-0.003,-0.06391670000000005,-0.07692825787000002,0.0060999999999999995,0.03939863011399991,0.01714185761763143,-0.007298023985318647,70.45454545454545,1.2443740124289986,1,0,0,0,1,1,0,1,0,1,0,1,0,1,1,0,0,1,1
2025-01-20,2025-01-17,1.184,1.188,1.163,1.168,-0.0085,-0.013513513513513487,-0.0803,-0.08305910000000005,-0.13908418899000008,0.0129,0.009499350313999955,0.01850250734912673,0.007354198734393691,74.75728155339803,1.1976907090826747,1,1,1,1,1,1,0,1,0,1,1,1,0,1,0,0,0,0,0
2025-01-21,2025-01-17,1.178,1.183,1.16,1.177,0.0077,-0.000848896434634927,-0.0803,-0.08305910000000005,-0.13908418899000008,-0.0085,0.010416521135000023,0.00137174211248281,0.002187996053026664,78.57142857142846,0.8153474929272027,1,1,1,1,1,1,0,0,1,1,1,1,0,1,0,1,1,1,0
2025-01-22,2025-01-21,1.171,1.174,1.157,1.159,-0.015300000000000001,-0.010247651579846306,-0.0371,-0.11442087000000001,-0.11707760739000006,0.0077,0.012023385695000055,0.007360492981855593,0.012037833190025937,78.99999999999993,0.7959401251958862,1,1,0,0,1,1,0,1,0,1,1,1,0,1,0,0,0,0,0
2025-01-23,2025-01-22,1.171,1.187,1.155,1.155,-0.0034999999999999996,-0.013663535439795038,-0.0425,-0.07802324999999999,-0.15205798302499995,-0.015300000000000001,-0.016152208614999886,-0.008554319931565413,-4.313877744699379e-05,44.285714285714306,0.7383048784852715,1,1,1,0,1,1,0,0,1,0,0,0,1,0,0,1,1,0,0
2025-01-24,2025-01-23,1.152,1.167,1.152,1.16,0.0043,0.00694444444444442,0.0059,-0.03685074999999993,-0.07258358717500002,-0.0034999999999999996,-0.011190797664999863,-0.01062189480897724,-0.0003462004500605076,49.2063492063493,1.1567172640238732,0,0,0,0,1,1,0,0,1,0,0,0,0,0,0,1,1,1,1
2025-01-27,2025-01-24,1.161,1.169,1.132,1.134,-0.022400000000000003,-0.023255813953488524,0.0641,0.07037819000000001,0.024887116925000008,0.0043,-0.014527059735000014,-0.0032651658360542957,0.0067259709264482215,47.540983606557276,0.5746800583184837,0,0,0,0,0,0,0,1,0,0,1,0,0,0,0,0,0,0,0
2025-02-05,2025-02-04,1.155,1.161,1.141,1.145,0.0097,-0.008658008658008698,-0.0263,0.023748179999999897,0.031221541714000045,-0.022400000000000003,-0.021632632879999836,-0.019878997407087207,-0.01197996079285557,19.444444444444443,0.6251573640221323,1,1,0,0,0,0,1,0,1,0,0,0,1,0,0,1,1,1,0
2025-02-06,2025-02-05,1.144,1.239,1.141,1.22,0.0655,0.06643356643356646,-0.0583,-0.08306670999999999,-0.035936338894000164,0.0097,-0.00867282430399996,-0.004867025899530697,0.0006554511688878772,34.24657534246586,0.710940753230618,1,1,1,0,1,1,0,1,0,0,1,0,1,0,0,0,0,1,1
2025-02-07,2025-02-06,1.222,1.23,1.191,1.21,-0.008199999999999999,-0.009819967266775809,0.006500000000000001,-0.05217895000000006,-0.07710664361500008,0.0655,0.05173663816000018,0.04919160646714826,0.0637834067227625,65.46762589928055,2.976055443792892,0,0,0,0,1,1,0,1,0,1,1,1,0,1,1,0,0,0,0
2025-02-10,2025-02-07,1.21,1.215,1.192,1.213,0.0025,0.002479338842975354,0.0455,0.052295750000000085,-0.009053092224999948,-0.008199999999999999,0.06701350013000029,0.030840006815471055,0.051168447571887654,69.46564885496181,2.522614052488803,0,0,0,0,0,1,0,0,1,1,1,1,0,1,1,1,1,1,1
2025-02-11,2025-02-10,1.207,1.208,1.186,1.193,-0.0165,-0.011599005799502904,-0.0373,0.006502850000000171,0.01304511852500001,0.0025,0.05940480724999997,0.024147247551502993,0.048808957675846365,72.3076923076923,1.8354005578940047,1,1,0,0,0,0,1,1,0,1,1,1,0,1,1,0,0,0,0
2025-02-12,2025-02-11,1.193,1.228,1.192,1.227,0.0285,0.02849958088851645,-0.0015,-0.03874404999999992,0.004993095725000174,-0.0165,-0.02212611175000001,-0.002675137936799743,0.02769522332773411,61.379310344827616,0.5024999103283435,1,0,0,0,1,0,0,0,1,0,1,0,0,1,0,1,1,1,1
2025-02-13,2025-02-12,1.227,1.23,1.2,1.2,-0.022000000000000002,-0.02200488997555028,-0.0034999999999999996,-0.004994749999999937,-0.04210844582499984,0.0285,0.01405857437499991,0.01187530925284519,0.05276705276705296,80.39215686274511,0.7547429757688431,1,0,0,0,1,1,0,1,0,1,1,1,0,1,0,0,0,0,0
2025-02-14,2025-02-13,1.2,1.203,1.179,1.195,-0.0042,-0.004166666666666541,-0.0374,-0.04076909999999989,-0.042207946349999914,-0.022000000000000002,-0.010723904500000048,-0.007115671024325754,0.026386691185904088,66.27218934911238,0.6325093609251339,1,1,0,0,1,1,0,0,1,0,1,0,0,1,0,1,1,0,0
2025-02-17,2025-02-14,1.187,1.215,1.187,1.208,0.0109,0.017691659646166702,0.0005,-0.03691870000000008,-0.04028948454999992,-0.0042,0.001648333400000146,-0.008792302587922962,0.019146305061617852,37.37373737373744,0.5434240699911025,0,0,0,0,1,1,0,0,1,0,1,1,1,0,0,1,1,1,1
2025-02-18,2025-02-14,1.211,1.243,1.2,1.21,0.0017000000000000001,-0.0008257638315443128,0.0005,-0.03691870000000008,-0.04028948454999992,0.0109,-0.015492172840000151,0.0028225136974930898,0.026033040302373855,49.01960784313725,1.092930189214308,0,0,0,0,1,1,0,1,0,1,1,0,0,0,0,0,0,1,0
2025-02-19,2025-02-18,1.212,1.266,1.21,1.263,0.0438,0.04207920792079212,-0.050300000000000004,-0.049825150000000096,-0.0853616893900001,0.0017000000000000001,0.008365532173999934,0.0016556291390725786,0.023775277096200753,48.514851485148455,1.2578500188124182,1,1,1,0,1,1,1,1,0,1,1,1,0,0,1,0,0,1,1
2025-02-20,2025-02-19,1.263,1.273,1.252,1.264,0.0008,0.0007917656373714888,-0.048,-0.09588560000000002,-0.09543354280000016,0.0438,0.05697122161399992,0.03933508887425918,0.06429594674306904,76.11940298507459,1.3424063175527596,1,1,1,0,1,1,0,1,0,1,1,1,0,1,1,0,0,1,1
2025-02-21,2025-02-20,1.261,1.304,1.261,1.296,0.0253,0.027755749405234065,-0.0075,-0.05513999999999997,-0.10266645799999996,0.0008,0.04641091956800003,0.02931596091205213,0.06031373206945734,68.31683168316829,1.2582091995736109,1,0,0,0,1,1,0,1,0,1,1,1,0,1,1,0,0,1,1
2025-02-24,2025-02-21,1.295,1.32,1.292,1.314,0.0139,0.014671814671814776,0.0913,0.08311525000000008,0.03112571799999997,0.0253,0.07106430651200002,0.0382951450088127,0.08112617309697612,95.28301886792462,1.2921122522250115,0,0,0,0,0,0,0,1,0,1,1,1,0,1,1,0,0,1,1
2025-02-25,2025-02-24,1.294,1.33,1.283,1.305,-0.0068000000000000005,0.008500772797527034,0.0683,0.16583579000000004,0.15709202157500002,0.0139,0.04038331133600015,0.03513470931148599,0.08995893990294879,,2.660302349467321,0,0,0,0,0,0,0,1,0,1,1,1,0,0,1,0,0,0,1
2025-02-26,2025-02-25,1.312,1.316,1.285,1.316,0.0084,0.0030487804878047697,0.0644,0.1370985200000001,0.2409156148760001,-0.0068000000000000005,0.032482718643999986,0.012884197454206658,0.07637743319036594,92.17391304347817,1.1072302031506553,0,0,0,0,0,0,0,0,1,1,1,1,0,1,0,1,1,1,1
2025-02-27,2025-02-26,1.31,1.316,1.27,1.299,-0.0129,-0.008396946564885543,-0.051699999999999996,0.009370520000000049,0.07831052651600023,0.0084,0.015464326031999764,0.013086989992301623,0.07926354205109298,92.74193548387089,1.0351254485856725,1,1,1,0,0,0,1,1,0,1,1,1,0,1,0,0,0,0,0
2025-02-28,2025-02-27,1.289,1.301,1.248,1.256,-0.0331,-0.02560124127230401,0.17920000000000003,0.11823536000000012,0.19024971718400008,-0.0129,-0.011377023152000065,-0.0053598774885146305,0.05924083662902091,70.45454545454535,0.8336059063381078,0,0,0,0,0,0,0,0,1,0,1,0,0,1,0,1,1,0,0
2025-03-03,2025-02-28,1.256,1.266,1.24,1.248,-0.0064,-0.006369426751592355,-0.0483,0.1222446399999999,0.06422459211200016,-0.0331,-0.03755582328400009,-0.03235747303543912,0.019977261653402634,46.92307692307692,0.4002737247522278,1,1,1,0,0,0,1,0,1,0,1,0,0,0,0,1,1,0,0
2025-03-04,2025-03-03,1.232,1.269,1.227,1.26,0.0096,0.022727272727272707,0.105,0.05162850000000008,0.24008032719999983,-0.0064,-0.051681342736,-0.028642590286425906,0.009872147596698522,27.358490566037787,0.3269953343733644,0,0,0,0,0,0,0,0,1,0,1,0,1,0,0,1,1,1,1
2025-03-05,2025-03-04,1.261,1.275,1.254,1.264,0.0032,0.0023790642347343294,-0.0154,0.08798299999999992,0.03543342110000003,0.0096,-0.03006532633600001,-0.012384386267440095,0.014411078013042422,23.000000000000057,0.6528177479796445,1,0,0,0,0,0,1,1,0,0,1,0,1,0,0,0,0,1,1
2025-03-06,2025-03-05,1.275,1.328,1.275,1.314,0.039599999999999996,0.030588235294117805,-0.0639,-0.07831593999999997,0.01846088629999998,0.0032,0.006348603392000163,-0.0011063695274221574,0.012779936701253991,28.42105263157903,0.374289381295766,1,1,1,1,1,0,0,1,0,0,1,1,1,0,0,0,0,1,1
2025-03-07,2025-03-06,1.301,1.32,1.296,1.302,-0.0091,0.000768639508070823,0.122,0.05030420000000002,0.03412951531999986,0.039599999999999996,0.052938816512000164,0.03595080416272456,0.048892436639393244,49.25373134328358,1.4760294878629865,0,0,0,0,0,0,0,1,0,1,1,1,0,0,1,0,0,0,1
2025-03-10,2025-03-07,1.302,1.309,1.278,1.286,-0.0123,-0.01228878648233489,-0.085,0.02662999999999993,-0.03897165699999994,-0.0091,0.033436086848000146,0.01909830932999368,0.035511194178231786,51.16279069767446,0.5749982803942503,1,1,1,1,0,1,1,0,1,1,1,1,0,0,0,1,1,0,0
2025-03-11,2025-03-10,1.277,1.295,1.266,1.285,-0.0008,0.006264682850430692,0.1368,0.040172000000000097,0.16707298400000004,-0.0123,0.017468922428000022,0.0006224712107063546,0.019825535289452967,64.70588235294117,0.8448084764318328,0,0,0,0,0,0,0,0,1,1,1,1,0,1,0,1,1,0,1
2025-03-12,2025-03-11,1.287,1.287,1.263,1.263,-0.0171,-0.018648018648018683,0.0375,0.1794300000000002,0.07917845000000012,-0.0008,-0.022071039544000026,-0.004030382886374251,0.015328697850821582,69.47368421052623,0.5840674923045409,0,0,0,0,0,0,0,0,1,0,1,0,0,1,0,1,1,0,0
2025-03-13,2025-03-12,1.263,1.264,1.23,1.237,-0.0206,-0.0205859065716546,-0.0621,-0.026928749999999946,0.10618739700000024,-0.0171,-0.02996631826399998,-0.020930232558139417,-0.003471674293829996,51.428571428571374,0.9118236255556011,1,1,1,1,1,0,1,0,1,0,0,0,0,0,0,1,1,0,0
2025-03-14,2025-03-13,1.238,1.261,1.234,1.258,0.017,0.016155088852988664,0.013999999999999999,-0.04896940000000005,-0.013305752499999879,-0.0206,-0.03811786180799992,-0.029499450808096572,-0.025408705928697928,39.37007874015751,0.9338926697119637,0,0,0,0,1,1,0,0,1,0,0,0,1,0,0,1,1,1,1
2025-03-17,2025-03-14,1.256,1.268,1.252,1.26,0.0016,0.0031847133757962887,-0.08990000000000001,-0.07715859999999997,-0.13446705094,0.017,-0.02098265158000001,-0.006162110917996566,-0.011317195850361284,21.42857142857136,0.7609375365266381,1,1,1,1,1,1,1,1,0,0,0,0,1,0,0,0,0,1,1
2025-03-18,2025-03-17,1.265,1.278,1.26,1.262,0.0016,-0.00237154150197616,-0.0484,-0.13394883999999996,-0.12182412375999996,0.0016,-0.0023565203199999996,-0.00047596382674897075,-0.0117647058823529,26.136363636363583,0.5375531795001831,1,1,1,0,1,1,0,1,0,0,0,0,1,0,0,0,0,1,0
2025-03-19,2025-03-18,1.262,1.262,1.24,1.245,-0.013500000000000002,-0.01347068145800312,0.031,-0.01890040000000004,-0.10710125404000004,0.0016,0.020257003519999817,0.004777070063694211,-0.012210394489668208,33.78378378378375,0.6486458174540528,0,0,0,0,1,1,0,1,0,1,0,1,1,0,0,0,0,0,0
2025-03-20,2025-03-19,1.249,1.249,1.229,1.23,-0.012,-0.01521216973578876,-0.0163,0.014194700000000005,-0.03489232348000004,-0.013500000000000002,-0.010340674559999874,-0.005908655381667294,-0.024829638912822194,27.7777777777778,0.6484399970519824,1,0,0,0,0,1,1,0,1,0,0,0,1,0,0,1,1,0,0
2025-03-21,2025-03-20,1.235,1.235,1.206,1.211,-0.0154,-0.019433198380566785,0.022099999999999998,0.005439769999999955,0.03660840287,-0.012,-0.02377854079999986,-0.016786570743405393,-0.03529411764705881,30.12048192771084,0.8669655639104882,0,0,0,0,0,0,0,0,1,0,0,0,1,0,0,1,1,0,0
2025-03-24,2025-03-21,1.211,1.233,1.202,1.223,0.009899999999999999,0.009909165978530199,0.0349,0.05777129000000003,0.04052961797299992,-0.0154,-0.04034779479999995,-0.024645618556701,-0.0470194766869958,32.89473684210522,1.0413010989793294,0,0,0,0,0,0,0,0,1,0,0,0,1,0,0,1,1,1,1
2025-03-25,2025-03-24,1.224,1.225,1.211,1.217,-0.0049,-0.005718954248365882,-0.0867,-0.054825830000000075,-0.03393748084299997,0.009899999999999999,-0.01758463048000003,-0.00907470426187007,-0.03411783288579995,23.880597014925414,1.0551643493598546,1,1,1,1,1,1,1,1,0,0,0,0,1,0,0,0,0,0,0
2025-03-26,2025-03-25,1.215,1.225,1.208,1.208,-0.0074,-0.0057613168724280905,0.005699999999999999,-0.08149418999999991,-0.049438337230999996,-0.0049,-0.010524762946000021,-0.00669278485145286,-0.03550483436360752,19.71830985915497,0.8045258393968018,0,0,0,0,1,1,0,0,1,0,0,0,1,0,0,1,1,0,0
2025-03-27,2025-03-26,1.208,1.24,1.198,1.225,0.0141,0.01407284768211925,0.08650000000000001,0.09269305000000005,-0.0020434374349999063,-0.0074,-0.0024851510259998877,-0.008047298406963388,-0.03852276345113026,15.384615384615387,0.7761982545096451,0,0,0,0,0,1,0,0,1,0,0,0,1,0,0,1,1,1,1
2025-03-28,2025-03-27,1.225,1.239,1.201,1.202,-0.018799999999999997,-0.018775510204081747,0.0571,0.14853914999999995,0.15508582315500008,0.0141,0.0016633412660000957,0.006738987508218441,-0.022112237566855653,37.17948717948721,1.2066698014882853,0,0,0,0,0,0,0,1,0,1,0,1,1,0,1,0,0,0,0
2025-03-31,2025-03-28,1.2,1.213,1.192,1.205,0.0025,0.004166666666666874,0.0955,0.15805304999999992,0.2582246388249998,-0.018799999999999997,-0.012328338407999961,-0.010699588477366406,-0.03839999999999999,33.720930232558175,1.1720743414505903,0,0,0,0,0,0,0,0,1,0,0,0,1,0,0,1,1,1,1
2025-04-01,2025-03-31,1.205,1.228,1.202,1.218,0.0108,0.010788381742738551,0.0069,0.10305894999999987,0.16604361604499984,0.0025,-0.0024774927000000835,-0.005283143470364848,-0.034339063188684626,45.71428571428574,1.1172987924533357,0,0,0,0,0,0,0,1,0,0,0,0,0,0,0,0,0,1,1
2025-04-02,2025-04-01,1.22,1.227,1.204,1.213,-0.0040999999999999995,-0.0057377049180327155,-0.001,0.0058930999999999845,0.1019558910499998,0.0108,-0.005723547600000156,0.005282271376692016,-0.02227573750752576,46.47887323943656,1.2612583136027793,1,0,0,0,0,0,1,1,0,1,0,0,0,0,1,0,0,0,0
2025-04-03,2025-04-02,1.212,1.231,1.203,1.214,0.0008,0.0016501650165017256,-0.0207,-0.021679300000000068,-0.014928887170000071,-0.0040999999999999995,0.009172359299999933,0.00032986970146797745,-0.02429214929214929,47.142857142857146,0.8038329447169226,1,1,0,0,1,1,0,0,1,1,0,1,0,0,0,1,1,1,1
2025-04-07,2025-04-04,1.153,1.195,1.093,1.112,-0.084,-0.03555941023417164,0.2366,0.6051068,0.5718810892399999,0.0008,0.007461044575999942,0.002974223397223863,-0.01954450008076236,54.83870967741936,1.2291072156543008,0,0,0,0,0,0,0,1,0,1,0,1,0,0,1,0,0,0,0
2025-04-08,2025-04-07,1.113,1.151,1.103,1.125,0.011699999999999999,0.010781671159029615,-0.0696,0.15053264,0.49339136672000006,-0.084,-0.08702580448000008,-0.06742703790674276,-0.09497843248962301,11.564625850340079,1.5373997593429385,1,1,1,1,0,0,1,0,1,0,0,0,1,0,1,1,1,1,1
2025-04-09,2025-04-08,1.107,1.194,1.094,1.177,0.0462,0.06323396567299011,0.1103,0.03302311999999996,0.27743639019200006,0.011699999999999999,-0.07254142624000004,-0.043692621557293476,-0.07835989022242251,21.897810218978023,1.0669435506865965,0,0,0,0,0,0,0,1,0,0,0,0,1,0,0,0,0,1,1
2025-04-11,2025-04-10,1.185,1.246,1.17,1.224,0.031200000000000002,0.032911392405063244,0.22949999999999998,,,0.0085,0.06743728458999998,0.020636285468615734,-0.020182426018407584,41.53005464480874,1.0794129531841052,0,0,0,0,0,0,0,1,0,1,0,1,1,0,0,0,0,1,1
2025-04-14,2025-04-11,1.24,1.241,1.21,1.22,-0.0033,-0.016129032258064502,-0.0625,0.15265624999999994,,0.031200000000000002,0.08801159223999977,0.0506437768240342,0.01090188305252715,52.558139534883715,1.360596560220748,1,1,1,1,0,0,1,1,0,1,1,1,0,0,1,0,0,0,0
2025-04-15,2025-04-14,1.218,1.218,1.197,1.209,-0.009000000000000001,-0.00738916256157629,-0.018000000000000002,-0.07937499999999997,0.13190843749999992,-0.0033,0.03653331484,0.028147648744311526,0.009181900901646056,51.37614678899083,1.2583816440652458,1,0,0,0,1,0,0,0,1,1,1,1,0,0,1,1,1,0,0
2025-04-16,2025-04-15,1.208,1.22,1.185,1.214,0.0040999999999999995,0.004966887417218624,-0.014499999999999999,-0.03223900000000002,-0.09272406249999998,-0.009000000000000001,0.018546866639999715,0.004653481801562442,0.00219670908111258,88.18897637795281,0.8217008270527824,1,0,0,0,1,1,0,0,1,1,1,1,0,1,0,1,1,1,1
2025-04-17,2025-04-16,1.212,1.232,1.211,1.215,0.0008,0.0024752475247524774,0.11779999999999999,0.10159189999999985,0.08176324579999994,0.0040999999999999995,-0.008220608229999926,0.0026428807400065146,0.008347522737655044,87.39495798319334,0.662527178308948,0,0,0,0,0,0,0,1,0,1,1,0,0,1,0,0,0,1,1
2025-04-18,2025-04-17,1.215,1.215,1.192,1.2,-0.0123,-0.012345679012345734,0.0182,0.13814395999999984,0.12164087257999978,0.0008,-0.004140849520000156,-0.0011509371917131084,0.010437024408499473,77.94117647058833,1.5219028019648655,0,0,0,0,0,0,0,1,0,0,1,0,0,1,1,0,0,0,0
2025-04-21,2025-04-17,1.2,1.214,1.2,1.213,0.0108,0.010833333333333472,0.0182,0.13814395999999984,0.12164087257999978,-0.0123,-0.007457030344000026,-0.009574116870254223,-0.0007910404263293813,58.904109589041035,0.456945431633248,0,0,0,0,0,0,0,0,1,0,0,0,0,1,0,1,1,1,1
2025-04-22,2025-04-21,1.22,1.233,1.202,1.221,0.0066,0.0008196721311475308,0.0525,0.0716555000000001,0.19789651789999985,0.0108,-0.0008341462720001802,0.002313667162452626,0.009949627409350237,38.77551020408176,0.5669983722933337,0,0,0,0,0,0,0,1,0,1,1,0,1,0,0,0,0,1,1
2025-04-23,2025-04-22,1.216,1.225,1.203,1.215,-0.0049,-0.0008223684210525439,-0.056799999999999996,-0.007282000000000011,0.010785467600000098,0.0066,0.004956383255999786,0.006927263730826194,0.016695116366209906,50.943396226415196,0.6136138466958713,1,1,1,0,1,0,1,1,0,1,1,1,0,0,0,0,0,0,0
2025-04-24,2025-04-23,1.216,1.216,1.198,1.203,-0.009899999999999999,-0.010690789473684181,-0.11460000000000001,-0.16489072000000005,-0.1210474828,-0.0049,0.012485670727999887,0.0018139841688653568,0.011783320148228471,56.249999999999964,0.7757792034056785,1,1,1,1,1,1,0,0,1,1,1,1,0,1,0,1,1,0,0
2025-04-25,2025-04-24,1.197,1.21,1.185,1.207,0.0033,0.00835421888053478,-0.174,-0.2686596,-0.31019973471999995,-0.009899999999999999,-0.008248849834000205,-0.006113681427627249,0.001999000499750103,40.00000000000016,0.5716532123318646,1,1,1,1,1,1,0,0,1,0,1,0,1,0,0,1,1,1,1
2025-04-28,2025-04-25,1.207,1.212,1.195,1.203,-0.0033,-0.003314001657000798,-0.0262,-0.19564119999999996,-0.28782071848,0.0033,-0.01150016991699998,-0.003961049678164685,0.006084854546970053,43.1034482758621,0.731833752787986,1,1,0,0,1,1,0,1,0,0,1,0,1,0,0,0,0,0,0
2025-04-29,2025-04-28,1.202,1.209,1.2,1.209,0.005,0.005823627287853572,0.0075,-0.018896499999999983,-0.18960850899999993,-0.0033,-0.009910782188999878,-0.005620763762605341,0.002708897687018208,53.19148936170223,0.4537034280898891,0,0,0,0,1,1,0,0,1,0,1,0,0,0,0,1,1,1,1
2025-04-30,2025-04-29,1.207,1.213,1.203,1.213,0.0033,0.004971002485501197,0.0321,0.03984074999999998,0.012596922349999984,0.005,0.0049890555500000655,0.0013251615040581477,0.00754198091587166,45.0,0.7760989098167628,0,0,0,0,0,0,0,1,0,1,1,1,0,0,0,0,0,1,1
2025-05-06,2025-05-05,1.216,1.238,1.213,1.238,0.0206,0.018092105263157965,0.0206,-0.08278677999999995,-0.078384156544,0.0033,0.0049890555500000655,0.004971002485501197,0.011086104859548307,38.888888888888886,1.0597886590976267,0,0,0,0,1,1,0,1,0,1,1,1,1,0,0,0,0,1,1
2025-05-07,2025-05-06,1.246,1.255,1.226,1.234,-0.0032,-0.009630818619582704,0.032799999999999996,0.05407567999999996,-0.05270218638400004,0.0206,0.029087819899999978,0.01976935749588149,0.03085057662683699,70.90909090909085,1.4213930238753725,0,0,0,0,0,1,0,1,0,1,1,1,0,1,1,0,0,0,0
2025-05-08,2025-05-07,1.234,1.238,1.222,1.231,-0.0024,-0.002431118314424552,-0.0513,-0.02018264000000003,1.5976159999375739e-06,-0.0032,0.020691282464000205,0.011973101525340368,0.026665002703939455,82.97872340425528,2.0899674233960637,1,1,1,0,1,0,1,0,1,1,1,1,0,1,1,1,1,0,0
2025-05-09,2025-05-08,1.226,1.23,1.201,1.205,-0.021099999999999997,-0.01712887438825439,-0.0311,-0.08080457000000008,-0.050654959895999996,-0.0024,0.014892478207999993,0.004897959183673528,0.019124099677125583,76.08695652173925,0.6538970849145906,1,1,0,0,1,1,0,0,1,1,1,1,0,1,0,1,1,0,0
2025-05-12,2025-05-09,1.21,1.217,1.199,1.207,0.0017000000000000001,-0.0024793388429751317,-0.030299999999999997,-0.06045767000000002,-0.10865619152900008,-0.021099999999999997,-0.026574322048000032,-0.01568371181179551,-0.005693539070880549,51.470588235294116,0.74994736733022,1,1,0,0,1,1,0,0,1,0,0,0,0,0,0,1,1,1,0
2025-05-13,2025-05-12,1.211,1.216,1.199,1.2,-0.0058,-0.009083402146986108,-0.2163,-0.24004610999999998,-0.2636806759789999,0.0017000000000000001,-0.02178922391199989,-0.013082583810302584,-0.005274435470578487,48.43749999999999,1.901140189431879,1,1,1,1,1,1,0,1,0,0,0,0,0,0,1,0,0,0,0
2025-05-14,2025-05-13,1.201,1.212,1.195,1.204,0.0033,0.0024979184013320666,-0.0837,-0.2818956899999999,-0.303654250593,-0.0058,-0.025123141954000006,-0.01267072568701666,-0.011572834726741199,40.298507462686466,2.5099404070078237,1,1,1,1,1,1,0,0,1,0,0,0,1,0,1,1,1,1,1
2025-05-15,2025-05-14,1.214,1.214,1.181,1.184,-0.0166,-0.02471169686985175,-0.0131,-0.09570352999999998,-0.29130285646099996,0.0033,-0.0008234225379999405,-0.0044650239788325274,-0.007460533366308253,13.043478260869563,0.6467412154265141,1,0,0,0,1,1,0,1,0,0,0,0,1,0,0,0,0,0,0
2025-05-16,2025-05-15,1.176,1.188,1.176,1.181,-0.0025,0.004251700680272252,0.018500000000000003,0.005157649999999903,-0.07897404530499996,-0.0166,-0.019077322275999897,-0.013333333333333308,-0.022497420020640035,9.677419354838719,0.4003974556841958,0,0,0,0,0,1,0,0,1,0,0,0,1,0,0,1,1,0,1
2025-05-19,2025-05-16,1.178,1.19,1.174,1.189,0.0068000000000000005,0.009337860780984863,0.0043,0.02287954999999986,0.009479827894999904,-0.0025,-0.015821393049999855,-0.01188085676037487,-0.023845931313799085,9.677419354838719,0.14455940129807082,0,0,0,0,0,0,0,0,1,0,0,0,1,0,0,1,1,1,1
2025-05-20,2025-05-19,1.185,1.192,1.183,1.189,0.0,0.0033755274261604296,0.019,0.02338169999999984,0.042314261449999835,0.0068000000000000005,-0.012388097799999942,-0.002181940248405456,-0.0162171107066027,31.818181818181813,0.20884978493007086,0,0,0,0,0,0,0,1,0,0,0,0,1,0,0,0,0,0,1
2025-05-21,2025-05-20,1.195,1.195,1.18,1.18,-0.0076,-0.012552301255230214,0.0051,0.024196899999999966,0.028600946669999905,0.0,0.004283000000000037,-0.0003363040188330002,-0.01515779011016316,28.57142857142857,0.4921212440087618,0,0,0,0,0,0,0,0,0,0,0,1,1,0,0,0,0,0,0
2025-05-22,2025-05-21,1.18,1.193,1.173,1.181,0.0008,0.0008474576271186862,0.0556,0.06098356000000016,0.08114224764000011,-0.0076,-0.0008516800000001323,-0.003883167313861402,-0.021802205089944682,27.272727272727266,0.7678350262081881,0,0,0,0,0,0,0,0,1,0,0,0,1,0,0,1,1,1,1
2025-05-23,2025-05-22,1.181,1.188,1.164,1.165,-0.013500000000000002,-0.013547840812870415,0.0279,0.08505124000000008,0.09058500132400016,0.0008,-0.006806080000000159,-0.0025337837837836608,-0.019672947621814596,21.951219512195337,1.1387112017024381,0,0,0,0,0,0,0,1,0,0,0,0,1,0,0,0,0,0,0
2025-05-26,2025-05-23,1.165,1.183,1.162,1.175,0.0086,0.008583690987124415,0.04650000000000001,0.07569735,0.13550612266000006,-0.013500000000000002,-0.02021419792000012,-0.013380758807588156,-0.030701389466677664,24.32432432432455,1.600376275159691,0,0,0,0,0,0,0,0,1,0,0,0,1,0,1,1,1,1,1
2025-05-27,2025-05-23,1.175,1.175,1.167,1.169,-0.0051,-0.005106382978723456,0.04650000000000001,0.07569735,0.13550612266000006,0.0086,-0.004220112880000126,-0.002546689303905003,-0.020751729310775846,43.181818181818215,2.190313257814836,0,0,0,0,0,0,0,1,0,0,0,0,1,0,1,0,0,0,0
2025-05-28,2025-05-27,1.169,1.169,1.151,1.155,-0.012,-0.0119760479041916,-0.1001,-0.05825464999999996,-0.03197995473499993,-0.0051,-0.010090517889999928,-0.004258943781942026,-0.024369888165581832,26.190476190476318,0.46176483802848545,1,1,1,1,1,1,1,0,1,0,0,0,1,0,0,1,1,0,0
2025-05-29,2025-05-28,1.155,1.178,1.155,1.178,0.0199,0.019913419913419883,0.0165,-0.08525165000000001,-0.04271585172500003,-0.012,-0.008585333680000029,-0.0119760479041916,-0.033957845433255196,19.642857142857252,0.7608205590622182,0,0,0,0,1,1,0,0,1,0,0,0,1,0,0,1,1,1,1
2025-05-30,2025-05-29,1.175,1.175,1.162,1.166,-0.0102,-0.007659574468085184,-0.0105,0.005826749999999992,-0.09485650767499998,0.0199,0.002522127880000058,0.008216364258815556,-0.013689454515008248,48.57142857142857,1.0349922239502334,1,0,0,0,0,1,1,1,0,1,0,1,0,0,0,0,0,0,0
2025-06-03,2025-06-02,1.166,1.185,1.157,1.176,0.0086,0.00857632933104635,-0.0455,0.013106300000000015,0.0024686838499998753,-0.0102,-0.0026169442399999188,-0.0022248844771523,-0.0219761784935415,40.74074074074066,0.9440130175093295,1,1,1,0,0,0,1,0,1,0,0,0,1,0,0,1,1,1,1
2025-06-04,2025-06-03,1.176,1.179,1.171,1.175,-0.0009,-0.0008503401360543394,-0.0825,-0.12424625,-0.07047496975,0.0086,0.018178694371999926,0.006160164271047375,-0.01205527785945315,57.33333333333327,1.0550183269324593,1,1,1,1,1,1,0,1,0,1,0,1,0,1,0,0,0,0,0
2025-06-05,2025-06-04,1.178,1.187,1.173,1.184,0.0077,0.005093378607809784,-0.042300000000000004,-0.12131025000000006,-0.16129063362499996,-0.0009,-0.0025862010520000256,0.00427350427350448,-0.010276280323450071,50.0,0.45296034694835086,1,1,1,0,1,1,0,0,1,1,0,0,0,0,0,1,1,1,1
2025-06-06,2025-06-05,1.187,1.188,1.18,1.184,0.0,-0.002527379949452513,0.011000000000000001,-0.03176530000000011,-0.11164466275000018,0.0077,0.015451490402000001,0.006973975165844415,-0.0005908668861314137,60.869565217391276,0.8394010342964469,0,0,0,0,1,1,0,1,0,1,0,1,0,1,0,0,0,0,0
2025-06-09,2025-06-06,1.183,1.193,1.18,1.188,0.0034000000000000002,0.004226542688080981,-0.016399999999999998,-0.005580400000000041,-0.04764434908000004,0.0,0.006793070000000068,0.005947323704333041,0.0013955258595170772,76.36363636363642,0.6882668418720491,1,0,0,0,1,1,1,0,0,1,1,1,0,1,0,0,0,1,1
2025-06-10,2025-06-09,1.188,1.188,1.155,1.159,-0.024399999999999998,-0.024410774410774327,-0.0722,-0.08741591999999998,-0.07737749512000003,0.0034000000000000002,0.011126180000000208,0.005586592178770999,0.00550148116800675,63.88888888888898,2.125726834868109,1,1,1,1,1,1,0,1,0,1,1,1,0,1,1,0,0,0,0
2025-06-11,2025-06-10,1.155,1.173,1.155,1.163,0.0034999999999999996,0.006926406926407003,-0.06280000000000001,-0.13046584000000006,-0.14472620022399996,-0.024399999999999998,-0.021082959999999873,-0.016129032258064613,-0.017046900178101954,43.39622641509441,1.597973053258295,1,1,1,1,1,1,0,0,1,0,0,0,1,0,1,1,1,1,1
2025-06-12,2025-06-11,1.163,1.167,1.145,1.147,-0.0138,-0.013757523645743786,0.0106,-0.052865680000000026,-0.12124877790400013,0.0034999999999999996,-0.017656750359999807,-0.010717931269138892,-0.012104480781482185,36.17021276595747,0.4397593439697834,0,0,0,0,1,1,0,1,0,0,0,0,1,0,0,0,0,0,0
2025-06-13,2025-06-12,1.145,1.157,1.14,1.152,0.0044,0.0061135371179037445,-0.0053,0.00524382000000001,-0.05788549189600001,-0.0138,-0.03449580147999998,-0.018147577469611487,-0.02333106267029983,27.419354838709594,1.5052494296965373,1,0,0,0,0,1,1,0,1,0,0,0,1,0,1,1,1,1,1
2025-06-16,2025-06-13,1.151,1.155,1.145,1.152,0.0,0.0008688097306688292,0.0762,0.07049614000000015,0.08184339908399996,0.0044,-0.005993832519999964,-0.008435186779135906,-0.017735334242837797,22.41379310344817,1.8460192821524801,0,0,0,0,0,0,0,1,0,0,0,0,1,0,1,0,0,0,1
2025-06-17,2025-06-16,1.152,1.155,1.143,1.147,-0.0043,-0.004340277777777679,-0.0924,-0.02324088000000002,-0.02841770333599991,0.0,-0.009460720000000089,-0.002251862116750325,-0.01651940069150981,22.41379310344817,0.6263591092432625,1,1,1,1,1,1,1,0,0,0,0,0,1,0,0,0,0,0,0
2025-06-18,2025-06-17,1.15,1.164,1.145,1.159,0.0105,0.007826086956521872,0.022799999999999997,-0.07170672000000011,-0.0009707720640000916,-0.0043,8.107999999995563e-05,-0.004513105363652015,-0.01902929228137684,15.2542372881355,0.9215433616163816,0,0,0,0,1,1,0,0,1,0,0,1,1,0,0,1,1,1,1
2025-06-19,2025-06-18,1.159,1.178,1.154,1.165,0.0052,0.0051768766177739955,-0.0095,0.013083399999999967,-0.0805255061600001,0.0105,0.006154849999999934,0.0066006600660066805,-0.0074930421751231435,50.0,0.6127903286349017,1,0,0,0,0,1,1,1,0,1,0,1,0,0,0,0,0,1,1
2025-06-20,2025-06-18,1.173,1.181,1.165,1.171,0.0052,-0.0017050298380221207,-0.0095,0.013083399999999967,-0.0805255061600001,0.0052,0.011386855220000047,0.008658008658008587,-0.001713796058269046,52.27272727272729,0.9643652608037395,1,0,0,0,0,1,1,1,0,1,0,1,0,0,0,0,0,1,0
2025-06-23,2025-06-20,1.168,1.207,1.168,1.201,0.0256,0.028253424657534332,0.0203,0.01060715000000001,0.03364899301999991,0.0052,0.021036523920000105,0.010528132550915004,0.003857693956279551,85.29411764705905,2.788287236320189,0,0,0,0,0,0,0,1,0,1,1,1,0,1,1,0,0,1,1
2025-06-24,2025-06-23,1.2,1.209,1.195,1.209,0.0067,0.007500000000000062,-0.0178,0.002138659999999959,-0.007381657270000064,0.0256,0.036293972224000326,0.027725483484511315,0.027989386287768703,91.52542372881373,0.9043894382762254,1,0,0,0,0,1,1,1,0,1,1,1,0,1,0,0,0,1,1
2025-06-25,2025-06-24,1.208,1.218,1.198,1.218,0.0074,0.008278145695364225,-0.1185,-0.1341907000000001,-0.11661477121000008,0.0067,0.037840371904000136,0.023708721422523338,0.03333333333333344,92.53731343283597,0.7638418355304016,1,1,1,1,1,1,0,1,0,1,1,1,0,1,0,0,0,1,1
2025-06-26,2025-06-25,1.216,1.223,1.204,1.205,-0.010700000000000001,-0.009046052631578871,-0.026600000000000002,-0.14194790000000002,-0.1572212273800001,0.0074,0.040111809248000174,0.021126760563380254,0.03885027080046055,,0.45084767725958746,1,1,0,0,1,1,0,1,0,1,1,1,0,0,0,0,0,0,0
2025-06-27,2025-06-26,1.209,1.22,1.206,1.209,0.0033,0.0,-0.021099999999999997,-0.04713873999999996,-0.16005279931000005,-0.010700000000000001,0.0032981794939999087,0.0034976682211860233,0.025575556406655542,81.94444444444454,0.8000821865936885,1,1,0,0,1,1,0,0,1,1,1,1,0,1,0,1,1,1,0
2025-06-30,2025-06-27,1.211,1.236,1.211,1.231,0.0182,0.01651527663088359,0.0013,-0.01982742999999998,-0.045900020361999916,0.0033,-9.033129399982354e-05,0.0004965243296921606,0.027624309392265234,81.42857142857153,1.2121562514422934,0,0,0,0,1,1,0,1,0,1,1,0,0,1,1,0,0,1,1
2025-07-01,2025-06-30,1.234,1.249,1.229,1.239,0.006500000000000001,0.004051863857374549,0.0013,0.002601690000000101,-0.01855320565899987,0.0182,0.01062936735800002,0.013669301712780024,0.04344140707777089,84.88372093023264,1.1197330155884366,0,0,0,0,0,1,0,1,0,1,1,1,0,1,0,0,0,1,1
2025-07-02,2025-07-01,1.239,1.24,1.209,1.216,-0.018600000000000002,-0.018563357546408477,0.0139,0.015218070000000194,0.01653785349100012,0.006500000000000001,0.028200200390000152,0.015240904621435458,0.047425817905148326,79.6875000000001,1.2679158613361647,0,0,0,0,0,0,0,1,0,1,1,1,0,1,1,0,0,0,0
2025-07-03,2025-07-02,1.216,1.22,1.207,1.214,-0.0016,-0.00164473684210531,-0.056299999999999996,-0.04318257000000003,-0.0419387073409998,-0.018600000000000002,0.005756679619999927,-0.003278688524590345,0.02620363728427333,54.43037974683537,1.063184727088645,1,1,1,0,1,1,1,0,1,0,1,1,0,0,0,1,1,0,0
2025-07-04,2025-07-03,1.21,1.246,1.2,1.224,0.008199999999999999,0.011570247933884392,-0.0132,-0.06875684000000004,-0.055812560075999995,-0.0016,-0.013801346559999983,-0.0063840235717793625,0.02322053183867845,47.22222222222222,0.45657536970492096,1,0,0,0,1,1,0,0,1,0,1,0,0,0,0,1,1,1,1
2025-07-07,2025-07-03,1.222,1.233,1.22,1.222,-0.0016,0.0,-0.0132,-0.06875684000000004,-0.055812560075999995,0.008199999999999999,-0.012135635968000047,-0.0006531678641410466,0.029912911775842543,63.768115942028885,1.1698451079384657,1,0,0,0,1,1,0,1,0,0,1,0,0,1,0,0,0,0,0
2025-07-08,2025-07-07,1.232,1.239,1.227,1.235,0.0106,0.0024350649350650677,0.0564,0.04245552000000008,-0.016234725776000047,-0.0016,0.004976340991999839,-0.0008176614881439948,0.026761332605133692,59.701492537313335,0.6945273397874923,0,0,0,0,0,1,0,0,1,0,1,1,0,1,0,1,1,1,1
2025-07-09,2025-07-08,1.235,1.239,1.223,1.224,-0.0089,-0.00890688259109318,-0.0546,-0.0012794400000000206,-0.014462551391999923,0.0106,0.017256700927999802,0.010472917689412498,0.034381674274467144,53.44827586206896,0.5993749448365011,1,1,1,0,1,1,1,1,0,1,1,1,0,0,0,0,0,0,0
2025-07-10,2025-07-09,1.224,1.228,1.215,1.221,-0.0025,-0.002450980392156743,-0.0108,-0.06481031999999998,-0.012065622048000102,-0.0089,3.0909439998616506e-06,0.00016342539630653796,0.022556390977443552,37.704918032786864,0.7982028204973388,1,0,0,0,1,1,0,0,1,1,1,1,1,0,0,1,1,0,0
2025-07-11,2025-07-10,1.225,1.233,1.214,1.229,0.0066,0.0032653061224490187,-0.029900000000000003,-0.040377080000000065,-0.09277249143200006,-0.0025,-0.000898354150000058,-0.003428011753182969,0.016906804364121175,56.09756097560987,0.7547881466250993,1,1,0,0,1,1,0,0,1,0,1,0,0,1,0,1,1,1,1
2025-07-14,2025-07-11,1.225,1.228,1.214,1.218,-0.009000000000000001,-0.005714285714285783,0.005600000000000001,-0.024467440000000007,-0.03500319164800003,0.0066,-0.004852843150000008,0.002283477409884327,0.02029803661118268,65.95744680851072,1.1474436144174884,0,0,0,0,1,1,0,1,0,1,1,0,0,1,0,0,0,0,0
2025-07-15,2025-07-14,1.208,1.223,1.207,1.212,-0.0049,0.0033112582781456013,0.0279,0.033656240000000004,0.002749918424000075,-0.009000000000000001,-0.004953251500000144,-0.006038844458952197,0.008403361344537785,43.750000000000036,1.004870791046389,0,0,0,0,0,0,0,0,1,0,1,0,1,0,0,1,1,0,1
2025-07-16,2025-07-15,1.214,1.224,1.208,1.212,0.0,-0.0016474464579900872,-0.0271,4.3910000000035865e-05,0.0056441558960000915,-0.0049,-0.007347348940000109,-0.007208387942332806,0.0007431260837253983,40.38461538461543,0.8435007924328948,1,1,0,0,0,0,1,0,1,0,1,0,1,0,0,1,1,0,0
2025-07-17,2025-07-16,1.21,1.216,1.2,1.214,0.0017000000000000001,0.0033057851239668423,0.005600000000000001,-0.02165176000000002,0.0056441558960000915,0.0,-0.013855900000000032,-0.005252790544977182,-0.0014418125643665958,20.512820512820454,0.828865583945742,0,0,0,0,1,0,0,0,0,0,0,0,1,0,0,0,0,1,1
2025-07-18,2025-07-17,1.218,1.233,1.217,1.225,0.0091,0.005747126436781658,-0.0097,-0.004154320000000045,-0.031141737928000013,0.0017000000000000001,-0.0032083299999999815,-0.0024650780608053147,-0.0018089130077291182,33.33333333333333,1.3679457349055488,1,0,0,0,1,1,1,1,0,0,0,0,1,0,1,0,0,1,1
2025-07-21,2025-07-18,1.227,1.229,1.218,1.225,0.0,-0.0016299918500407573,0.0014000000000000002,-0.008313579999999932,-0.0027601360479999615,0.0091,0.01081547000000005,0.007235652030915807,0.0050045122651571905,55.26315789473681,1.3328568541898982,0,0,0,0,1,1,0,1,0,1,1,1,0,1,1,0,0,0,0
2025-07-22,2025-07-21,1.224,1.24,1.218,1.233,0.006500000000000001,0.007352941176470784,-0.0042,-0.0028058799999999273,-0.01247866296399991,0.0,0.01081547000000005,0.006077529566360207,0.004016064257028162,43.33333333333338,1.4099670651218328,1,0,0,0,1,1,1,0,0,1,1,1,1,0,1,0,0,1,1
2025-07-23,2025-07-22,1.233,1.271,1.232,1.264,0.025099999999999997,0.02514193025141931,0.0421,0.03772317999999997,0.0391759924520001,0.006500000000000001,0.015659150000000066,0.009166803077426788,0.009579955784819516,77.77777777777787,2.6541760786385766,0,0,0,0,0,0,0,1,0,1,1,1,0,1,1,0,0,1,1
2025-07-24,2025-07-23,1.26,1.283,1.258,1.283,0.015,0.01825396825396819,0.0175,0.06033675000000005,0.05588333565000014,0.025099999999999997,0.03176314999999974,0.025807498782665084,0.03301732592350448,,1.718741811920596,0,0,0,0,0,0,0,1,0,1,1,1,0,0,1,0,0,1,1
2025-07-25,2025-07-24,1.285,1.295,1.273,1.294,0.0086,0.007003891050583855,0.009300000000000001,0.026962750000000257,0.07019788177500019,0.015,0.04723959724999971,0.029695024077046384,0.04521384928716898,,0.6001413539690896,0,0,0,0,0,0,0,1,0,1,1,1,0,0,0,0,0,1,1
2025-07-28,2025-07-25,1.29,1.297,1.284,1.292,-0.0015,0.0015503875968991832,0.0026,0.011924180000000062,0.029632853150000082,0.0086,0.049424597899999645,0.027147166216860086,0.05053785264867061,,0.7875419741820018,0,0,0,0,0,0,0,1,0,1,1,1,0,0,0,0,0,0,1
2025-07-29,2025-07-28,1.292,1.308,1.28,1.307,0.0116,0.011609907120742946,-0.054900000000000004,-0.05244274000000004,-0.043630457481999896,-0.0015,0.022193406500000012,0.014765944077913762,0.04632329122125034,97.1830985915493,0.3879040029713529,1,1,1,0,1,1,1,0,1,1,1,1,0,1,0,1,1,1,1
2025-07-30,2025-07-29,1.307,1.315,1.286,1.297,-0.0077,-0.007651109410864554,-0.0040999999999999995,-0.0587749099999999,-0.05632772476600001,0.0116,0.018769310359999958,0.014751552795031264,0.05556452915522536,97.67441860465115,0.8444563822139634,1,0,0,0,1,1,0,1,0,1,1,1,0,1,0,0,0,0,0
2025-07-31,2025-07-30,1.29,1.302,1.262,1.267,-0.0231,-0.01782945736434116,-0.0194,-0.023420459999999976,-0.07703467674599984,-0.0077,0.0023049639799999078,0.0018538544724238104,0.044073254175890586,86.36363636363633,1.5996612917431416,1,0,0,0,1,1,0,0,1,1,1,1,0,1,1,1,1,0,0
2025-08-01,2025-07-31,1.267,1.275,1.248,1.26,-0.0055000000000000005,-0.0055248618784529135,0.0935,0.07228609999999991,0.06788972698999984,-0.0231,-0.019377346708000065,-0.01889422332352486,0.01775242991404924,51.72413793103441,1.86533080844459,0,0,0,0,0,0,0,0,1,0,1,0,0,0,1,1,1,0,0
2025-08-04,2025-08-01,1.26,1.264,1.247,1.263,0.0024,0.0023809523809523725,0.037599999999999995,0.13461560000000006,0.11260405736000001,-0.0055000000000000005,-0.035953708285,-0.019149929939280663,0.01066816395283543,34.666666666666714,0.9208973493926068,0,0,0,0,0,0,0,0,1,0,1,0,1,0,0,1,1,1,1
2025-08-05,2025-08-04,1.263,1.267,1.258,1.266,0.0024,0.002375296912114022,-0.04,-0.0039039999999999075,0.08923097600000007,0.0024,-0.02614128508000002,-0.012355333124804524,0.011411411411411443,26.865671641790854,0.3100315816454907,1,1,1,0,1,0,1,1,0,0,1,0,1,0,0,0,0,1,1
2025-08-06,2025-08-05,1.266,1.278,1.262,1.277,0.0087,0.008688783570300007,0.0208,-0.02003200000000005,0.016814796800000087,0.0024,-0.0007206716800001178,-0.0036203368487328635,0.012556986323282393,30.882352941176407,0.36788289361012166,0,0,0,0,1,0,0,1,0,0,1,0,1,0,0,0,0,1,1
2025-08-07,2025-08-06,1.277,1.295,1.27,1.279,0.0016,0.001566170712607784,0.0229,0.044176319999999825,0.0024092671999997872,0.0087,0.01354757011200003,0.008210958471498442,0.01919470050680383,26.562499999999915,0.6427742439128641,0,0,0,0,0,0,0,1,0,1,1,1,1,0,0,0,0,1,1
2025-08-08,2025-08-07,1.276,1.279,1.262,1.263,-0.0125,-0.010188087774294807,-0.0461,-0.024255690000000052,-0.003960208352000172,0.0016,0.012738673407999723,0.007880220646178104,0.018433730142930926,33.92857142857136,1.2577930762683796,1,1,1,0,1,1,1,1,0,1,1,1,1,0,1,0,0,0,0
2025-08-11,2025-08-08,1.262,1.275,1.26,1.265,0.0016,0.002377179080824021,-0.026099999999999998,-0.07099679000000003,-0.04972261649100007,-0.0125,-0.002315003999999954,-0.005198487712665512,0.004333823704822937,45.23809523809521,1.4826436903875475,1,1,0,0,1,1,0,0,1,0,1,0,0,0,1,1,1,1,1
2025-08-12,2025-08-11,1.265,1.286,1.261,1.28,0.011899999999999999,0.011857707509881577,0.004,-0.022204400000000013,-0.06728077716000003,0.0016,-0.009337471999999902,-0.003937007874015852,0.004047940312723153,56.75675675675662,0.7568994889267462,0,0,0,0,1,1,0,1,0,0,1,0,0,1,0,0,0,1,1
2025-08-13,2025-08-12,1.28,1.305,1.28,1.298,0.0141,0.014062500000000089,-0.09609999999999999,-0.09248439999999991,-0.11617055716000002,0.011899999999999999,0.0008500520000001011,0.0056568196103079504,0.013219346156890577,67.34693877551027,1.610841866761701,1,1,1,1,1,1,1,1,0,1,1,1,0,1,1,0,0,1,1
2025-08-14,2025-08-13,1.295,1.325,1.283,1.286,-0.0092,-0.006949806949806847,-0.042800000000000005,-0.13478691999999992,-0.13132606767999988,0.0141,0.027809658463999964,0.016444792482380732,0.02398232881035023,75.0,1.3392894343713178,1,1,1,0,1,1,0,1,0,1,1,1,0,1,1,0,0,0,0
2025-08-15,2025-08-14,1.285,1.315,1.277,1.312,0.0202,0.02101167315175112,-0.0031,-0.045767319999999945,-0.1374690805479999,-0.0092,0.01672704633199995,0.005944931163955003,0.011642542479546991,56.923076923077,1.5745320671011716,1,0,0,0,1,1,0,0,1,1,1,1,0,1,1,1,1,1,1
2025-08-18,2025-08-15,1.314,1.357,1.311,1.349,0.0282,0.026636225266362112,0.0697,0.0663839300000002,0.02074269779600013,0.0202,0.025066639655999978,0.018475392019872805,0.028575908431657027,68.53932584269667,1.1184777114729176,0,0,0,0,0,0,0,1,0,1,1,1,0,1,0,0,0,1,1
2025-08-19,2025-08-18,1.346,1.346,1.324,1.325,-0.0178,-0.015601783060921304,-0.0087,0.060393609999999986,0.05710638980900007,0.0282,0.03931911931199994,0.03371647509578524,0.052467329822508235,89.0909090909091,1.5010936016479937,1,0,0,0,0,0,1,1,0,1,1,1,0,1,1,0,0,0,0
2025-08-20,2025-08-19,1.32,1.365,1.307,1.364,0.0294,0.03333333333333344,0.0467,0.03759370999999989,0.10991399158699999,-0.0178,0.030297980407999914,0.008371385083713712,0.030046254907295733,72.72727272727272,0.8647829774810003,0,0,0,0,0,0,0,0,1,1,1,1,0,1,0,1,1,1,1
2025-08-21,2025-08-20,1.379,1.383,1.355,1.366,0.0015,-0.00942712110224797,0.0209,0.06857602999999979,0.05927941853899976,0.0294,0.03958904237600014,0.02772754671488853,0.056258953808030476,76.92307692307693,1.1230205811268468,0,0,0,0,0,0,0,1,0,1,1,1,0,1,0,0,0,1,0
2025-08-22,2025-08-21,1.368,1.455,1.368,1.445,0.057800000000000004,0.056286549707602385,0.016399999999999998,0.03764276,0.08610067689199985,0.0015,0.012593295020000062,0.01697438951757002,0.054419143187958596,74.28571428571429,0.8375310279368009,0,0,0,0,0,0,0,1,0,1,1,1,0,1,0,0,0,1,1
2025-08-25,2025-08-22,1.477,1.499,1.416,1.435,-0.0069,-0.028436018957346043,-0.08470000000000001,-0.06968908000000007,-0.050245581772,0.057800000000000004,0.09053266898000012,0.054898525332165216,0.10893672537508148,88.40579710144927,0.966804251784926,1,1,1,1,1,1,1,1,0,1,1,1,0,1,0,0,0,0,0
2025-08-26,2025-08-25,1.425,1.46,1.413,1.44,0.0034999999999999996,0.010526315789473717,0.0073,-0.07801830999999992,-0.06289781028399999,-0.0069,0.05207693177000006,0.03460706560922855,0.09525263318577326,82.19895287958114,1.667809468917411,0,0,0,0,1,1,0,0,1,1,1,1,0,1,1,1,1,1,1
2025-08-27,2025-08-26,1.428,1.494,1.425,1.425,-0.0104,-0.0021008403361343353,-0.0233,-0.016170089999999915,-0.0995004833769999,0.0034999999999999996,0.05417793413000016,0.02127659574468077,0.09351862398906463,78.61635220125785,0.6001408231632361,1,1,0,0,1,1,1,1,0,1,1,1,0,1,0,0,0,0,0
2025-08-28,2025-08-27,1.426,1.499,1.425,1.499,0.0519,0.05119214586255283,-0.0075,-0.030625249999999937,-0.02354881432499989,-0.0104,-0.013788538839999975,0.001968780762199307,0.07689401095786885,83.33333333333339,1.1961872990433846,1,0,0,0,1,1,0,0,1,1,1,0,0,1,0,1,1,1,1
2025-08-29,2025-08-28,1.489,1.489,1.435,1.456,-0.0287,-0.022162525184687754,-0.012,-0.019409999999999927,-0.04225774699999996,0.0519,0.044603600840000146,0.034649364991717224,0.12297261864628983,86.48648648648653,1.5390543821733633,1,0,0,0,1,1,0,1,0,1,1,1,0,1,1,0,0,0,0
2025-09-01,2025-08-29,1.461,1.497,1.45,1.493,0.0254,0.021902806297056765,0.0868,0.0737584,0.06570521200000012,-0.0287,0.011084681112000228,0.003445899379737938,0.08280965306957189,69.91150442477874,0.9622565991657916,0,0,0,0,0,0,0,0,1,1,1,1,0,1,0,1,1,1,1
2025-09-02,2025-08-29,1.492,1.5,1.43,1.442,-0.0342,-0.03351206434316356,0.0868,0.0737584,0.06570521200000012,0.0254,0.04766191593800029,0.020784903596335447,0.10091066622423783,63.04347826086957,0.9247853954732048,0,0,0,0,0,0,0,1,0,1,1,1,0,1,0,0,0,0,0
2025-09-03,2025-09-02,1.442,1.472,1.426,1.434,-0.0055000000000000005,-0.00554785020804438,0.0294,0.11875192000000001,0.10532689696000008,-0.0342,-0.03809118888399987,-0.014354066985646008,0.05644895417414553,51.55555555555553,0.9265251243407194,0,0,0,0,0,0,0,0,1,0,1,0,0,0,0,1,1,0,0
2025-09-04,2025-09-03,1.427,1.431,1.318,1.339,-0.0662,-0.0616678346180799,0.0163,0.046179219999999965,0.136987576296,-0.0055000000000000005,-0.015115502259999802,-0.02102676133260528,0.044580419580419584,48.684210526315795,0.8300966436245839,0,0,0,0,0,0,0,0,1,0,1,0,0,0,0,1,1,0,0
2025-09-05,2025-09-04,1.339,1.388,1.339,1.386,0.0351,0.0351008215085884,-0.0335,-0.017746049999999958,0.011132216130000039,-0.0662,-0.10309621221999998,-0.06546621998883295,-0.026748073847942977,36.03896103896105,1.4553424104325492,1,1,0,0,1,0,1,0,1,0,0,0,1,0,1,1,1,1,1
2025-09-08,2025-09-05,1.42,1.42,1.358,1.418,0.0231,-0.0014084507042253502,-0.0305,-0.0629782499999999,-0.04770479547499995,0.0351,-0.03873979009000006,-0.02311812799548929,0.0029306414848582207,29.893238434163692,0.5958832294334563,1,1,0,0,1,1,0,1,0,0,1,0,1,0,0,0,0,1,0
2025-09-09,2025-09-08,1.414,1.416,1.37,1.379,-0.0275,-0.024752475247524663,-0.021400000000000002,-0.051247299999999996,-0.08303051544999984,0.0231,-0.01109570562200024,0.010115401054281214,0.02043753598157716,42.96296296296296,0.5879024828710927,1,1,0,0,1,1,0,1,0,1,1,0,1,0,0,0,0,0,0
2025-09-10,2025-09-09,1.379,1.393,1.37,1.379,0.0,0.0,-0.0029,-0.024237940000000013,-0.05399868282999998,-0.0275,0.029888012724999857,-0.00876940770557788,-0.011150550356745836,29.044117647058812,0.5182263666082527,1,0,0,0,1,1,0,0,1,0,0,1,1,0,0,1,1,0,0
2025-09-11,2025-09-10,1.369,1.432,1.363,1.43,0.037000000000000005,0.04455807158509861,-0.0527,-0.05544716999999999,-0.07566060056199997,0.0,-0.005035250000000047,-0.0008694392117083449,-0.014014014014014031,35.74660633484163,0.5416079866196823,1,1,1,0,1,1,0,0,0,0,0,0,1,0,0,0,0,1,1
2025-09-12,2025-09-11,1.433,1.458,1.428,1.436,0.0042,0.0020935101186321248,-0.018500000000000003,-0.0702250499999999,-0.07292139735499992,0.037000000000000005,0.008482499999999948,0.02259725400457646,0.017214397496087663,49.24242424242424,1.762922890860288,1,0,0,0,1,1,0,1,0,1,1,1,0,0,1,0,0,1,1
2025-09-15,2025-09-12,1.453,1.49,1.43,1.436,0.0,-0.011699931176875511,-0.0063,-0.02468344999999994,-0.07608263218499989,0.0042,0.04135539999999982,0.01959670548139747,0.016997167138810054,77.71428571428574,0.6762465648100835,1,0,0,0,1,1,0,1,0,1,1,1,0,1,0,0,0,0,0
2025-09-16,2025-09-15,1.436,1.449,1.425,1.437,0.0007000000000000001,0.0006963788300835549,-0.023799999999999998,-0.02995006,-0.04789598388999994,0.0,0.04135539999999982,0.016997167138810276,0.013873689412927659,69.53125000000003,0.9177640252790044,1,1,0,0,1,1,0,0,0,1,1,1,0,1,0,0,0,1,1
2025-09-17,2025-09-16,1.443,1.503,1.427,1.493,0.039,0.03465003465003469,-0.0195,-0.04283590000000004,-0.04886603382999999,0.0007000000000000001,0.0049029399999998,0.009412756392245036,0.010584057104680245,59.79381443298976,0.9724881885767418,1,0,0,0,1,1,0,1,0,1,1,1,0,1,0,0,0,1,1
2025-09-18,2025-09-17,1.493,1.601,1.49,1.546,0.0355,0.03549899531145351,0.0033,-0.016264349999999927,-0.03967725846999992,0.039,0.0397272999999998,0.03221792035398252,0.045225427051246214,,1.2394693243423547,0,0,0,0,1,1,0,1,0,1,1,1,0,0,1,0,0,1,1
2025-09-19,2025-09-18,1.55,1.58,1.531,1.539,-0.0045000000000000005,-0.007096774193548483,-0.1023,-0.09933758999999998,-0.11690050699499999,0.0355,0.07663761914999978,0.05198693522046827,0.07555308195352728,,3.46191686769341,1,1,1,1,1,1,1,1,0,1,1,1,0,0,1,0,0,0,0
2025-09-22,2025-09-19,1.541,1.571,1.525,1.562,0.0149,0.013627514600908608,0.0165,-0.08748795000000009,-0.084476660235,-0.0045000000000000005,0.07104301975000005,0.032747282243993814,0.0671936758893279,94.30894308943081,0.6650618081444265,0,0,0,0,1,1,0,0,1,1,1,1,0,1,0,1,1,1,1
2025-09-23,2025-09-22,1.59,1.652,1.556,1.652,0.0576,0.03899371069182389,-0.0452,-0.029445800000000077,-0.12873349466000006,0.0149,0.04619976972500006,0.030750956843077715,0.078394145465843,94.99999999999993,0.4843052810876718,1,1,1,0,1,1,1,1,0,1,1,1,0,1,0,0,0,1,1
2025-09-24,2025-09-23,1.645,1.817,1.634,1.808,0.0944,0.0990881458966566,-0.0038,-0.04882824000000008,-0.0331339059600001,0.0576,0.06852812792000007,0.06006160164271046,0.13224358315342166,96.95652173913038,0.7863968941038527,1,0,0,0,1,1,0,1,0,1,1,1,0,1,0,0,0,1,1
2025-09-25,2025-09-24,1.78,1.8,1.747,1.786,-0.012199999999999999,0.003370786516853963,0.0038,-1.4439999999948938e-05,-0.0452137873120001,0.0944,0.17468325785600003,0.115085728382879,0.22310918684887038,98.18181818181816,1.782981107601047,0,0,0,0,1,1,0,1,0,1,1,1,0,1,1,0,0,0,1
2025-09-26,2025-09-25,1.773,1.832,1.766,1.788,0.0011,0.008460236886632888,0.011399999999999999,0.015243320000000171,0.011385395384000185,-0.012199999999999999,0.14331670323199996,0.06984545345633153,0.19660982881645506,91.7378917378917,1.7970349736699824,0,0,0,0,0,0,0,0,1,1,1,1,0,1,1,1,1,1,1
2025-09-29,2025-09-26,1.788,1.826,1.761,1.826,0.0213,0.021252796420581754,-0.005600000000000001,0.005736160000000101,0.009557957408000028,0.0011,0.08223747315200014,0.04001861330851564,0.18477288539906578,90.3333333333333,1.1535718055543873,1,0,0,0,0,0,1,1,0,1,1,1,0,1,0,0,0,1,1
2025-09-30,2025-09-29,1.852,1.859,1.81,1.827,0.0005,-0.013498920086393196,0.0,-0.005600000000000049,0.005736160000000101,0.0213,0.009949864154000121,0.030474040632054278,0.19674924629702462,93.35347432024169,1.0056816707936302,0,0,0,0,1,0,0,1,0,1,1,1,0,1,0,0,0,1,0
2025-10-09,2025-10-08,1.851,1.945,1.839,1.874,0.025699999999999997,0.012425715829281536,-0.1011,-0.042132160000000085,-0.12795711846400004,0.0005,0.022934641715000037,0.011068068622025473,0.18248600368920087,92.88025889967636,0.8529027291490635,1,1,1,1,1,1,1,1,0,1,1,1,0,1,0,0,0,1,1
2025-10-10,2025-10-09,1.828,1.861,1.786,1.806,-0.0363,-0.012035010940919078,0.012199999999999999,-0.09013342000000002,-0.03044617235200009,0.025699999999999997,0.048071183705000076,0.029557191517415538,0.1958776044159407,91.72932330827068,1.0810342821887258,0,0,0,0,1,1,0,1,0,1,1,1,0,1,0,0,0,0,0
2025-10-13,2025-10-10,1.722,1.87,1.722,1.87,0.0354,0.08594657375145198,0.1932,0.20775703999999995,0.085652803256,-0.0363,-0.011038676454999896,-0.009976976208749044,0.13556338028169024,49.438202247191015,0.6880687514365161,0,0,0,0,0,0,0,0,1,0,1,0,0,0,0,1,1,1,1
2025-10-14,2025-10-13,1.891,1.891,1.732,1.744,-0.0674,-0.07773664727657326,-0.1478,0.0168450400000002,0.02925054948799999,0.0354,0.02345882498600016,0.015973052265565668,0.15818159296420164,69.0909090909091,0.8654016231294746,1,1,1,1,0,0,1,1,0,1,1,1,0,1,0,0,0,0,0
2025-10-15,2025-10-14,1.725,1.745,1.697,1.735,-0.0052,0.005797101449275477,0.0641,-0.09317397999999988,0.08202480706400017,-0.0674,-0.06943774965199989,-0.043964477579212846,0.0693482126433258,43.604651162790695,1.3068148046487855,0,0,0,0,1,0,0,0,1,0,1,0,1,0,1,1,1,0,1
2025-10-16,2025-10-15,1.729,1.752,1.71,1.716,-0.011000000000000001,-0.007518796992481258,-0.0915,-0.033265149999999966,-0.17614856082999997,-0.0052,-0.03940715300799991,-0.03920699966773733,0.05234427124401031,35.55555555555557,0.6570977460190177,1,1,1,1,1,1,1,0,1,0,1,0,1,0,0,1,1,0,0
2025-10-17,2025-10-16,1.702,1.716,1.645,1.649,-0.039,-0.031139835487661527,-0.0123,-0.10267455000000003,-0.04515598865499992,-0.011000000000000001,-0.08245477528,-0.03280351707811968,0.03029029449731313,33.33333333333336,0.5466849881809362,1,0,0,0,1,1,0,0,1,0,1,0,1,0,0,1,1,0,0
2025-10-20,2025-10-17,1.674,1.69,1.635,1.645,-0.0024,-0.01732377538829144,0.01,-0.002422999999999953,-0.09370129550000006,-0.039,-0.054513230800000034,-0.05382143676841866,-0.016403220996122903,18.130311614730886,0.7784680610161682,0,0,0,0,1,1,0,0,1,0,0,0,1,0,0,1,1,0,0
2025-10-21,2025-10-20,1.651,1.685,1.648,1.68,0.0213,0.017565112053300913,-0.0493,-0.03979299999999997,-0.05160354609999995,-0.0024,-0.051852029600000016,-0.031099069383908384,-0.02486736417795421,22.14532871972318,1.1223752180779194,1,1,1,0,1,1,1,0,1,0,0,0,1,0,0,1,1,1,1
2025-10-22,2025-10-21,1.658,1.688,1.645,1.665,-0.0089,0.0042219541616406175,0.0155,-0.034564149999999905,-0.024909791499999945,0.0213,-0.020886226319999923,-0.0029673590504452063,-0.011270341052879385,13.461538461538439,1.398367280179997,0,0,0,0,1,1,0,1,0,0,0,0,1,0,1,0,0,0,1
2025-10-23,2025-10-22,1.659,1.661,1.629,1.654,-0.0066,-0.00301386377335755,0.07139999999999999,0.0880067,0.03436796969000011,-0.0089,0.00978112496800021,-0.0035906642728904536,-0.026628862061910064,23.489932885906015,0.6320941068578956,0,0,0,0,0,0,0,0,1,0,0,1,1,0,0,1,1,0,0
2025-10-24,2025-10-23,1.674,1.733,1.67,1.732,0.0472,0.0346475507765831,-0.07139999999999999,-0.005097960000000068,0.010323021619999873,-0.0066,0.005529841161999949,-0.0027734233691064647,-0.03758873501687421,23.178807947019806,0.7956286654039121,1,1,1,1,1,0,1,0,1,0,0,1,1,0,0,1,1,1,1
2025-10-27,2025-10-24,1.77,1.818,1.756,1.797,0.0375,0.015254237288135464,-0.0462,-0.11430132000000004,-0.051062434248000055,0.0472,0.031029912527999803,0.03390639923591232,0.0023728225013022186,53.80952380952382,1.0541951377227285,1,1,1,0,1,1,0,1,0,1,1,1,0,0,0,0,0,1,1
2025-10-28,2025-10-27,1.784,1.822,1.771,1.794,-0.0017000000000000001,0.005605381165919354,-0.086,-0.12822679999999997,-0.19047140648000005,0.0375,0.07929929800000002,0.05358818011257038,0.032284007352941124,85.57692307692307,1.246175853245351,1,1,1,1,1,1,0,1,0,1,1,1,0,1,1,0,0,0,1
2025-10-29,2025-10-28,1.794,1.805,1.763,1.801,0.0039000000000000003,0.0039018952062430667,-0.0029,-0.08865060000000002,-0.13075494227999995,-0.0017000000000000001,0.08462300099999998,0.037954177273779255,0.023738872403560762,85.99033816425124,2.0619428780508633,1,0,0,0,1,1,0,0,1,1,1,1,0,1,1,1,1,1,1
2025-10-30,2025-10-29,1.802,1.818,1.773,1.775,-0.0144,-0.01498335183129862,-0.0472,-0.04996312000000003,-0.13166629168,0.0039000000000000003,0.039775621375000014,0.02586010480747314,0.023382674659772062,83.79888268156428,0.860853684470514,1,1,1,0,1,1,0,1,0,1,1,1,0,1,0,0,0,0,0
2025-10-31,2025-10-30,1.769,1.769,1.694,1.696,-0.044500000000000005,-0.041266252119841695,0.037200000000000004,-0.011755840000000073,-0.014621748064000073,-0.0144,-0.012238214527999891,-0.002696932239577454,0.009555226936639682,78.9473684210526,0.7108348078241863,0,0,0,0,1,1,0,0,1,0,1,0,0,1,0,1,1,0,0
2025-11-03,2025-10-31,1.675,1.686,1.623,1.678,-0.0106,0.0017910447761193549,-0.009000000000000001,0.027865199999999923,-0.020650037440000046,-0.044500000000000005,-0.054586410879999936,-0.04321335890781908,-0.032901864629069855,58.13953488372095,0.8020813495417609,1,0,0,0,0,1,1,0,1,0,0,0,0,1,0,1,1,0,1
2025-11-04,2025-11-03,1.678,1.72,1.67,1.694,0.0095,0.009535160905840279,-0.0151,-0.023964100000000044,0.012344435479999971,-0.0106,-0.06824165248000003,-0.04048490393412629,-0.0401555886054229,36.36363636363634,0.804067794365013,1,0,0,0,1,0,0,0,1,0,0,0,1,0,0,1,1,1,1
2025-11-05,2025-11-04,1.656,1.69,1.642,1.68,-0.0083,0.01449275362318847,0.1162,0.09934538000000015,0.08945127157999999,0.0095,-0.04564726885000003,-0.020129569643683287,-0.027331189710610992,15.436241610738207,1.0855225968573516,0,0,0,0,0,0,0,1,0,0,0,0,1,0,0,0,0,0,1
2025-11-06,2025-11-05,1.69,1.746,1.681,1.737,0.0339,0.02781065088757395,-0.0932,0.012170160000000152,-0.0031136094159998073,-0.0083,-0.009490734189999905,-0.014431538190777915,-0.03128153380423815,14.374999999999957,1.1515325948974284,1,1,1,1,0,1,1,0,1,0,0,0,1,0,0,1,1,1,1
2025-11-07,2025-11-06,1.715,1.761,1.713,1.741,0.0023,0.015160349854227428,0.0785,-0.02201619999999993,0.09162551756000026,0.0339,0.03505915698500006,0.023571007660577736,0.005557485237929871,34.761904761904816,1.1018309160376014,0,0,0,0,1,0,0,1,0,1,1,1,1,0,0,0,0,1,1
2025-11-10,2025-11-07,1.744,1.807,1.744,1.77,0.0167,0.014908256880733939,0.0308,0.11171779999999987,0.00810570104000008,0.0023,0.02767686284900006,0.0205158264947245,0.009772931589479006,40.9574468085107,0.7926907922453803,0,0,0,0,0,0,0,1,0,1,1,1,1,0,0,0,0,1,1
2025-11-11,2025-11-10,1.776,1.807,1.745,1.747,-0.013000000000000001,-0.0163288288288288,-0.0761,-0.04764388000000008,0.02711607541999972,0.0167,0.05358381209899998,0.026443980514961885,0.029578570805339766,76.81159420289855,1.0402830111550523,1,1,1,1,1,0,1,1,0,1,1,1,0,1,0,0,0,0,0
2025-11-12,2025-11-11,1.723,1.76,1.698,1.727,-0.011399999999999999,0.002321532211259525,0.0676,-0.013644359999999911,0.016735393712000057,-0.013000000000000001,0.005790910669999816,0.006916426512968199,0.01611120804978783,74.12587412587419,0.7971285014894717,0,0,0,0,1,0,0,0,1,1,1,1,0,1,0,1,1,0,1
2025-11-13,2025-11-12,1.728,1.754,1.716,1.735,0.0046,0.004050925925926041,-0.041299999999999996,0.02350812000000002,-0.05438084793199993,-0.011399999999999999,-0.007956805060000072,-0.009974776427424947,0.004712316016056706,61.224489795918416,0.8552066422047936,1,1,1,0,0,1,1,0,1,0,1,0,0,1,0,1,1,1,1
2025-11-14,2025-11-13,1.717,1.735,1.684,1.689,-0.0265,-0.016307513104251603,0.10060000000000001,0.055145219999999995,0.12647303687199996,0.0046,-0.019763358279999976,-0.0051605504587156625,0.00880890775358334,69.50354609929083,0.8363613401854684,0,0,0,0,0,0,0,1,0,0,1,0,0,1,0,0,0,0,0
2025-11-17,2025-11-14,1.693,1.729,1.665,1.67,-0.011200000000000002,-0.013585351447135352,0.0078000000000000005,0.10918468000000003,0.06337535271599992,-0.0265,-0.03317085034,-0.025726811259806026,-0.019078316926561478,31.538461538461505,0.9544112696519567,0,0,0,0,0,0,0,0,1,0,0,0,1,0,0,1,1,0,0
2025-11-18,2025-11-17,1.661,1.745,1.661,1.705,0.021,0.026490066225165476,0.054400000000000004,0.06262432000000007,0.16952432659200012,-0.011200000000000002,-0.03297525472000007,-0.025443510737628516,-0.030816551564041617,25.517241379310292,1.0619392814826236,0,0,0,0,0,0,0,0,1,0,0,0,1,0,0,1,1,1,1
2025-11-19,2025-11-18,1.695,1.73,1.688,1.697,-0.004699999999999999,0.0011799410029498247,0.0688,0.12694271999999995,0.13573287321600014,0.021,-0.017188667200000007,-0.00011728829462820389,-0.011221619740771849,28.476821192053038,1.4010127078067731,0,0,0,0,0,0,0,1,0,0,0,0,1,0,1,0,0,0,1
2025-11-20,2025-11-19,1.72,1.723,1.653,1.657,-0.0236,-0.03662790697674412,-0.0506,0.014718720000000074,0.06991941836800009,-0.004699999999999999,0.004819845439999915,-0.001294726930320178,-0.01677337118688249,31.617647058823565,0.895951178290939,1,1,1,0,0,0,1,0,1,0,0,1,1,0,0,1,1,0,0
2025-11-21,2025-11-20,1.622,1.641,1.585,1.587,-0.042199999999999994,-0.02157829839704073,0.1429,0.08506926000000004,0.15972202508800004,-0.0236,-0.007781050680000123,-0.01579947731052489,-0.04003244307977516,27.564102564102598,0.7925673272603939,0,0,0,0,0,0,0,0,1,0,0,0,1,0,0,1,1,0,0
2025-11-24,2025-11-21,1.591,1.635,1.585,1.621,0.021400000000000002,0.018856065367693242,-0.0275,0.11147024999999999,0.055229855350000134,-0.042199999999999994,-0.06919950082399995,-0.045815295815295976,-0.07670826424644395,16.05504587155967,0.928884178306603,1,1,0,0,0,0,1,0,1,0,0,0,1,0,0,1,1,1,1
2025-11-25,2025-11-24,1.63,1.648,1.617,1.623,0.0012,-0.004294478527607337,-0.1329,-0.15674524999999995,-0.03624414622500005,0.021400000000000002,-0.04479088731199987,-0.01959598403290186,-0.05207450074559228,33.495145631067984,1.0521977593676848,1,1,1,1,1,1,0,1,0,0,0,0,1,0,0,0,0,1,0
2025-11-26,2025-11-25,1.621,1.644,1.604,1.623,0.0,0.0012338062924119875,-0.0075,-0.13940324999999998,-0.16306966062499995,0.0012,-0.020529123695999907,-0.008552229688454482,-0.04613576256244489,37.566137566137606,1.0636591021513284,1,0,0,0,1,1,0,1,0,0,0,0,1,0,0,0,0,0,1
2025-11-27,2025-11-26,1.63,1.662,1.61,1.613,-0.0062,-0.010429447852760676,-0.081,-0.08789249999999993,-0.20911158674999997,0.0,0.022625680000000203,0.0004931574405129258,-0.04112017015242819,23.376623376623385,0.8794016834816927,1,1,1,1,1,1,0,0,0,1,0,1,1,0,0,0,0,0,0
2025-11-28,2025-11-26,1.613,1.662,1.602,1.649,0.0223,0.022318660880347174,-0.081,-0.08789249999999993,-0.20911158674999997,-0.0062,-0.005007439999999863,-0.00024792363951897656,-0.04244582962303345,23.07692307692308,0.9771795039284985,1,1,1,1,1,1,0,0,1,0,0,0,1,0,0,1,1,1,1
2025-12-01,2025-11-28,1.649,1.678,1.628,1.678,0.0176,0.017586416009702788,-0.055099999999999996,-0.13163689999999995,-0.13814962325000002,0.0223,0.015961740000000058,0.014269897896420192,-0.01970692268822638,47.368421052631575,1.2643182023439157,1,1,1,0,1,1,0,1,0,1,0,1,0,0,1,0,0,1,1
2025-12-02,2025-12-01,1.667,1.679,1.646,1.655,-0.0137,-0.007198560287942413,0.0,-0.05510000000000004,-0.13163689999999995,0.0176,0.03384266662400015,0.024920596139750728,-0.002467080819189782,90.99099099099098,0.8547633267888158,0,0,0,0,1,1,0,1,0,1,0,1,0,1,0,0,0,0,0
2025-12-03,2025-12-02,1.647,1.675,1.646,1.653,-0.0012,0.0036429872495447047,-0.061200000000000004,-0.06120000000000003,-0.11292788000000009,-0.0137,0.02604047302399981,0.006935994159162906,-0.014998214498273987,67.00000000000003,0.6898969612779656,1,1,1,1,1,1,0,0,1,1,0,1,0,1,0,1,1,0,1
2025-12-04,2025-12-03,1.645,1.714,1.633,1.694,0.0248,0.029787234042553123,-0.0621,-0.1194994800000001,-0.1194994800000001,-0.0012,0.002454489343999944,0.0020611057225994323,-0.015397444679393746,65.00000000000003,0.7218831459388211,1,1,1,1,1,1,0,0,1,1,0,1,0,1,0,1,1,1,1
2025-12-05,2025-12-04,1.69,1.699,1.671,1.696,0.0012,0.0035502958579882726,0.0331,-0.031055510000000175,-0.09035491278800023,0.0248,0.009547327711999953,0.016928802977548285,0.010317886324327619,75.17730496453903,1.1259587270104507,0,0,0,0,1,1,0,1,0,1,1,1,0,1,0,0,0,1,1
2025-12-08,2025-12-05,1.705,1.733,1.68,1.725,0.0171,0.011730205278592365,-0.0353,-0.003368430000000089,-0.06525925049700021,0.0012,0.024798524288,0.012416427889207382,0.012869897578309475,81.20300751879702,0.9725010444144627,1,1,0,0,1,1,1,1,0,1,1,1,0,1,0,0,0,1,1
2025-12-09,2025-12-08,1.707,1.737,1.707,1.714,-0.0064,0.004100761570005718,-0.026600000000000002,-0.06096101999999992,-0.02987882976200007,0.0171,0.04357486889600004,0.023981954173097453,0.03157517043415847,80.15873015873021,1.1880535126862641,1,1,0,0,1,1,0,1,0,1,1,1,0,1,0,0,0,0,1
2025-12-10,2025-12-09,1.71,1.731,1.683,1.726,0.006999999999999999,0.009356725146198785,0.0,-0.026599999999999957,-0.06096101999999992,-0.0064,0.011803268672000211,0.010374911577458068,0.02600939810242142,66.66666666666666,0.9111007056263334,0,0,0,0,1,1,0,0,1,1,1,1,0,1,0,1,1,1,1
2025-12-11,2025-12-10,1.733,1.749,1.72,1.721,-0.0029,-0.006924408540103899,-0.0375,-0.03749999999999998,-0.06310249999999995,0.006999999999999999,0.01766469392000003,0.008766803039158555,0.033223585752768514,86.5979381443298,1.1681775291230456,1,1,0,0,1,1,1,1,0,1,1,1,0,1,0,0,0,0,0
2025-12-12,2025-12-11,1.716,1.788,1.695,1.782,0.0354,0.03846153846153855,0.0177,-0.020463749999999892,-0.020463749999999892,-0.0029,-0.0023464100800000276,0.0026800279655092574,0.0306623547730267,84.0,0.9883965486733307,0,0,0,0,1,1,0,0,1,1,1,0,0,1,0,1,1,1,1
2025-12-15,2025-12-12,1.775,1.797,1.764,1.764,-0.0101,-0.006197183098591519,0.1463,0.1665895100000001,0.12284240337500019,0.0354,0.03962412137999993,0.02791878172588813,0.06423004568664314,86.66666666666667,1.3531814887357778,0,0,0,0,0,0,0,1,0,1,1,1,0,1,1,0,0,0,0
2025-12-16,2025-12-15,1.741,1.77,1.723,1.75,-0.0079,0.005169442848937278,0.0152,0.1637237600000001,0.18432167055200033,-0.0101,0.021970126866000195,0.01297806362696674,0.050531518923264906,75.0,0.887449690677469,0,0,0,0,0,0,0,0,1,1,1,1,0,1,0,1,1,0,1
2025-12-17,2025-12-16,1.744,1.776,1.716,1.77,0.011399999999999999,0.014908256880733939,0.015,0.0304279999999999,0.1811796163999999,-0.0079,0.016845414566000194,0.0008006405124099114,0.04079933388842627,60.33057851239666,0.9677975298180959,0,0,0,0,0,0,0,0,1,1,1,1,0,1,0,1,1,1,1
2025-12-18,2025-12-17,1.766,1.774,1.74,1.74,-0.0169,-0.014722536806342057,0.1091,0.12573649999999992,0.14284769479999992,0.011399999999999999,-0.006724500393999966,0.007169682485489881,0.050413934304620156,71.53846153846158,1.0837187144378566,0,0,0,0,0,0,0,1,0,1,1,0,0,1,0,0,0,0,0
2025-12-19,2025-12-18,1.751,1.77,1.731,1.737,-0.0017000000000000001,-0.00799543118218149,-0.0745,0.02647204999999997,0.04186913074999987,-0.0169,-0.013547687985999923,-0.01203724733136502,0.03007340753019183,54.72972972972973,0.7483373112087641,1,1,1,1,0,0,1,0,1,0,1,0,0,0,0,1,1,0,0
2025-12-22,2025-12-19,1.734,1.817,1.732,1.815,0.0449,0.04671280276816603,-0.0776,-0.14631879999999997,-0.05318218108000006,-0.0017000000000000001,-0.007382982477999955,-0.00867480881177951,0.02375198915541943,55.47945205479452,0.9519444682000167,1,1,1,1,1,1,0,0,1,0,1,0,0,1,0,1,1,1,1
2025-12-23,2025-12-22,1.815,1.859,1.803,1.844,0.016,0.01597796143250707,-0.034300000000000004,-0.10923832,-0.17560006515999993,0.0449,0.02549487997699984,0.029845665002269595,0.06364275668073138,60.12269938650305,1.2905836418235177,1,1,0,0,1,1,0,1,0,1,1,1,0,1,1,0,0,1,1
2025-12-24,2025-12-23,1.844,1.857,1.829,1.852,0.0043,0.00433839479392617,-0.028999999999999998,-0.06230530000000001,-0.13507040871999998,0.016,0.05981364872000006,0.03525713002470243,0.07368482343008531,72.98850574712647,1.1049929279346786,1,1,0,0,1,1,0,1,0,1,1,1,0,1,0,0,0,1,1
2025-12-25,2025-12-24,1.851,1.866,1.829,1.855,0.0016,0.002160994057266441,-0.0066,-0.03540860000000012,-0.0684940850200001,0.0043,0.06618335911999984,0.03026257231864693,0.07120134189368965,80.35714285714289,1.033866127893322,1,0,0,0,1,1,0,1,0,1,1,1,0,1,0,0,0,1,1
2025-12-26,2025-12-24,1.852,1.856,1.822,1.83,-0.013500000000000002,-0.011879049676025932,-0.0066,-0.03540860000000012,-0.0684940850200001,0.0016,0.022001390080000016,0.018894869823135263,0.06547960941987352,78.14569536423843,0.8169810800979511,1,0,0,0,1,1,0,1,0,1,1,1,0,1,0,0,0,0,0
2025-12-29,2025-12-26,1.831,1.835,1.797,1.806,-0.0131,-0.01365374112506823,0.0,-0.00660000000000005,-0.03540860000000012,-0.013500000000000002,-0.00767286288000002,-0.005002174858634079,0.045684409016885086,80.82191780821927,0.8954040089424468,0,0,0,0,1,1,0,0,1,0,1,0,0,1,0,1,1,0,0
2025-12-30,2025-12-29,1.797,1.843,1.797,1.814,0.0044,0.009460211463550472,0.01,0.010000000000000009,0.003333999999999948,-0.0131,-0.024865427039999832,-0.017089365407641166,0.028210310569614983,70.65868263473055,0.9800738458731914,0,0,0,0,0,0,0,0,1,0,1,0,0,1,0,1,1,1,1
2025-12-31,2025-12-30,1.838,1.844,1.795,1.811,-0.0017000000000000001,-0.014689880304679104,0.0033,0.01333300000000004,0.01333300000000004,0.0044,-0.022139411860000013,-0.009500928251610752,0.028111539333484314,49.484536082474285,1.209392536751154,0,0,0,0,0,0,0,1,0,0,1,0,0,0,1,0,0,0,0
2026-01-05,2026-01-02,1.83,1.911,1.828,1.911,0.0552,0.04426229508196711,-0.12140000000000001,-0.0924062,-0.08941114045999987,-0.0017000000000000001,-0.010442752012000067,-0.006691531373409387,0.021836032274445527,26.760563380281567,1.9117745029987445,1,1,1,1,1,1,1,0,1,0,1,0,1,0,1,1,1,1,1
2026-01-06,2026-01-05,1.906,2.029,1.905,1.983,0.0377,0.04039874081846806,-0.04,-0.15654400000000002,-0.12870995200000002,0.0552,0.05804114710399988,0.04175752289576984,0.07169895970613793,68.09815950920243,1.453363607170082,1,1,1,0,1,1,0,1,0,1,1,1,0,1,1,0,0,1,1
2026-01-07,2026-01-06,2.04,2.147,2.035,2.134,0.0761,0.046078431372548856,-0.09849999999999999,-0.13456,-0.23962441600000006,0.0377,0.09311957223199996,0.06327077747989285,0.10319888734353277,77.58620689655173,1.4782418403537545,1,1,1,1,1,1,0,1,0,1,1,1,0,1,1,0,0,1,1
2026-01-08,2026-01-07,2.122,2.164,2.1,2.118,-0.0075,-0.0018850141376060003,0.0294,-0.0719959,-0.10911606399999996,0.0761,0.178309097144,0.10535584792292574,0.17384966583239336,92.45810055865918,1.5020757602881591,0,0,0,0,1,1,0,1,0,1,1,1,0,1,1,0,0,0,0
2026-01-09,2026-01-08,2.076,2.116,2.07,2.109,-0.0042,0.01589595375722541,0.049,0.07984060000000004,-0.026523699100000075,-0.0075,0.1082939527250002,0.06357336547152759,0.15224546418953833,94.57142857142854,1.1324247141595605,0,0,0,0,0,1,0,0,1,1,1,1,0,1,0,1,1,0,1
2026-01-12,2026-01-09,2.11,2.163,2.11,2.138,0.0138,0.013270142180094702,-0.0817,-0.036703300000000105,-0.008382377019999998,-0.0042,0.06354352715000022,0.028278888347147868,0.13551930221288977,92.02279202279202,0.743960733804799,1,1,1,1,1,1,1,0,1,1,1,1,0,1,0,1,1,1,1
2026-01-13,2026-01-12,2.124,2.16,2.057,2.067,-0.0332,-0.026836158192090398,-0.0169,-0.09721926999999997,-0.05298301423000018,0.0138,0.0019704747000000022,0.019843541308910417,0.1383542315576496,93.36870026525202,0.7369316675455547,1,0,0,0,1,1,0,1,0,1,1,1,0,1,0,0,0,0,0
2026-01-14,2026-01-13,2.044,2.17,2.043,2.116,0.023700000000000002,0.03522504892367917,-0.0216,-0.03813495999999994,-0.11671933376799992,-0.0332,-0.023974755727999897,-0.021862578080635853,0.09226379201014612,72.41379310344833,0.77722304722508,1,1,0,0,1,1,0,0,1,0,1,0,0,1,0,1,1,1,1
2026-01-15,2026-01-14,2.086,2.223,2.082,2.223,0.0506,0.06567593480345169,0.0044,-0.01729504000000004,-0.03390275382399999,0.023700000000000002,0.003371201608000085,0.0030337504740238774,0.10785340314136116,70.46153846153851,0.9728196631804603,0,0,0,0,1,1,0,1,0,1,1,1,0,1,0,0,0,1,1
2026-01-16,2026-01-15,2.27,2.316,2.24,2.31,0.0391,0.017621145374449254,-0.0482,-0.04401208000000001,-0.06466141907200007,0.0506,0.03979264589600007,0.043368065333708516,0.14963928322085174,65.83629893238438,1.9029450684096987,1,1,1,0,1,1,1,1,0,1,1,1,0,1,1,0,0,1,1
2026-01-19,2026-01-16,2.335,2.335,2.268,2.294,-0.0069,-0.017558886509635996,-0.0369,-0.08332142000000009,-0.07928803424800002,0.0391,0.11755123950199997,0.0641238253178551,0.17818070537831843,77.27272727272734,1.7431764657544322,1,1,0,0,1,1,0,1,0,1,1,1,0,1,1,0,0,0,0
2026-01-20,2026-01-16,2.269,2.305,2.244,2.272,-0.0096,0.00132216835610377,-0.0369,-0.08332142000000009,-0.07928803424800002,-0.0069,0.08414587862599987,0.041780199818346686,0.15372042145497522,75.76601671309196,1.0645915118587792,1,1,0,0,1,1,0,0,1,1,1,1,0,1,0,1,1,0,1
2026-01-21,2026-01-20,2.25,2.32,2.25,2.279,0.0031,0.01288888888888895,0.0383,-1.3270000000065174e-05,-0.0482126303860001,-0.0096,0.0220236799839999,0.01292911279536324,0.1274874696044861,69.0340909090909,0.6403097406094169,0,0,0,0,1,1,0,0,1,1,1,1,0,1,0,1,1,1,1
2026-01-22,2026-01-21,2.3,2.314,2.206,2.226,-0.0233,-0.032173913043478164,-0.0922,-0.057431260000000095,-0.09221204650600012,0.0031,-0.013384704655999946,0.001494111443135937,0.11808860324780457,86.80555555555549,0.6478866517924007,1,1,1,1,1,1,1,1,0,1,1,0,0,1,0,0,0,0,0
2026-01-23,2026-01-22,2.226,2.274,2.191,2.273,0.021099999999999997,0.021114106019766377,-0.0051,-0.09682978000000009,-0.06223836057400012,-0.0233,-0.029677616591999967,-0.0220543010280293,0.08194808982210544,68.83561643835613,0.7466133434690948,1,0,0,0,1,1,0,0,1,0,1,0,0,1,0,1,1,1,1
2026-01-26,2026-01-23,2.273,2.273,2.168,2.185,-0.0387,-0.03871535415750116,0.030600000000000002,0.025343939999999954,-0.06919277126800016,0.021099999999999997,0.00040002594700006,0.0018511988716503058,0.09360340638456544,60.775862068965544,1.0932596608841865,0,0,0,0,0,1,0,1,0,1,1,1,0,1,0,0,0,0,0
2026-01-27,2026-01-26,2.165,2.248,2.164,2.23,0.0206,0.03002309468822162,0.019799999999999998,0.05100587999999995,0.045645750012,-0.0387,-0.041287463918999956,-0.02759234534935484,0.042984319434831386,23.175965665236106,1.2612929681477576,0,0,0,0,0,0,0,0,1,0,1,0,1,0,1,1,1,1,1
2026-01-28,2026-01-27,2.235,2.272,2.216,2.265,0.015700000000000002,0.013422818791946511,-0.0728,-0.05444143999999995,-0.025507348064000013,0.0206,0.0018040486579997683,-0.0038416867685162615,0.05439844913591352,37.786259541984734,0.9307847712310628,1,1,1,1,1,1,1,1,0,0,1,1,1,0,0,0,0,1,1
2026-01-29,2026-01-28,2.257,2.257,2.156,2.16,-0.0464,-0.04297740363314129,-0.0785,-0.14558519999999997,-0.12866778695999992,0.015700000000000002,-0.0034939063540000426,0.013060202164773216,0.059450862996398346,48.72727272727278,0.8159877501281322,1,1,1,1,1,1,0,1,0,1,1,0,0,0,0,0,0,0,0
2026-01-30,2026-01-29,2.148,2.179,2.095,2.154,-0.0028000000000000004,0.0027932960893852776,0.0,-0.07850000000000001,-0.14558519999999997,-0.0464,-0.011475906688000026,-0.028165211913974475,0.0022271714922050823,34.04825737265419,1.0674515420747321,0,0,0,0,1,1,0,0,1,0,1,0,1,0,0,1,1,0,1
2026-02-02,2026-01-30,2.123,2.137,2.049,2.049,-0.0487,-0.03485633537447019,0.1193,0.11929999999999996,0.03143494999999996,-0.0028000000000000004,-0.03414048025600003,-0.020374749863561914,-0.00844707344580764,38.95705521472394,0.8251731876347068,0,0,0,0,0,0,0,0,1,0,0,0,1,0,0,1,1,0,0
2026-02-03,2026-02-02,2.102,2.117,2.065,2.117,0.0332,0.007136060894386453,-0.060899999999999996,0.05113462999999996,0.05113462999999996,-0.0487,-0.095380367104,-0.05645606925769031,-0.059768268899850985,20.83333333333333,0.9424250218866853,1,1,1,1,0,0,1,0,1,0,0,0,1,0,0,1,1,1,1
2026-02-04,2026-02-03,2.096,2.124,2.078,2.105,-0.005699999999999999,0.004293893129770909,0.0649,4.759000000009728e-05,0.11935326748699993,0.0332,-0.019868912848000186,-0.014890646812470876,-0.03154235000800565,40.65934065934066,0.9439433030036044,0,0,0,0,0,0,0,1,0,0,0,0,1,0,0,0,0,0,1
2026-02-05,2026-02-04,2.057,2.126,2.034,2.106,0.0005,0.02382109868740878,0.132,0.20546680000000017,0.13205387188000017,-0.005699999999999999,-0.022719274012000024,-0.005668398677373676,-0.03639276722362095,31.117824773413915,0.6372119272263308,0,0,0,0,0,0,0,0,1,0,0,0,1,0,0,1,1,1,1
2026-02-06,2026-02-05,2.071,2.125,2.071,2.093,-0.0062,0.010622887493964228,0.0045000000000000005,0.13709400000000005,0.2108914006,0.0005,0.0278244153799998,-9.495774380419153e-05,-0.03567013141627373,23.232323232323196,0.8975709506226697,0,0,0,0,0,0,0,1,0,0,0,1,1,0,0,0,0,0,1
2026-02-09,2026-02-06,2.125,2.152,2.114,2.138,0.0215,0.006117647058823561,-0.16519999999999999,-0.16144340000000001,-0.05075392879999996,-0.0062,-0.01137059233000004,-0.0004775549188158479,-0.04127158627639593,33.65853658536581,1.210125038426343,1,1,1,1,1,1,1,0,1,0,0,0,1,0,1,1,1,1,1
2026-02-10,2026-02-09,2.136,2.158,2.12,2.135,-0.0014000000000000002,-0.00046816479400768607,-0.0321,-0.19199708000000004,-0.18836106685999998,0.0215,0.015674283350000096,0.01240647788616367,-0.020658696349228234,46.72131147540982,0.7635386575401577,1,1,0,0,1,1,0,1,0,1,0,1,0,0,0,0,0,0,0
2026-02-11,2026-02-10,2.135,2.139,2.108,2.114,-0.0098,-0.00983606557377048,0.0055000000000000005,-0.02677655000000001,-0.18755306394000004,-0.0014000000000000002,0.013745466620000313,0.00926538716082037,-0.02355362451406351,80.28169014084504,0.7477449377635074,0,0,0,0,1,1,0,0,1,1,0,1,0,1,0,1,1,0,0
2026-02-12,2026-02-11,2.128,2.138,2.102,2.124,0.004699999999999999,-0.001879699248120259,-0.07690000000000001,-0.07182294999999994,-0.10161743330499995,-0.0098,0.010073214980000245,-0.0015114301908178973,-0.03311379436516648,48.42105263157888,1.127023570594109,1,1,1,1,1,1,1,0,1,0,0,1,0,0,0,1,1,1,0
2026-02-13,2026-02-12,2.119,2.18,2.109,2.149,0.0118,0.014157621519584662,0.0774,-0.005452060000000092,1.795367000001491e-05,0.004699999999999999,-0.006538855516000086,0.0015088645794041344,-0.026335694148387434,60.215053763440935,0.788428404177464,0,0,0,0,1,0,0,1,0,1,0,0,0,1,0,0,0,1,1
2026-02-24,2026-02-23,2.164,2.174,2.103,2.16,0.0051,-0.001848428835489857,0.0235,-0.005772099999999836,0.01749283286000014,0.0118,0.006593216491999954,0.00797373358348974,-0.011226649489279428,68.37606837606845,1.4374823236457035,0,0,0,0,1,0,0,1,0,1,0,1,0,1,1,0,0,1,0
2026-02-25,2026-02-24,2.173,2.277,2.138,2.262,0.0472,0.040957202024850314,-0.046,-0.023580999999999963,-0.05150658339999992,0.0051,0.021739892845999975,0.011046620483055936,-0.003092260119075041,79.13043478260872,0.8335880017749134,1,1,1,0,1,1,1,1,0,1,0,1,0,1,0,0,0,1,1
2026-02-26,2026-02-25,2.262,2.3,2.208,2.282,0.0088,0.008841732979663952,-0.042199999999999994,-0.08625880000000008,-0.0647858818,0.0472,0.064960700496,0.046350263669164615,0.04422490998061113,86.04651162790698,1.4991433031683659,1,1,1,0,1,1,0,1,0,1,1,1,0,1,1,0,0,1,1
2026-02-27,2026-02-26,2.245,2.249,2.211,2.234,-0.021,-0.004899777282850848,0.0818,0.03614804000000005,-0.011514769839999994,0.0088,0.06180307833599996,0.039446114603261195,0.05338472545987494,88.88888888888894,1.4265909880010021,0,0,0,0,0,1,0,1,0,1,1,1,0,1,1,0,0,0,0
2026-03-02,2026-02-27,2.182,2.243,2.178,2.195,-0.0175,0.005957836846929299,0.0407,0.12582925999999994,0.07831926522800003,-0.021,0.03423063743999988,0.007486245151979709,0.031037267797392465,77.77777777777777,1.0211053438693543,0,0,0,0,0,0,0,0,1,1,1,1,0,1,0,1,1,0,1
2026-03-03,2026-03-02,2.2,2.22,2.069,2.078,-0.0533,-0.055454545454545645,0.0,0.04069999999999996,0.12582925999999994,-0.0175,-0.02966806600000005,-0.014192041677894562,0.014864646184432617,64.48979591836729,0.7874934145340815,0,0,0,0,0,0,0,0,1,0,1,0,0,1,0,1,1,0,0
2026-03-04,2026-03-03,2.032,2.106,2.032,2.061,-0.008199999999999999,0.01427165354330695,0.1508,0.15080000000000005,0.19763756,-0.0533,-0.08940003775000005,-0.05981359153017807,-0.03684820393974508,39.46587537091986,0.9908851958358479,0,0,0,0,0,0,0,0,1,0,0,0,1,0,0,1,1,0,1
2026-03-05,2026-03-04,2.098,2.146,2.074,2.093,0.0155,-0.0023832221163011535,-0.06309999999999999,0.0781845200000002,0.0781845200000002,-0.008199999999999999,-0.07749433854999987,-0.05023041474654377,-0.040971592098834386,35.568513119533506,0.95772614186564,1,1,1,1,0,0,1,0,1,0,0,0,1,0,0,1,1,1,0
2026-03-09,2026-03-06,2.0,2.025,1.952,2.017,-0.028399999999999998,0.008499999999999952,0.1267,,,-0.008100000000000001,-0.000985200489999949,-0.011710939731505277,-0.028203627852545265,11.851851851851862,0.6151937181536559,0,0,0,0,0,0,0,0,1,0,0,0,1,0,0,1,1,0,1
2026-03-10,2026-03-09,2.05,2.078,2.032,2.065,0.023799999999999998,0.007317073170731714,-0.1193,-0.00771530999999992,,-0.028399999999999998,-0.021332144379999862,-0.02324455205811138,-0.05278482201559109,11.387900355871892,1.0983411109451675,1,1,1,1,1,0,1,0,1,0,0,0,1,0,0,1,1,1,1
2026-03-11,2026-03-10,2.066,2.072,2.026,2.041,-0.0116,-0.012100677637947643,-0.0241,-0.14052487000000002,-0.031629371028999986,0.023799999999999998,-0.013333185047999851,0.0012606671838633066,-0.03060745469908921,27.586206896551744,0.9910819044168168,1,1,0,0,1,1,0,1,0,1,0,0,1,0,0,0,0,0,0
2026-03-12,2026-03-11,2.03,2.054,1.988,2.007,-0.0167,-0.011330049261083608,-0.0281,-0.05152279000000004,-0.164676121153,-0.0116,-0.01681471932800005,-0.008453167508744586,-0.04016177577125657,40.609137055837586,1.7257785701878898,1,1,0,0,1,1,0,0,1,0,0,0,1,0,1,1,1,0,0
2026-03-13,2026-03-12,1.981,2.027,1.976,1.988,-0.0095,0.0035335689045936647,0.1065,0.0754073500000001,0.04949003286500009,-0.0167,-0.0049752094639999855,-0.016754850088183337,-0.053971246759368374,37.383177570093494,0.5383726356146636,0,0,0,0,0,0,0,0,1,0,0,0,1,0,0,1,1,0,1
2026-03-16,2026-03-13,1.985,2.016,1.938,2.015,0.013600000000000001,0.015113350125944613,-0.0108,0.09454980000000002,0.06379295062000012,-0.0095,-0.037339270340000064,-0.01759240956710817,-0.06031385895254293,23.880597014925385,0.6352067366619407,1,0,0,0,0,0,1,0,1,0,0,0,1,0,0,1,1,1,1
2026-03-17,2026-03-16,2.02,2.024,1.957,1.96,-0.0273,-0.02970297029702973,-0.0591,-0.06926172000000008,0.029861906819999895,0.013600000000000001,-0.012795512359999872,-0.004052985369711326,-0.04579248946346537,35.54502369668249,1.248288826949298,1,1,1,0,1,0,0,1,0,0,0,0,1,0,1,0,0,0,0
2026-03-18,2026-03-17,1.964,2.006,1.964,2.004,0.022400000000000003,0.020366598778004175,-0.0203,-0.07820027000000007,-0.08815570708400011,-0.0273,-0.02343760283999996,-0.02107681550294671,-0.0679094540612516,36.23188405797105,0.6028135342674468,1,1,0,0,1,1,0,0,1,0,0,0,1,0,0,1,1,1,1
2026-03-19,2026-03-18,1.961,1.983,1.949,1.957,-0.0235,-0.0020397756246812726,0.0165,-0.004134949999999971,-0.06299057445500011,0.022400000000000003,0.008013523328000094,0.004611991177060348,-0.044007155635062745,34.975369458128114,0.8874208120566505,0,0,0,0,1,1,0,1,0,1,0,1,1,0,0,0,0,0,0
2026-03-20,2026-03-19,1.963,1.996,1.945,1.948,-0.0046,-0.007641365257259336,-0.0152,0.0010491999999999724,-0.01927209875999991,-0.0235,-0.028881999279999904,-0.014006449012494926,-0.06291898103811511,31.415929203539875,0.8067525736225376,1,0,0,0,0,1,1,0,1,0,0,0,1,0,0,1,1,0,0
2026-03-23,2026-03-20,1.935,1.935,1.844,1.855,-0.04769999999999999,-0.04134366925064603,0.0669,0.05068311999999997,0.06801939148000002,-0.0046,-0.0062189185600001196,-0.014569000404694554,-0.06328140026928264,35.3233830845771,0.787033000402452,0,0,0,0,0,0,0,0,1,0,0,0,1,0,0,1,1,0,0
2026-03-24,2026-03-23,1.874,1.888,1.84,1.885,0.016200000000000003,0.005869797225186657,-0.0362,0.02827822000000002,0.012648391056000019,-0.04769999999999999,-0.07435668636999992,-0.04617441382147269,-0.10165141169063885,25.81818181818184,1.2050272036340866,1,1,0,0,0,0,1,0,1,0,0,0,1,0,1,1,1,1,1
2026-03-25,2026-03-24,1.9,1.97,1.9,1.946,0.032400000000000005,0.02421052631578946,-0.0441,-0.07870358,-0.01706884950200005,0.016200000000000003,-0.036724285396000034,-0.02321484091615722,-0.08100333958998607,26.61870503597123,1.00270070583259,1,1,1,0,1,1,0,1,0,0,0,0,1,0,0,0,0,1,1
2026-03-26,2026-03-25,1.934,1.934,1.896,1.901,-0.0231,-0.01706308169596682,-0.0384,-0.08080655999999997,-0.11408136252799994,0.032400000000000005,-0.0009183767760000405,0.014492753623188248,-0.04389908369567874,47.53521126760563,1.3852966106872893,1,1,0,0,1,1,0,1,0,1,0,0,0,0,1,0,0,0,0
2026-03-27,2026-03-26,1.861,1.958,1.861,1.946,0.023700000000000002,0.045674368619021966,0.1433,0.09939728000000003,0.05091385995200004,-0.0231,0.024890095271999924,-0.0031463030938647663,-0.05718395080097216,31.929824561403507,0.6882473581957187,0,0,0,0,0,0,0,0,1,0,0,1,1,0,0,1,1,1,1
2026-03-30,2026-03-27,1.901,2.006,1.901,1.991,0.0231,0.047343503419253086,0.0466,0.19657777999999992,0.15062919324799995,0.023700000000000002,0.032454231972000036,0.02066505821881881,-0.027923472700934093,48.05653710247348,0.8281054445196291,0,0,0,0,0,0,0,1,0,1,0,1,0,0,0,0,0,1,1
2026-03-31,2026-03-30,1.981,1.986,1.912,1.919,-0.0362,-0.03129732458354373,0.1309,0.1835999399999999,0.3532098114019999,0.0231,0.02315374344300003,0.029579067121729086,-0.0003514585529947878,56.73981191222573,1.4027944094089342,0,0,0,0,0,0,0,1,0,1,0,1,0,1,1,0,0,0,0
2026-04-01,2026-03-31,1.96,1.98,1.94,1.952,0.0172,-0.004081632653061273,-0.1822,-0.07514998000000006,-0.03205196906800012,-0.0362,0.009433491586000153,-0.011130578171699379,-0.03264020163831127,60.73825503355706,1.9419925475089905,1,1,1,1,1,1,1,0,1,0,0,1,0,1,1,1,1,1,0
2026-04-02,2026-04-01,1.943,1.948,1.865,1.883,-0.0353,-0.03088008234688633,-0.09029999999999999,-0.25604734000000007,-0.1586639368060001,0.0172,0.0030240770159999375,0.005252858172829278,-0.013294242531466494,61.12956810631229,0.7290229328108304,1,1,1,1,1,1,0,1,0,1,0,1,0,1,0,0,0,0,0
2026-04-03,2026-04-02,1.89,1.904,1.875,1.883,0.0,-0.0037037037037036535,-0.0091,-0.09857827000000008,-0.2628173092060001,-0.0353,-0.05422996080799991,-0.0284800330203282,-0.043093810346579886,39.805825242718456,0.8170464280156294,1,0,0,0,1,1,0,0,1,0,0,0,1,0,0,1,1,0,0
2026-04-07,2026-04-06,1.892,1.911,1.882,1.891,0.0042,-0.0005285412262155953,-0.0384,-0.04715055999999995,-0.13319286443200007,0.0,-0.018707159999999945,-0.02212297465724966,-0.03837806092485241,46.59090909090909,0.5345995777939182,1,1,0,0,1,1,0,0,0,0,0,0,0,0,0,0,0,1,0
2026-04-08,2026-04-07,1.953,2.033,1.928,2.033,0.0751,0.040962621607782745,-0.032400000000000005,-0.06955583999999992,-0.07802288185599993,0.0042,-0.031248260000000028,-0.007661628883291471,-0.03117555139995376,37.8854625550661,0.6086494970161447,1,1,0,0,1,1,0,1,0,0,0,0,1,0,0,0,0,1,1
2026-04-09,2026-04-08,2.005,2.08,1.999,2.052,0.009300000000000001,0.02344139650872834,-0.1935,-0.2196306,-0.24959678495999993,0.0751,0.07961541999999988,0.054241858535573506,0.04243045763363673,56.48148148148145,1.4878939683359875,1,1,1,1,1,1,0,1,0,1,1,1,0,1,1,0,0,1,1
2026-04-10,2026-04-09,2.085,2.107,2.072,2.073,0.0102,-0.0057553956834532904,-0.0653,-0.24616444999999998,-0.27058872182000004,0.009300000000000001,0.08965584340599997,0.053171833299117344,0.05187615337297524,74.53874538745389,1.1720074665068485,1,1,1,1,1,1,0,1,0,1,1,1,0,1,0,0,0,1,0
2026-04-13,2026-04-10,2.048,2.078,2.044,2.049,-0.0116,0.00048828125,-0.0599,-0.12128852999999995,-0.29131919944499995,0.0102,0.096166433986,0.043596455900120956,0.060846425464408105,73.35907335907336,1.0513730772982424,1,1,1,0,1,1,0,1,0,1,1,1,0,1,0,0,0,0,1
2026-04-14,2026-04-13,2.077,2.135,2.072,2.116,0.0327,0.01877708233028419,-0.0536,-0.11028935999999989,-0.16838746479199995,-0.0116,0.007767559623999887,0.01455733808674986,0.04693048565516178,88.78504672897195,0.9353606966367704,1,1,1,0,1,1,0,0,1,1,1,1,0,1,0,1,1,1,1
2026-04-15,2026-04-14,2.139,2.139,2.068,2.08,-0.017,-0.027582982702197167,-0.0611,-0.11142503999999998,-0.16465068010399997,0.0327,0.03113203093599992,0.02489586360554097,0.07838140862297438,91.45907473309609,0.9812421438909875,1,1,1,1,1,1,0,1,0,1,1,1,0,1,0,0,0,0,0
2026-04-16,2026-04-15,2.081,2.106,2.061,2.104,0.0115,0.011052378664103912,-0.0052,-0.06598228000000006,-0.11604562979199995,-0.017,0.0033684284399999598,0.002892960462873795,0.056803170409511106,80.58252427184465,1.5221215763691853,1,0,0,0,1,1,0,0,1,1,1,1,0,1,1,1,1,1,1
2026-04-17,2026-04-16,2.094,2.122,2.068,2.105,0.0005,0.005253104106972328,-0.0315,-0.03653619999999991,-0.09540383817999998,0.0115,0.02681825714999997,0.00940318556898867,0.06628826272045418,68.586387434555,0.710184888375985,1,1,0,0,1,1,0,1,0,1,1,1,0,1,0,0,0,1,1
2026-04-20,2026-04-17,2.093,2.138,2.07,2.13,0.011899999999999999,0.017677974199713287,-0.0695,-0.09881074999999995,-0.10349693409999994,0.0005,-0.005198347750000054,0.006791658695236347,0.06280924972230628,65.31791907514449,0.7635646219198233,1,1,1,1,1,1,0,1,0,1,1,0,0,1,0,0,0,1,1
2026-04-21,2026-04-20,2.123,2.127,2.077,2.098,-0.015,-0.01177578897786169,-0.0127,-0.08131735000000007,-0.110255853475,0.011899999999999999,0.024048618424999946,0.010915994304698584,0.07051314268482667,66.10169491525423,1.2061345876497496,1,0,0,0,1,1,0,1,0,1,1,1,0,1,1,0,0,0,0
2026-04-22,2026-04-21,2.089,2.166,2.089,2.166,0.032400000000000005,0.036859741503111554,-0.0231,-0.035506630000000095,-0.10253891921500002,-0.015,-0.00278013924999998,-0.0025672720357515777,0.048030571721157767,63.24324324324322,0.7327522104693556,1,1,0,0,1,1,0,0,1,0,1,0,0,1,0,1,1,1,1
2026-04-23,2026-04-22,2.173,2.179,2.113,2.141,-0.0115,-0.014726184997699066,-0.07690000000000001,-0.09822361000000002,-0.10967617015300002,0.032400000000000005,0.02901527660000003,0.021409035178723057,0.0744580584354384,63.440860215053725,1.044017046498272,1,1,1,1,1,1,0,1,0,1,1,1,0,1,0,0,0,0,0
2026-04-24,2026-04-23,2.139,2.175,2.126,2.158,0.0079,0.008882655446470267,-0.0655,-0.13736304999999993,-0.15728996354500002,-0.0115,0.0052194889999999106,0.006109022556391119,0.056944684422284064,67.42857142857143,0.8984063721337225,1,1,1,1,1,1,0,0,1,1,1,1,0,1,0,1,1,1,1
2026-04-27,2026-04-24,2.182,2.316,2.168,2.294,0.063,0.051329055912007426,-0.1389,-0.19530205,-0.25718332235499997,0.0079,0.028589566459999993,0.009071355092116429,0.058621535442727524,66.07142857142856,1.649260619190189,1,1,1,1,1,1,0,1,0,1,1,1,0,1,1,0,0,1,1
2026-04-28,2026-04-27,2.272,2.347,2.241,2.287,-0.0031,0.006602112676056482,0.0377,-0.10643652999999997,-0.16496493728499995,0.063,0.05907662645,0.05646126922722683,0.11581302592538534,81.18811881188121,1.2347691257826774,0,0,0,0,1,1,0,1,0,1,1,1,0,1,1,0,0,0,1
2026-04-29,2026-04-28,2.245,2.284,2.212,2.284,-0.0013,0.017371937639198087,0.1112,0.1530922400000001,-0.007072272136000035,-0.0031,0.06807636712999998,0.03521636791598759,0.10445742985463857,77.5438596491228,1.0105912509822563,0,0,0,0,0,1,0,0,1,1,1,1,0,1,0,1,1,0,1
2026-04-30,2026-04-29,2.295,2.375,2.26,2.358,0.032400000000000005,0.027450980392156987,-0.07629999999999999,0.026415439999999846,0.06511130208800009,-0.0013,0.058327083890000075,0.022930849158007804,0.09337226836448953,86.32812499999996,0.7913303495088893,1,1,1,1,0,0,1,0,1,1,1,1,0,1,0,1,1,1,1
2026-05-06,2026-05-05,2.432,2.515,2.403,2.403,0.0191,-0.011924342105263164,-0.132,-0.1132512,-0.13462184607999994,0.032400000000000005,0.027861600572000045,0.03593708812933838,0.11793291454308386,86.64122137404577,0.7820751113367331,1,1,1,1,1,1,1,1,0,1,1,1,0,1,0,0,0,1,0
2026-05-07,2026-05-06,2.412,2.466,2.386,2.463,0.025,0.021144278606965328,-0.1477,-0.2602036,-0.24422399775999992,0.0191,0.050751085508000005,0.03345948735592641,0.1253951527924131,96.45390070921978,1.039895717450624,1,1,1,1,1,1,0,1,0,1,1,1,0,1,0,0,0,1,1
2026-05-08,2026-05-07,2.418,2.462,2.388,2.414,-0.0199,-0.0016542597187758634,0.0805,-0.0790898499999999,-0.20064998979999993,0.025,0.0784218109999999,0.044086477320898654,0.13803858149474424,96.92307692307686,1.0931728804642755,0,0,0,0,1,1,0,1,0,1,1,1,0,1,0,0,0,0,0
2026-05-11,2026-05-08,2.453,2.607,2.451,2.58,0.0688,0.05177333876885459,-0.16510000000000002,-0.09789055000000002,-0.23113211576499992,-0.0199,0.023790407749999742,0.012414024492535036,0.10208181154127116,75.21008403361343,1.084002167919989,1,1,1,1,1,1,1,0,1,1,1,1,0,1,0,1,1,1,1
2026-05-12,2026-05-11,2.585,2.654,2.53,2.628,0.018600000000000002,0.01663442940038684,-0.07339999999999999,-0.22638166000000004,-0.16410538363000005,0.0688,0.07371915199999979,0.05581928302504502,0.1633412242137302,86.90176322418135,1.2190048007355234,1,1,1,1,1,1,0,1,0,1,1,1,0,1,1,0,0,1,1
2026-05-13,2026-05-12,2.568,2.753,2.568,2.739,0.042199999999999994,0.06658878504672883,0.0915,0.011383900000000002,-0.1555955818900001,0.018600000000000002,0.06701495436800009,0.052210121716848246,0.16979368364826075,88.91402714932129,1.5616314558034055,0,0,0,0,0,1,0,1,0,1,1,1,0,1,1,0,0,1,1
2026-05-14,2026-05-13,2.753,2.765,2.664,2.681,-0.0212,-0.026153287322920438,-0.067,0.018369499999999928,-0.05637882129999994,0.042199999999999994,0.1346219624959999,0.067919525888958,0.20139482860714497,89.77035490605428,1.250667538609299,1,1,1,1,0,1,1,1,0,1,1,1,0,1,1,0,0,0,0
2026-05-15,2026-05-14,2.684,2.934,2.605,2.805,0.0463,0.04508196721311486,-0.0096,-0.07595680000000005,0.008593152799999837,-0.0212,0.03907931969599998,0.027833154424168116,0.15987799865885055,78.25203252032523,0.6799923512137978,1,0,0,0,1,0,0,0,1,1,1,1,0,1,0,1,1,1,1
2026-05-18,2026-05-15,2.821,2.916,2.787,2.827,0.0078000000000000005,0.002126905352711761,0.1161,0.10538544000000005,0.03132461551999999,0.0463,0.06733623816800005,0.044070572470781055,0.1957031416513917,80.75539568345326,1.040350347082866,0,0,0,0,0,0,0,1,0,1,1,1,0,1,0,0,0,1,1
2026-05-19,2026-05-18,2.768,2.977,2.747,2.977,0.053099999999999994,0.07550578034682087,0.078,0.20315580000000022,0.19160550432000023,0.0078000000000000005,0.03210656383200017,0.03326023391812871,0.18619532151473828,89.03591682419662,1.154869251038846,0,0,0,0,0,0,0,1,0,1,1,1,0,1,0,0,0,1,1
2026-05-20,2026-05-19,2.977,3.159,2.962,3.143,0.0558,0.0557608330534094,-0.002,0.07584400000000002,0.2007494884000003,0.053099999999999994,0.11045302653400002,0.06101646589208065,0.2266677654621121,88.69395711500977,1.1764035463972373,1,0,0,0,0,0,1,1,0,1,1,1,0,1,0,0,0,1,1
2026-05-21,2026-05-20,3.182,3.284,2.965,2.981,-0.051500000000000004,-0.06316781898177248,-0.14,-0.14172000000000007,-0.07477416000000003,0.0558,0.12053551124399986,0.08882422226841258,0.2679522349523962,90.80824088748021,1.226523848723204,1,1,1,1,1,1,0,1,0,1,1,1,0,1,1,0,0,0,0
2026-05-22,2026-05-21,2.966,3.024,2.888,3.007,0.0087,0.01382333108563727,-0.029300000000000003,-0.16519799999999996,-0.1668676040000001,-0.051500000000000004,0.05460203652999995,0.011674472273128345,0.18230313125904773,67.74193548387098,1.4225070746200927,1,1,0,0,1,1,0,0,1,1,1,1,0,1,1,1,1,1,1
2026-05-25,2026-05-22,2.969,3.219,2.887,3.169,0.053899999999999997,0.0673627484001349,-0.0676,-0.09491932000000003,-0.22163061519999994,0.0087,0.010138708810000008,0.006695681285570743,0.1714975845410629,75.07692307692308,1.2427838861043718,1,1,1,1,1,1,0,1,0,1,1,1,0,1,1,0,0,1,1
2026-05-26,2026-05-22,3.157,3.157,2.988,3.081,-0.0278,-0.02407348748812166,-0.0676,-0.09491932000000003,-0.22163061519999994,0.053899999999999997,0.008320880104999873,0.03718007462198081,0.2109516803912952,76.45348837209302,0.9329899174148667,1,1,1,1,1,1,0,1,0,1,1,1,0,1,0,0,0,0,0
2026-05-27,2026-05-26,3.077,3.133,2.953,2.961,-0.038900000000000004,-0.03769905752356195,-0.1863,-0.24130612000000007,-0.2635358506840001,-0.0278,0.033515613745999984,0.0015603666861712107,0.1565532386118358,66.84350132625995,0.8564766259728506,1,1,1,1,1,1,0,0,1,1,1,1,0,1,0,1,1,0,0
2026-05-28,2026-05-27,2.912,3.017,2.907,3.001,0.013500000000000002,0.030563186813186816,0.0382,-0.15521666,-0.212324013784,-0.038900000000000004,-0.015255421462000096,-0.025922758076189267,0.09500388299249285,48.89502762430939,0.8248001598636502,0,0,0,0,1,1,0,0,1,0,1,0,0,0,0,1,1,1,1
2026-05-29,2026-05-28,3.014,3.019,2.787,2.829,-0.057300000000000004,-0.061380225613802186,-0.0337,0.0032126599999999783,-0.18368585855800001,0.013500000000000002,-0.05300443083000006,-0.014061370655102268,0.09547536914344112,38.127090301003356,0.6554559602638017,1,1,0,0,0,1,1,1,0,0,1,0,1,0,0,0,0,0,0
2026-06-01,2026-05-29,2.787,2.83,2.679,2.683,-0.0516,-0.03731611051309658,0.0032,-0.03060783999999983,0.006422940511999986,-0.057300000000000004,-0.08173963890500002,-0.05957050728010094,0.022573241040284797,37.50000000000003,0.9743940378995793,0,0,0,0,1,0,0,0,1,0,1,0,1,0,0,1,1,0,0
2026-06-02,2026-06-01,2.682,2.783,2.655,2.73,0.0175,0.017897091722595126,-0.0111,-0.007935519999999863,-0.04136809297599986,-0.0516,-0.09387355481999993,-0.07832360013740991,-0.0371433698187692,27.74725274725273,0.8863757545068974,1,0,0,0,1,1,1,0,1,0,0,0,1,0,0,1,1,1,1
2026-06-03,2026-06-02,2.733,2.888,2.733,2.806,0.0278,0.026710574460300007,-0.1741,-0.18326748999999998,-0.18065394596799988,0.0175,-0.09029732809999991,-0.039003097718952495,-0.02677266407614698,14.19249592169659,1.0718017348835036,1,1,1,1,1,1,0,1,0,0,0,0,1,0,0,0,0,1,1
2026-06-04,2026-06-03,2.749,2.931,2.749,2.915,0.0388,0.060385594761731554,-0.050300000000000004,-0.2156427700000001,-0.22434913525300004,0.0278,-0.008176083399999867,-0.001352409424158263,-0.006813556322449177,27.121464226289547,0.9082974257607529,1,1,1,0,1,1,0,1,0,0,0,0,1,0,0,0,0,1,1
2026-06-05,2026-06-04,2.853,2.925,2.807,2.826,-0.0305,-0.009463722397476393,0.0591,0.00582726999999994,-0.16928725770700015,0.0388,0.0863630162000002,0.04383012246651852,0.0235791913197676,46.10169491525425,0.8214520087889561,0,0,0,0,0,1,0,1,0,1,1,1,0,0,0,0,0,0,0
2026-06-08,2026-06-05,2.655,2.81,2.655,2.736,-0.0318,0.03050847457627137,0.3154,0.39314013999999986,0.3230651909579998,-0.0305,0.03511444147999998,0.012177650429799458,-0.014798933221774835,36.30672926447576,0.8363460299257383,0,0,0,0,0,0,0,0,1,1,0,1,1,0,0,1,1,0,1
2026-06-09,2026-06-08,2.802,2.963,2.79,2.963,0.083,0.05745895788722333,-0.1681,0.09428125999999981,0.15895328246599982,-0.0318,-0.02490970788000002,-0.023763648041104646,-0.04876140808344187,41.65170556552964,0.8356605793556048,1,1,1,1,0,0,1,0,1,0,0,0,1,0,0,1,1,1,1
2026-06-10,2026-06-09,2.904,3.079,2.904,3.026,0.0213,0.04201101928374662,0.042199999999999994,-0.13299382000000004,0.1404599291719999,0.083,0.016579501699999888,0.03994103608030297,0.024196335983408312,71.94357366771162,0.9860903263422172,0,0,0,0,1,0,0,1,0,1,1,1,0,1,0,0,0,1,1
2026-06-11,2026-06-10,3.027,3.184,3.027,3.184,0.052199999999999996,0.05186653452262968,0.1079,0.15465337999999984,-0.03944385317800014,0.0213,0.07089494077999992,0.045900732752661266,0.04081035994978244,72.62996941896024,1.1395912972648985,0,0,0,0,0,1,0,1,0,1,1,1,0,1,0,0,0,1,1
2026-06-12,2026-06-11,3.349,3.368,3.084,3.106,-0.0245,-0.07255897282770984,-0.24350000000000002,-0.1618736500000001,-0.12650471803000019,0.052199999999999996,0.1638046443800001,0.08042076688157462,0.08576300085251498,75.67934782608697,1.0064310296304972,1,1,1,1,1,1,1,1,0,1,1,1,0,1,0,0,0,0,0
2026-06-15,2026-06-12,3.14,3.258,3.032,3.258,0.0489,0.037579617834394785,-0.050300000000000004,-0.2815519500000001,-0.2040314054050001,-0.0245,0.04828386943000007,0.03429903429903414,0.053756509643602346,63.54609929078013,1.5095323502601041,1,1,1,0,1,1,0,0,1,1,1,1,0,1,1,1,1,1,1
2026-06-16,2026-06-15,3.259,3.308,3.223,3.275,0.0052,0.004909481436023322,-0.1631,-0.20519607000000006,-0.39873082695500006,0.0489,0.07661309179000009,0.04846495462444489,0.0973022127917551,78.12499999999999,0.899691772131049,1,1,1,1,1,1,0,1,0,1,1,1,0,1,0,0,0,1,1
2026-06-17,2026-06-16,3.196,3.523,3.196,3.518,0.0742,0.10075093867334162,0.1722,-0.018985820000000153,-0.06833083325400013,0.0052,0.028522600140000076,0.0331882137674302,0.09752010723860582,88.77697841726615,0.6417232240710811,0,0,0,0,1,1,0,1,0,1,1,1,0,1,0,0,0,1,1
2026-06-18,2026-06-17,3.509,3.6,3.485,3.572,0.015300000000000001,0.01795383300085507,-0.036699999999999997,0.12918026000000005,-0.054989040406000056,0.0742,0.1325873675760001,0.07643351080105254,0.17159270668553828,89.02953586497887,1.0230219174099733,1,1,0,0,0,1,1,1,0,1,1,1,0,1,0,0,0,1,1
2026-06-22,2026-06-18,3.625,3.719,3.554,3.695,0.0344,0.0193103448275862,-0.19510000000000002,-0.22463982999999998,-0.09112280872599998,0.015300000000000001,0.09630656335200038,0.06760714926176115,0.17798370873594305,88.88888888888886,1.0354081783168345,1,1,1,1,1,1,0,1,0,1,1,1,0,1,0,0,0,1,1
2026-06-23,2026-06-22,3.679,3.783,3.573,3.681,-0.0038,0.0005436259853222047,-0.0808,-0.2601359200000001,-0.287288931736,0.0344,0.1281531129440001,0.06680910035800913,0.20487820784556687,88.30584707646173,1.2217901787439431,1,1,1,1,1,1,0,1,0,1,1,1,0,1,1,0,0,0,1
2026-06-24,2026-06-23,3.59,3.916,3.59,3.887,0.055999999999999994,0.08272980501392757,0.2242,0.12528464000000006,-0.0942583932640001,-0.0038,0.04623545998400003,0.03742742799165777,0.1903760954629241,97.67827529021562,1.3333704265894726,0,0,0,0,0,1,0,0,1,1,1,1,0,1,1,1,1,1,1
2026-06-25,2026-06-24,3.934,4.047,3.895,4.008,0.0311,0.01881037112353834,0.009899999999999999,0.23631957999999997,0.13642495793600018,0.055999999999999994,0.08817555968000002,0.05895493924698947,0.24082232011747418,97.86910197869105,1.0605523859509642,0,0,0,0,0,0,0,1,0,1,1,1,0,1,0,0,0,1,1
2026-06-26,2026-06-25,3.973,4.206,3.956,4.147,0.0347,0.04379562043795637,-0.1103,-0.10149196999999999,0.09995353032599996,0.0311,0.08470400192000005,0.06352491641458369,0.2584184995054868,98.16031537450725,1.0562332490164645,1,1,1,1,1,0,1,1,0,1,1,1,0,1,0,0,0,1,1
2026-06-29,2026-06-26,4.22,4.531,4.14,4.519,0.0897,0.07085308056872042,0.168,0.039169599999999916,0.049457379039999916,0.0347,0.1266244035199997,0.06782366876094348,0.27905004240882114,97.86910197869105,1.025621293184221,0,0,0,0,0,0,0,1,0,1,1,1,0,1,0,0,0,1,1
2026-06-30,2026-06-29,4.563,4.664,4.408,4.645,0.0279,0.017970633355248733,-0.125,0.02200000000000002,-0.0907266000000001,0.0897,0.16257823154899986,0.11624345420412996,0.35838280604193296,98.56410256410258,1.4434484549009674,1,1,1,1,0,1,1,1,0,1,1,1,0,1,1,0,0,1,1
2026-07-01,2026-06-30,4.61,4.961,4.582,4.681,0.0078000000000000005,0.015401301518438215,-0.1267,-0.23586250000000009,-0.10748740000000001,0.0279,0.15897019126099998,0.09520890314062047,0.35626377797567765,98.56850715746424,1.3500634697517704,1,1,1,1,1,1,0,1,0,1,1,1,0,1,1,0,0,1,1
2026-07-02,2026-07-01,4.36,4.544,4.213,4.215,-0.09960000000000001,-0.03325688073394506,0.19140000000000001,0.040449619999999964,-0.08960658250000009,0.0078000000000000005,0.12883943051400015,0.06386363636363623,0.3289234612764025,,1.4734388276039385,0,0,0,0,0,1,0,1,0,1,1,1,0,0,1,0,0,0,0
2026-07-03,2026-07-02,4.083,4.267,4.0,4.118,-0.023,0.008572128337007046,0.1684,0.39203176000000006,0.21566133600799997,-0.09960000000000001,-0.06725977495200008,-0.05097491781870578,0.17316336612995253,63.015873015873005,1.162030697411432,0,0,0,0,0,0,0,0,1,0,1,0,0,1,0,1,1,0,1
2026-07-06,2026-07-02,4.198,4.198,3.93,4.071,-0.011399999999999999,-0.0302525011910435,0.1684,0.39203176000000006,0.21566133600799997,-0.023,-0.11344761175999996,-0.07160248895301646,0.12729263618943332,54.44983818770228,0.8912827375481958,0,0,0,0,0,0,0,0,1,0,1,0,0,0,0,1,1,0,0
2026-07-07,2026-07-06,3.99,4.225,3.975,4.148,0.0189,0.0395989974937343,-0.0754,0.08030263999999998,0.287072565296,-0.011399999999999999,-0.13033767511999994,-0.06327657616198812,0.0957539869456967,46.67832167832166,0.742119346118301,1,1,1,1,0,0,1,0,1,0,1,0,0,0,0,1,1,1,1
2026-07-08,2026-07-07,4.138,4.35,3.975,4.215,0.016200000000000003,0.0186080231996133,0.15109999999999998,0.06430705999999997,0.243536368904,0.0189,-0.015883004420000124,-0.023218574859887986,0.09565883487195737,28.150765606595968,0.6849963318898512,0,0,0,0,0,0,0,1,0,0,1,0,1,0,0,0,0,1,1
2026-07-09,2026-07-08,1.44,1.546,1.415,1.546,,0.07361111111111107,-0.0625,0.07915625000000004,-0.0022121312500000823,0.016200000000000003,0.023602549547999896,0.014831222612799122,0.09524613805558091,22.78481012658233,1.0072628192776263,1,1,1,1,0,1,1,1,0,1,1,1,1,0,0,0,0,0,1
2026-07-13,2026-07-10,1.382,1.455,1.339,1.351,-0.06509999999999999,-0.02243125904486243,0.0025,-0.09333900000000006,-0.15000531250000015,-0.0653,,-0.5316045380875203,-0.6081355932203389,4.708960104643566,2.3079741641969997,0,0,0,0,1,1,0,0,1,0,0,0,1,0,1,1,1,0,0
2026-07-14,2026-07-13,1.325,1.382,1.269,1.354,0.0022,0.021886792452830317,0.13970000000000002,0.14254924999999985,0.0333215416999999,-0.06509999999999999,,-0.46831955922865,-0.6246961594555177,4.713584288052374,1.4708337531002726,0,0,0,0,0,0,0,0,1,0,0,0,1,0,1,1,1,1,1
2026-07-15,2026-07-14,1.374,1.378,1.252,1.259,-0.0702,-0.08369723435225629,-0.0796,0.048979879999999865,0.051602329699999894,0.0022,-0.12422649773399996,-0.3169205932801936,-0.6136451184888216,4.8820989704417315,1.1713057891340461,1,1,1,1,0,0,1,1,0,0,0,0,1,0,0,0,0,0,0
2026-07-17,2026-07-16,1.14,1.179,1.088,1.102,-0.054900000000000004,-0.033333333333333215,0.13140000000000002,,,-0.0739,-0.137017826884,-0.11330798479087456,-0.6451774873332015,0.09819967266777496,0.9153070190575466,0,0,0,0,0,0,0,0,1,0,0,0,1,0,0,1,1,0,0
2026-07-20,2026-07-17,1.127,1.139,1.004,1.026,-0.069,-0.08961845607808339,0.054400000000000004,0.19294816000000004,,-0.054900000000000004,-0.186185939122,-0.11585365853658525,-0.6515580288681959,0.6666666666666998,1.2670611529246043,0,0,0,0,0,0,0,0,1,0,0,0,1,0,1,1,1,0,0
2026-07-21,2026-07-20,1.05,1.129,0.99,1.129,0.10039999999999999,0.0752380952380951,-0.015700000000000002,0.037845919999999866,0.17421887388799995,-0.069,-0.18513563058999993,-0.13153885220924322,-0.6612967120031692,0.7058823529412024,1.0959480077775263,1,0,0,0,0,0,1,0,1,0,0,0,1,0,0,1,1,1,1
2026-07-22,2026-07-21,1.176,1.235,1.156,1.174,0.039900000000000005,-0.00170068027210879,-0.1641,-0.17722363000000008,-0.13246459547200018,0.10039999999999999,-0.03177113475999993,-0.006511791622667906,-0.6109043286462641,24.42396313364057,1.054862654200133,1,1,1,1,1,1,0,1,0,0,0,0,1,0,0,0,0,1,0
2026-07-23,2026-07-22,1.186,1.193,1.111,1.13,-0.0375,-0.04721753794266448,-0.013500000000000002,-0.17538465000000003,-0.188331110995,0.039900000000000005,0.06534884876000002,0.04877613006968007,-0.5755527034111245,31.092436974789905,1.1780676740493081,1,0,0,0,1,1,0,1,0,1,0,1,1,0,0,0,0,0,0
2026-07-24,2026-07-23,1.101,1.193,1.097,1.164,0.0301,0.05722070844686633,0.0245,0.010669250000000075,-0.1551815739250001,-0.0375,0.10139448650000005,0.01600431577054473,-0.5690394920005339,34.823529411764696,0.7122364451237173,0,0,0,0,0,1,0,0,1,1,0,1,1,0,0,1,1,1,1
